nohup: ignoring input
INFO:     Will watch for changes in these directories: ['/home/aarav/Aarav/Tradingview recreation/phase1']
INFO:     Uvicorn running on http://0.0.0.0:8000 (Press CTRL+C to quit)
INFO:     Started reloader process [88866] using WatchFiles
/home/aarav/Aarav/Tradingview recreation/phase1/services/api/routes/profiles.py:22: FastAPIDeprecationWarning: `regex` has been deprecated, please use `pattern` instead
  profile_type: str = Query("visible_range", regex="^(visible_range|fixed_range|session|developing)$"),
INFO:     Started server process [88873]
INFO:     Waiting for application startup.
Loading keys from: /home/aarav/Aarav/Tradingview recreation/phase1/services/../keys.env
2026-01-14 19:03:52 [info     ] application_startup
2026-01-14 19:03:52 [info     ] database_initialized
Error restoring order: 'OrderStatus.FILLED' is not a valid OrderStatus
Error restoring order: 'OrderStatus.FILLED' is not a valid OrderStatus
Error restoring order: 'OrderStatus.FILLED' is not a valid OrderStatus
Error restoring order: 'OrderStatus.FILLED' is not a valid OrderStatus
Error restoring order: 'OrderStatus.FILLED' is not a valid OrderStatus
Error restoring order: 'OrderStatus.FILLED' is not a valid OrderStatus
2026-01-14 19:03:52 [info     ] using_alpaca_live_data
2026-01-14 19:03:52 [info     ] starting_ingestion_service     component=ingestion_service mode=live provider=alpaca symbols=['AAPL', 'TSLA', 'MSFT']
2026-01-14 19:03:52 [info     ] using_alpaca_ws_connector      component=ingestion_service mode=live provider=alpaca
2026-01-14 19:03:52 [info     ] alpaca_ws_connecting           connector=alpaca-ws
2026-01-14 19:03:52 [info     ] ingestion_service_started      component=ingestion_service mode=live provider=alpaca
2026-01-14 19:03:52 [info     ] starting_history_backfill      component=ingestion_service days=1 mode=live provider=alpaca
2026-01-14 19:03:52 [info     ] yfinance_connected             connector=yfinance
INFO:     Application startup complete.
2026-01-14 19:03:53 [info     ] alpaca_ws_subscribed_on_connect connector=alpaca-ws symbols=['MSFT', 'TSLA', 'AAPL']
2026-01-14 19:03:54 [debug    ] bar_saved                      bar_index=29473020 component=bar_repository symbol=AAPL timeframe=1m
2026-01-14 19:03:54 [debug    ] bar_saved                      bar_index=29473021 component=bar_repository symbol=AAPL timeframe=1m
2026-01-14 19:03:54 [debug    ] bar_saved                      bar_index=29473022 component=bar_repository symbol=AAPL timeframe=1m
2026-01-14 19:03:54 [debug    ] bar_saved                      bar_index=29473023 component=bar_repository symbol=AAPL timeframe=1m
2026-01-14 19:03:54 [debug    ] bar_saved                      bar_index=29473024 component=bar_repository symbol=AAPL timeframe=1m
2026-01-14 19:03:54 [debug    ] bar_saved                      bar_index=29473025 component=bar_repository symbol=AAPL timeframe=1m
2026-01-14 19:03:54 [debug    ] bar_saved                      bar_index=29473026 component=bar_repository symbol=AAPL timeframe=1m
2026-01-14 19:03:54 [debug    ] bar_saved                      bar_index=29473027 component=bar_repository symbol=AAPL timeframe=1m
2026-01-14 19:03:54 [debug    ] bar_saved                      bar_index=29473028 component=bar_repository symbol=AAPL timeframe=1m
2026-01-14 19:03:54 [debug    ] bar_saved                      bar_index=29473029 component=bar_repository symbol=AAPL timeframe=1m
2026-01-14 19:03:54 [debug    ] bar_saved                      bar_index=29473030 component=bar_repository symbol=AAPL timeframe=1m
2026-01-14 19:03:54 [debug    ] bar_saved                      bar_index=29473031 component=bar_repository symbol=AAPL timeframe=1m
2026-01-14 19:03:54 [debug    ] bar_saved                      bar_index=29473032 component=bar_repository symbol=AAPL timeframe=1m
2026-01-14 19:03:54 [debug    ] bar_saved                      bar_index=29473034 component=bar_repository symbol=AAPL timeframe=1m
2026-01-14 19:03:54 [debug    ] bar_saved                      bar_index=29473035 component=bar_repository symbol=AAPL timeframe=1m
2026-01-14 19:03:54 [debug    ] bar_saved                      bar_index=29473036 component=bar_repository symbol=AAPL timeframe=1m
2026-01-14 19:03:54 [debug    ] bar_saved                      bar_index=29473038 component=bar_repository symbol=AAPL timeframe=1m
2026-01-14 19:03:54 [debug    ] bar_saved                      bar_index=29473039 component=bar_repository symbol=AAPL timeframe=1m
2026-01-14 19:03:54 [debug    ] bar_saved                      bar_index=29473040 component=bar_repository symbol=AAPL timeframe=1m
2026-01-14 19:03:54 [debug    ] bar_saved                      bar_index=29473041 component=bar_repository symbol=AAPL timeframe=1m
2026-01-14 19:03:54 [debug    ] bar_saved                      bar_index=29473042 component=bar_repository symbol=AAPL timeframe=1m
2026-01-14 19:03:54 [debug    ] bar_saved                      bar_index=29473043 component=bar_repository symbol=AAPL timeframe=1m
2026-01-14 19:03:54 [debug    ] bar_saved                      bar_index=29473044 component=bar_repository symbol=AAPL timeframe=1m
2026-01-14 19:03:54 [debug    ] bar_saved                      bar_index=29473045 component=bar_repository symbol=AAPL timeframe=1m
2026-01-14 19:03:54 [debug    ] bar_saved                      bar_index=29473047 component=bar_repository symbol=AAPL timeframe=1m
2026-01-14 19:03:54 [debug    ] bar_saved                      bar_index=29473048 component=bar_repository symbol=AAPL timeframe=1m
2026-01-14 19:03:54 [debug    ] bar_saved                      bar_index=29473049 component=bar_repository symbol=AAPL timeframe=1m
2026-01-14 19:03:54 [debug    ] bar_saved                      bar_index=29473051 component=bar_repository symbol=AAPL timeframe=1m
2026-01-14 19:03:54 [debug    ] bar_saved                      bar_index=29473052 component=bar_repository symbol=AAPL timeframe=1m
2026-01-14 19:03:54 [debug    ] bar_saved                      bar_index=29473058 component=bar_repository symbol=AAPL timeframe=1m
2026-01-14 19:03:54 [debug    ] bar_saved                      bar_index=29473059 component=bar_repository symbol=AAPL timeframe=1m
2026-01-14 19:03:54 [debug    ] bar_saved                      bar_index=29473060 component=bar_repository symbol=AAPL timeframe=1m
2026-01-14 19:03:54 [debug    ] bar_saved                      bar_index=29473061 component=bar_repository symbol=AAPL timeframe=1m
2026-01-14 19:03:54 [debug    ] bar_saved                      bar_index=29473062 component=bar_repository symbol=AAPL timeframe=1m
2026-01-14 19:03:54 [debug    ] bar_saved                      bar_index=29473063 component=bar_repository symbol=AAPL timeframe=1m
2026-01-14 19:03:54 [debug    ] bar_saved                      bar_index=29473064 component=bar_repository symbol=AAPL timeframe=1m
2026-01-14 19:03:54 [debug    ] bar_saved                      bar_index=29473065 component=bar_repository symbol=AAPL timeframe=1m
2026-01-14 19:03:54 [debug    ] bar_saved                      bar_index=29473066 component=bar_repository symbol=AAPL timeframe=1m
2026-01-14 19:03:54 [debug    ] bar_saved                      bar_index=29473067 component=bar_repository symbol=AAPL timeframe=1m
2026-01-14 19:03:54 [debug    ] bar_saved                      bar_index=29473069 component=bar_repository symbol=AAPL timeframe=1m
2026-01-14 19:03:54 [debug    ] bar_saved                      bar_index=29473071 component=bar_repository symbol=AAPL timeframe=1m
2026-01-14 19:03:54 [debug    ] bar_saved                      bar_index=29473073 component=bar_repository symbol=AAPL timeframe=1m
2026-01-14 19:03:54 [debug    ] bar_saved                      bar_index=29473074 component=bar_repository symbol=AAPL timeframe=1m
2026-01-14 19:03:54 [debug    ] bar_saved                      bar_index=29473076 component=bar_repository symbol=AAPL timeframe=1m
2026-01-14 19:03:54 [debug    ] bar_saved                      bar_index=29473077 component=bar_repository symbol=AAPL timeframe=1m
2026-01-14 19:03:54 [debug    ] bar_saved                      bar_index=29473079 component=bar_repository symbol=AAPL timeframe=1m
2026-01-14 19:03:54 [debug    ] bar_saved                      bar_index=29473080 component=bar_repository symbol=AAPL timeframe=1m
2026-01-14 19:03:54 [debug    ] bar_saved                      bar_index=29473083 component=bar_repository symbol=AAPL timeframe=1m
2026-01-14 19:03:54 [debug    ] bar_saved                      bar_index=29473084 component=bar_repository symbol=AAPL timeframe=1m
2026-01-14 19:03:54 [debug    ] bar_saved                      bar_index=29473085 component=bar_repository symbol=AAPL timeframe=1m
2026-01-14 19:03:54 [debug    ] bar_saved                      bar_index=29473086 component=bar_repository symbol=AAPL timeframe=1m
2026-01-14 19:03:54 [debug    ] bar_saved                      bar_index=29473090 component=bar_repository symbol=AAPL timeframe=1m
2026-01-14 19:03:54 [debug    ] bar_saved                      bar_index=29473092 component=bar_repository symbol=AAPL timeframe=1m
2026-01-14 19:03:54 [debug    ] bar_saved                      bar_index=29473093 component=bar_repository symbol=AAPL timeframe=1m
2026-01-14 19:03:54 [debug    ] bar_saved                      bar_index=29473094 component=bar_repository symbol=AAPL timeframe=1m
2026-01-14 19:03:54 [debug    ] bar_saved                      bar_index=29473095 component=bar_repository symbol=AAPL timeframe=1m
2026-01-14 19:03:54 [debug    ] bar_saved                      bar_index=29473096 component=bar_repository symbol=AAPL timeframe=1m
2026-01-14 19:03:54 [debug    ] bar_saved                      bar_index=29473097 component=bar_repository symbol=AAPL timeframe=1m
2026-01-14 19:03:54 [debug    ] bar_saved                      bar_index=29473099 component=bar_repository symbol=AAPL timeframe=1m
2026-01-14 19:03:54 [debug    ] bar_saved                      bar_index=29473100 component=bar_repository symbol=AAPL timeframe=1m
2026-01-14 19:03:54 [debug    ] bar_saved                      bar_index=29473101 component=bar_repository symbol=AAPL timeframe=1m
2026-01-14 19:03:54 [debug    ] bar_saved                      bar_index=29473102 component=bar_repository symbol=AAPL timeframe=1m
2026-01-14 19:03:54 [debug    ] bar_saved                      bar_index=29473103 component=bar_repository symbol=AAPL timeframe=1m
2026-01-14 19:03:54 [debug    ] bar_saved                      bar_index=29473104 component=bar_repository symbol=AAPL timeframe=1m
2026-01-14 19:03:54 [debug    ] bar_saved                      bar_index=29473105 component=bar_repository symbol=AAPL timeframe=1m
2026-01-14 19:03:54 [debug    ] bar_saved                      bar_index=29473106 component=bar_repository symbol=AAPL timeframe=1m
2026-01-14 19:03:54 [debug    ] bar_saved                      bar_index=29473108 component=bar_repository symbol=AAPL timeframe=1m
2026-01-14 19:03:54 [debug    ] bar_saved                      bar_index=29473109 component=bar_repository symbol=AAPL timeframe=1m
2026-01-14 19:03:54 [debug    ] bar_saved                      bar_index=29473110 component=bar_repository symbol=AAPL timeframe=1m
2026-01-14 19:03:54 [debug    ] bar_saved                      bar_index=29473111 component=bar_repository symbol=AAPL timeframe=1m
2026-01-14 19:03:54 [debug    ] bar_saved                      bar_index=29473112 component=bar_repository symbol=AAPL timeframe=1m
2026-01-14 19:03:54 [debug    ] bar_saved                      bar_index=29473113 component=bar_repository symbol=AAPL timeframe=1m
2026-01-14 19:03:54 [debug    ] bar_saved                      bar_index=29473114 component=bar_repository symbol=AAPL timeframe=1m
2026-01-14 19:03:54 [debug    ] bar_saved                      bar_index=29473115 component=bar_repository symbol=AAPL timeframe=1m
2026-01-14 19:03:54 [debug    ] bar_saved                      bar_index=29473117 component=bar_repository symbol=AAPL timeframe=1m
2026-01-14 19:03:54 [debug    ] bar_saved                      bar_index=29473118 component=bar_repository symbol=AAPL timeframe=1m
2026-01-14 19:03:54 [debug    ] bar_saved                      bar_index=29473119 component=bar_repository symbol=AAPL timeframe=1m
2026-01-14 19:03:54 [debug    ] bar_saved                      bar_index=29473120 component=bar_repository symbol=AAPL timeframe=1m
2026-01-14 19:03:54 [debug    ] bar_saved                      bar_index=29473121 component=bar_repository symbol=AAPL timeframe=1m
2026-01-14 19:03:54 [debug    ] bar_saved                      bar_index=29473123 component=bar_repository symbol=AAPL timeframe=1m
2026-01-14 19:03:54 [debug    ] bar_saved                      bar_index=29473124 component=bar_repository symbol=AAPL timeframe=1m
2026-01-14 19:03:54 [debug    ] bar_saved                      bar_index=29473125 component=bar_repository symbol=AAPL timeframe=1m
2026-01-14 19:03:54 [debug    ] bar_saved                      bar_index=29473126 component=bar_repository symbol=AAPL timeframe=1m
2026-01-14 19:03:54 [debug    ] bar_saved                      bar_index=29473127 component=bar_repository symbol=AAPL timeframe=1m
2026-01-14 19:03:54 [debug    ] bar_saved                      bar_index=29473128 component=bar_repository symbol=AAPL timeframe=1m
2026-01-14 19:03:54 [debug    ] bar_saved                      bar_index=29473129 component=bar_repository symbol=AAPL timeframe=1m
2026-01-14 19:03:54 [debug    ] bar_saved                      bar_index=29473130 component=bar_repository symbol=AAPL timeframe=1m
2026-01-14 19:03:54 [debug    ] bar_saved                      bar_index=29473131 component=bar_repository symbol=AAPL timeframe=1m
2026-01-14 19:03:54 [debug    ] bar_saved                      bar_index=29473132 component=bar_repository symbol=AAPL timeframe=1m
2026-01-14 19:03:54 [debug    ] bar_saved                      bar_index=29473133 component=bar_repository symbol=AAPL timeframe=1m
2026-01-14 19:03:54 [debug    ] bar_saved                      bar_index=29473134 component=bar_repository symbol=AAPL timeframe=1m
2026-01-14 19:03:54 [debug    ] bar_saved                      bar_index=29473135 component=bar_repository symbol=AAPL timeframe=1m
2026-01-14 19:03:54 [debug    ] bar_saved                      bar_index=29473136 component=bar_repository symbol=AAPL timeframe=1m
2026-01-14 19:03:54 [debug    ] bar_saved                      bar_index=29473137 component=bar_repository symbol=AAPL timeframe=1m
2026-01-14 19:03:54 [debug    ] bar_saved                      bar_index=29473138 component=bar_repository symbol=AAPL timeframe=1m
2026-01-14 19:03:54 [debug    ] bar_saved                      bar_index=29473350 component=bar_repository symbol=AAPL timeframe=1m
2026-01-14 19:03:54 [debug    ] bar_saved                      bar_index=29473351 component=bar_repository symbol=AAPL timeframe=1m
2026-01-14 19:03:54 [debug    ] bar_saved                      bar_index=29473352 component=bar_repository symbol=AAPL timeframe=1m
2026-01-14 19:03:54 [debug    ] bar_saved                      bar_index=29473353 component=bar_repository symbol=AAPL timeframe=1m
2026-01-14 19:03:54 [debug    ] bar_saved                      bar_index=29473354 component=bar_repository symbol=AAPL timeframe=1m
2026-01-14 19:03:54 [debug    ] bar_saved                      bar_index=29473355 component=bar_repository symbol=AAPL timeframe=1m
2026-01-14 19:03:54 [debug    ] bar_saved                      bar_index=29473356 component=bar_repository symbol=AAPL timeframe=1m
2026-01-14 19:03:54 [debug    ] bar_saved                      bar_index=29473357 component=bar_repository symbol=AAPL timeframe=1m
2026-01-14 19:03:54 [debug    ] bar_saved                      bar_index=29473358 component=bar_repository symbol=AAPL timeframe=1m
2026-01-14 19:03:54 [debug    ] bar_saved                      bar_index=29473359 component=bar_repository symbol=AAPL timeframe=1m
2026-01-14 19:03:54 [debug    ] bar_saved                      bar_index=29473360 component=bar_repository symbol=AAPL timeframe=1m
2026-01-14 19:03:54 [debug    ] bar_saved                      bar_index=29473361 component=bar_repository symbol=AAPL timeframe=1m
2026-01-14 19:03:54 [debug    ] bar_saved                      bar_index=29473362 component=bar_repository symbol=AAPL timeframe=1m
2026-01-14 19:03:54 [debug    ] bar_saved                      bar_index=29473363 component=bar_repository symbol=AAPL timeframe=1m
2026-01-14 19:03:54 [debug    ] bar_saved                      bar_index=29473364 component=bar_repository symbol=AAPL timeframe=1m
2026-01-14 19:03:54 [debug    ] bar_saved                      bar_index=29473365 component=bar_repository symbol=AAPL timeframe=1m
2026-01-14 19:03:54 [debug    ] bar_saved                      bar_index=29473366 component=bar_repository symbol=AAPL timeframe=1m
2026-01-14 19:03:54 [debug    ] bar_saved                      bar_index=29473367 component=bar_repository symbol=AAPL timeframe=1m
2026-01-14 19:03:54 [debug    ] bar_saved                      bar_index=29473368 component=bar_repository symbol=AAPL timeframe=1m
2026-01-14 19:03:54 [debug    ] bar_saved                      bar_index=29473369 component=bar_repository symbol=AAPL timeframe=1m
2026-01-14 19:03:54 [debug    ] bar_saved                      bar_index=29473370 component=bar_repository symbol=AAPL timeframe=1m
2026-01-14 19:03:54 [debug    ] bar_saved                      bar_index=29473371 component=bar_repository symbol=AAPL timeframe=1m
2026-01-14 19:03:54 [debug    ] bar_saved                      bar_index=29473372 component=bar_repository symbol=AAPL timeframe=1m
2026-01-14 19:03:54 [debug    ] bar_saved                      bar_index=29473373 component=bar_repository symbol=AAPL timeframe=1m
2026-01-14 19:03:54 [debug    ] bar_saved                      bar_index=29473374 component=bar_repository symbol=AAPL timeframe=1m
2026-01-14 19:03:54 [debug    ] bar_saved                      bar_index=29473375 component=bar_repository symbol=AAPL timeframe=1m
2026-01-14 19:03:54 [debug    ] bar_saved                      bar_index=29473376 component=bar_repository symbol=AAPL timeframe=1m
2026-01-14 19:03:54 [debug    ] bar_saved                      bar_index=29473377 component=bar_repository symbol=AAPL timeframe=1m
2026-01-14 19:03:54 [debug    ] bar_saved                      bar_index=29473378 component=bar_repository symbol=AAPL timeframe=1m
2026-01-14 19:03:54 [debug    ] bar_saved                      bar_index=29473379 component=bar_repository symbol=AAPL timeframe=1m
2026-01-14 19:03:54 [debug    ] bar_saved                      bar_index=29473380 component=bar_repository symbol=AAPL timeframe=1m
2026-01-14 19:03:54 [debug    ] bar_saved                      bar_index=29473381 component=bar_repository symbol=AAPL timeframe=1m
2026-01-14 19:03:54 [debug    ] bar_saved                      bar_index=29473382 component=bar_repository symbol=AAPL timeframe=1m
2026-01-14 19:03:54 [debug    ] bar_saved                      bar_index=29473383 component=bar_repository symbol=AAPL timeframe=1m
2026-01-14 19:03:54 [debug    ] bar_saved                      bar_index=29473384 component=bar_repository symbol=AAPL timeframe=1m
2026-01-14 19:03:54 [debug    ] bar_saved                      bar_index=29473385 component=bar_repository symbol=AAPL timeframe=1m
2026-01-14 19:03:54 [debug    ] bar_saved                      bar_index=29473386 component=bar_repository symbol=AAPL timeframe=1m
2026-01-14 19:03:54 [debug    ] bar_saved                      bar_index=29473387 component=bar_repository symbol=AAPL timeframe=1m
2026-01-14 19:03:54 [debug    ] bar_saved                      bar_index=29473388 component=bar_repository symbol=AAPL timeframe=1m
2026-01-14 19:03:54 [debug    ] bar_saved                      bar_index=29473389 component=bar_repository symbol=AAPL timeframe=1m
2026-01-14 19:03:54 [debug    ] bar_saved                      bar_index=29473390 component=bar_repository symbol=AAPL timeframe=1m
2026-01-14 19:03:54 [debug    ] bar_saved                      bar_index=29473391 component=bar_repository symbol=AAPL timeframe=1m
2026-01-14 19:03:54 [debug    ] bar_saved                      bar_index=29473392 component=bar_repository symbol=AAPL timeframe=1m
2026-01-14 19:03:54 [debug    ] bar_saved                      bar_index=29473393 component=bar_repository symbol=AAPL timeframe=1m
2026-01-14 19:03:54 [debug    ] bar_saved                      bar_index=29473394 component=bar_repository symbol=AAPL timeframe=1m
2026-01-14 19:03:54 [debug    ] bar_saved                      bar_index=29473395 component=bar_repository symbol=AAPL timeframe=1m
2026-01-14 19:03:54 [debug    ] bar_saved                      bar_index=29473396 component=bar_repository symbol=AAPL timeframe=1m
2026-01-14 19:03:54 [debug    ] bar_saved                      bar_index=29473397 component=bar_repository symbol=AAPL timeframe=1m
2026-01-14 19:03:54 [debug    ] bar_saved                      bar_index=29473398 component=bar_repository symbol=AAPL timeframe=1m
2026-01-14 19:03:54 [debug    ] bar_saved                      bar_index=29473399 component=bar_repository symbol=AAPL timeframe=1m
2026-01-14 19:03:54 [debug    ] bar_saved                      bar_index=29473400 component=bar_repository symbol=AAPL timeframe=1m
2026-01-14 19:03:54 [debug    ] bar_saved                      bar_index=29473401 component=bar_repository symbol=AAPL timeframe=1m
2026-01-14 19:03:54 [debug    ] bar_saved                      bar_index=29473402 component=bar_repository symbol=AAPL timeframe=1m
2026-01-14 19:03:54 [debug    ] bar_saved                      bar_index=29473403 component=bar_repository symbol=AAPL timeframe=1m
2026-01-14 19:03:54 [debug    ] bar_saved                      bar_index=29473404 component=bar_repository symbol=AAPL timeframe=1m
2026-01-14 19:03:54 [debug    ] bar_saved                      bar_index=29473405 component=bar_repository symbol=AAPL timeframe=1m
2026-01-14 19:03:54 [debug    ] bar_saved                      bar_index=29473406 component=bar_repository symbol=AAPL timeframe=1m
2026-01-14 19:03:54 [debug    ] bar_saved                      bar_index=29473407 component=bar_repository symbol=AAPL timeframe=1m
2026-01-14 19:03:54 [debug    ] bar_saved                      bar_index=29473408 component=bar_repository symbol=AAPL timeframe=1m
2026-01-14 19:03:54 [debug    ] bar_saved                      bar_index=29473409 component=bar_repository symbol=AAPL timeframe=1m
2026-01-14 19:03:54 [debug    ] bar_saved                      bar_index=29473410 component=bar_repository symbol=AAPL timeframe=1m
2026-01-14 19:03:54 [debug    ] bar_saved                      bar_index=29473411 component=bar_repository symbol=AAPL timeframe=1m
2026-01-14 19:03:54 [debug    ] bar_saved                      bar_index=29473412 component=bar_repository symbol=AAPL timeframe=1m
2026-01-14 19:03:54 [debug    ] bar_saved                      bar_index=29473413 component=bar_repository symbol=AAPL timeframe=1m
2026-01-14 19:03:54 [debug    ] bar_saved                      bar_index=29473414 component=bar_repository symbol=AAPL timeframe=1m
2026-01-14 19:03:54 [debug    ] bar_saved                      bar_index=29473415 component=bar_repository symbol=AAPL timeframe=1m
2026-01-14 19:03:54 [debug    ] bar_saved                      bar_index=29473416 component=bar_repository symbol=AAPL timeframe=1m
2026-01-14 19:03:54 [debug    ] bar_saved                      bar_index=29473417 component=bar_repository symbol=AAPL timeframe=1m
2026-01-14 19:03:54 [debug    ] bar_saved                      bar_index=29473418 component=bar_repository symbol=AAPL timeframe=1m
2026-01-14 19:03:54 [debug    ] bar_saved                      bar_index=29473419 component=bar_repository symbol=AAPL timeframe=1m
2026-01-14 19:03:54 [debug    ] bar_saved                      bar_index=29473420 component=bar_repository symbol=AAPL timeframe=1m
2026-01-14 19:03:54 [debug    ] bar_saved                      bar_index=29473421 component=bar_repository symbol=AAPL timeframe=1m
2026-01-14 19:03:54 [debug    ] bar_saved                      bar_index=29473422 component=bar_repository symbol=AAPL timeframe=1m
2026-01-14 19:03:54 [debug    ] bar_saved                      bar_index=29473423 component=bar_repository symbol=AAPL timeframe=1m
2026-01-14 19:03:54 [debug    ] bar_saved                      bar_index=29473424 component=bar_repository symbol=AAPL timeframe=1m
2026-01-14 19:03:54 [debug    ] bar_saved                      bar_index=29473425 component=bar_repository symbol=AAPL timeframe=1m
2026-01-14 19:03:54 [debug    ] bar_saved                      bar_index=29473426 component=bar_repository symbol=AAPL timeframe=1m
2026-01-14 19:03:54 [debug    ] bar_saved                      bar_index=29473427 component=bar_repository symbol=AAPL timeframe=1m
2026-01-14 19:03:54 [debug    ] bar_saved                      bar_index=29473428 component=bar_repository symbol=AAPL timeframe=1m
2026-01-14 19:03:54 [debug    ] bar_saved                      bar_index=29473429 component=bar_repository symbol=AAPL timeframe=1m
2026-01-14 19:03:54 [debug    ] bar_saved                      bar_index=29473430 component=bar_repository symbol=AAPL timeframe=1m
2026-01-14 19:03:54 [debug    ] bar_saved                      bar_index=29473431 component=bar_repository symbol=AAPL timeframe=1m
2026-01-14 19:03:54 [debug    ] bar_saved                      bar_index=29473432 component=bar_repository symbol=AAPL timeframe=1m
2026-01-14 19:03:54 [debug    ] bar_saved                      bar_index=29473433 component=bar_repository symbol=AAPL timeframe=1m
2026-01-14 19:03:54 [debug    ] bar_saved                      bar_index=29473434 component=bar_repository symbol=AAPL timeframe=1m
2026-01-14 19:03:54 [debug    ] bar_saved                      bar_index=29473435 component=bar_repository symbol=AAPL timeframe=1m
2026-01-14 19:03:54 [debug    ] bar_saved                      bar_index=29473436 component=bar_repository symbol=AAPL timeframe=1m
2026-01-14 19:03:54 [debug    ] bar_saved                      bar_index=29473437 component=bar_repository symbol=AAPL timeframe=1m
2026-01-14 19:03:54 [debug    ] bar_saved                      bar_index=29473438 component=bar_repository symbol=AAPL timeframe=1m
2026-01-14 19:03:54 [debug    ] bar_saved                      bar_index=29473439 component=bar_repository symbol=AAPL timeframe=1m
2026-01-14 19:03:54 [debug    ] bar_saved                      bar_index=29473440 component=bar_repository symbol=AAPL timeframe=1m
2026-01-14 19:03:54 [debug    ] bar_saved                      bar_index=29473441 component=bar_repository symbol=AAPL timeframe=1m
2026-01-14 19:03:54 [debug    ] bar_saved                      bar_index=29473442 component=bar_repository symbol=AAPL timeframe=1m
2026-01-14 19:03:54 [debug    ] bar_saved                      bar_index=29473443 component=bar_repository symbol=AAPL timeframe=1m
2026-01-14 19:03:54 [debug    ] bar_saved                      bar_index=29473444 component=bar_repository symbol=AAPL timeframe=1m
2026-01-14 19:03:54 [debug    ] bar_saved                      bar_index=29473445 component=bar_repository symbol=AAPL timeframe=1m
2026-01-14 19:03:54 [debug    ] bar_saved                      bar_index=29473446 component=bar_repository symbol=AAPL timeframe=1m
2026-01-14 19:03:54 [debug    ] bar_saved                      bar_index=29473447 component=bar_repository symbol=AAPL timeframe=1m
2026-01-14 19:03:54 [debug    ] bar_saved                      bar_index=29473448 component=bar_repository symbol=AAPL timeframe=1m
2026-01-14 19:03:54 [debug    ] bar_saved                      bar_index=29473449 component=bar_repository symbol=AAPL timeframe=1m
2026-01-14 19:03:54 [debug    ] bar_saved                      bar_index=29473450 component=bar_repository symbol=AAPL timeframe=1m
2026-01-14 19:03:54 [debug    ] bar_saved                      bar_index=29473451 component=bar_repository symbol=AAPL timeframe=1m
2026-01-14 19:03:54 [debug    ] bar_saved                      bar_index=29473452 component=bar_repository symbol=AAPL timeframe=1m
2026-01-14 19:03:54 [debug    ] bar_saved                      bar_index=29473453 component=bar_repository symbol=AAPL timeframe=1m
2026-01-14 19:03:54 [debug    ] bar_saved                      bar_index=29473454 component=bar_repository symbol=AAPL timeframe=1m
2026-01-14 19:03:54 [debug    ] bar_saved                      bar_index=29473455 component=bar_repository symbol=AAPL timeframe=1m
2026-01-14 19:03:54 [debug    ] bar_saved                      bar_index=29473456 component=bar_repository symbol=AAPL timeframe=1m
2026-01-14 19:03:54 [debug    ] bar_saved                      bar_index=29473457 component=bar_repository symbol=AAPL timeframe=1m
2026-01-14 19:03:54 [debug    ] bar_saved                      bar_index=29473458 component=bar_repository symbol=AAPL timeframe=1m
2026-01-14 19:03:54 [debug    ] bar_saved                      bar_index=29473459 component=bar_repository symbol=AAPL timeframe=1m
2026-01-14 19:03:54 [debug    ] bar_saved                      bar_index=29473460 component=bar_repository symbol=AAPL timeframe=1m
2026-01-14 19:03:54 [debug    ] bar_saved                      bar_index=29473461 component=bar_repository symbol=AAPL timeframe=1m
2026-01-14 19:03:54 [debug    ] bar_saved                      bar_index=29473462 component=bar_repository symbol=AAPL timeframe=1m
2026-01-14 19:03:54 [debug    ] bar_saved                      bar_index=29473463 component=bar_repository symbol=AAPL timeframe=1m
2026-01-14 19:03:54 [debug    ] bar_saved                      bar_index=29473464 component=bar_repository symbol=AAPL timeframe=1m
2026-01-14 19:03:54 [debug    ] bar_saved                      bar_index=29473465 component=bar_repository symbol=AAPL timeframe=1m
2026-01-14 19:03:54 [debug    ] bar_saved                      bar_index=29473466 component=bar_repository symbol=AAPL timeframe=1m
2026-01-14 19:03:54 [debug    ] bar_saved                      bar_index=29473467 component=bar_repository symbol=AAPL timeframe=1m
2026-01-14 19:03:54 [debug    ] bar_saved                      bar_index=29473468 component=bar_repository symbol=AAPL timeframe=1m
2026-01-14 19:03:54 [debug    ] bar_saved                      bar_index=29473469 component=bar_repository symbol=AAPL timeframe=1m
2026-01-14 19:03:54 [debug    ] bar_saved                      bar_index=29473470 component=bar_repository symbol=AAPL timeframe=1m
2026-01-14 19:03:54 [debug    ] bar_saved                      bar_index=29473471 component=bar_repository symbol=AAPL timeframe=1m
2026-01-14 19:03:54 [debug    ] bar_saved                      bar_index=29473472 component=bar_repository symbol=AAPL timeframe=1m
2026-01-14 19:03:54 [debug    ] bar_saved                      bar_index=29473473 component=bar_repository symbol=AAPL timeframe=1m
2026-01-14 19:03:54 [debug    ] bar_saved                      bar_index=29473474 component=bar_repository symbol=AAPL timeframe=1m
2026-01-14 19:03:54 [debug    ] bar_saved                      bar_index=29473475 component=bar_repository symbol=AAPL timeframe=1m
2026-01-14 19:03:54 [debug    ] bar_saved                      bar_index=29473476 component=bar_repository symbol=AAPL timeframe=1m
2026-01-14 19:03:54 [debug    ] bar_saved                      bar_index=29473477 component=bar_repository symbol=AAPL timeframe=1m
2026-01-14 19:03:54 [debug    ] bar_saved                      bar_index=29473478 component=bar_repository symbol=AAPL timeframe=1m
2026-01-14 19:03:54 [debug    ] bar_saved                      bar_index=29473479 component=bar_repository symbol=AAPL timeframe=1m
2026-01-14 19:03:54 [debug    ] bar_saved                      bar_index=29473480 component=bar_repository symbol=AAPL timeframe=1m
2026-01-14 19:03:54 [debug    ] bar_saved                      bar_index=29473481 component=bar_repository symbol=AAPL timeframe=1m
2026-01-14 19:03:54 [debug    ] bar_saved                      bar_index=29473482 component=bar_repository symbol=AAPL timeframe=1m
2026-01-14 19:03:54 [debug    ] bar_saved                      bar_index=29473483 component=bar_repository symbol=AAPL timeframe=1m
2026-01-14 19:03:54 [debug    ] bar_saved                      bar_index=29473484 component=bar_repository symbol=AAPL timeframe=1m
2026-01-14 19:03:54 [debug    ] bar_saved                      bar_index=29473485 component=bar_repository symbol=AAPL timeframe=1m
2026-01-14 19:03:54 [debug    ] bar_saved                      bar_index=29473486 component=bar_repository symbol=AAPL timeframe=1m
2026-01-14 19:03:54 [debug    ] bar_saved                      bar_index=29473487 component=bar_repository symbol=AAPL timeframe=1m
2026-01-14 19:03:54 [debug    ] bar_saved                      bar_index=29473488 component=bar_repository symbol=AAPL timeframe=1m
2026-01-14 19:03:54 [debug    ] bar_saved                      bar_index=29473489 component=bar_repository symbol=AAPL timeframe=1m
2026-01-14 19:03:54 [debug    ] bar_saved                      bar_index=29473490 component=bar_repository symbol=AAPL timeframe=1m
2026-01-14 19:03:54 [debug    ] bar_saved                      bar_index=29473491 component=bar_repository symbol=AAPL timeframe=1m
2026-01-14 19:03:54 [debug    ] bar_saved                      bar_index=29473492 component=bar_repository symbol=AAPL timeframe=1m
2026-01-14 19:03:54 [debug    ] bar_saved                      bar_index=29473493 component=bar_repository symbol=AAPL timeframe=1m
2026-01-14 19:03:54 [debug    ] bar_saved                      bar_index=29473494 component=bar_repository symbol=AAPL timeframe=1m
2026-01-14 19:03:54 [debug    ] bar_saved                      bar_index=29473495 component=bar_repository symbol=AAPL timeframe=1m
2026-01-14 19:03:54 [debug    ] bar_saved                      bar_index=29473496 component=bar_repository symbol=AAPL timeframe=1m
2026-01-14 19:03:54 [debug    ] bar_saved                      bar_index=29473497 component=bar_repository symbol=AAPL timeframe=1m
2026-01-14 19:03:54 [debug    ] bar_saved                      bar_index=29473498 component=bar_repository symbol=AAPL timeframe=1m
2026-01-14 19:03:54 [debug    ] bar_saved                      bar_index=29473499 component=bar_repository symbol=AAPL timeframe=1m
2026-01-14 19:03:54 [debug    ] bar_saved                      bar_index=29473500 component=bar_repository symbol=AAPL timeframe=1m
2026-01-14 19:03:54 [debug    ] bar_saved                      bar_index=29473501 component=bar_repository symbol=AAPL timeframe=1m
2026-01-14 19:03:54 [debug    ] bar_saved                      bar_index=29473502 component=bar_repository symbol=AAPL timeframe=1m
2026-01-14 19:03:54 [debug    ] bar_saved                      bar_index=29473503 component=bar_repository symbol=AAPL timeframe=1m
2026-01-14 19:03:54 [debug    ] bar_saved                      bar_index=29473504 component=bar_repository symbol=AAPL timeframe=1m
2026-01-14 19:03:54 [debug    ] bar_saved                      bar_index=29473505 component=bar_repository symbol=AAPL timeframe=1m
2026-01-14 19:03:54 [debug    ] bar_saved                      bar_index=29473506 component=bar_repository symbol=AAPL timeframe=1m
2026-01-14 19:03:54 [debug    ] bar_saved                      bar_index=29473507 component=bar_repository symbol=AAPL timeframe=1m
2026-01-14 19:03:54 [debug    ] bar_saved                      bar_index=29473508 component=bar_repository symbol=AAPL timeframe=1m
2026-01-14 19:03:54 [debug    ] bar_saved                      bar_index=29473509 component=bar_repository symbol=AAPL timeframe=1m
2026-01-14 19:03:54 [debug    ] bar_saved                      bar_index=29473510 component=bar_repository symbol=AAPL timeframe=1m
2026-01-14 19:03:54 [debug    ] bar_saved                      bar_index=29473511 component=bar_repository symbol=AAPL timeframe=1m
2026-01-14 19:03:54 [debug    ] bar_saved                      bar_index=29473512 component=bar_repository symbol=AAPL timeframe=1m
2026-01-14 19:03:54 [debug    ] bar_saved                      bar_index=29473513 component=bar_repository symbol=AAPL timeframe=1m
2026-01-14 19:03:54 [debug    ] bar_saved                      bar_index=29473514 component=bar_repository symbol=AAPL timeframe=1m
2026-01-14 19:03:54 [debug    ] bar_saved                      bar_index=29473515 component=bar_repository symbol=AAPL timeframe=1m
2026-01-14 19:03:54 [debug    ] bar_saved                      bar_index=29473516 component=bar_repository symbol=AAPL timeframe=1m
2026-01-14 19:03:54 [debug    ] bar_saved                      bar_index=29473517 component=bar_repository symbol=AAPL timeframe=1m
2026-01-14 19:03:54 [debug    ] bar_saved                      bar_index=29473518 component=bar_repository symbol=AAPL timeframe=1m
2026-01-14 19:03:54 [debug    ] bar_saved                      bar_index=29473519 component=bar_repository symbol=AAPL timeframe=1m
2026-01-14 19:03:54 [debug    ] bar_saved                      bar_index=29473520 component=bar_repository symbol=AAPL timeframe=1m
2026-01-14 19:03:54 [debug    ] bar_saved                      bar_index=29473521 component=bar_repository symbol=AAPL timeframe=1m
2026-01-14 19:03:54 [debug    ] bar_saved                      bar_index=29473522 component=bar_repository symbol=AAPL timeframe=1m
2026-01-14 19:03:54 [debug    ] bar_saved                      bar_index=29473523 component=bar_repository symbol=AAPL timeframe=1m
2026-01-14 19:03:54 [debug    ] bar_saved                      bar_index=29473524 component=bar_repository symbol=AAPL timeframe=1m
2026-01-14 19:03:54 [debug    ] bar_saved                      bar_index=29473525 component=bar_repository symbol=AAPL timeframe=1m
2026-01-14 19:03:54 [debug    ] bar_saved                      bar_index=29473526 component=bar_repository symbol=AAPL timeframe=1m
2026-01-14 19:03:54 [debug    ] bar_saved                      bar_index=29473527 component=bar_repository symbol=AAPL timeframe=1m
2026-01-14 19:03:54 [debug    ] bar_saved                      bar_index=29473528 component=bar_repository symbol=AAPL timeframe=1m
2026-01-14 19:03:54 [debug    ] bar_saved                      bar_index=29473529 component=bar_repository symbol=AAPL timeframe=1m
2026-01-14 19:03:54 [debug    ] bar_saved                      bar_index=29473530 component=bar_repository symbol=AAPL timeframe=1m
2026-01-14 19:03:54 [debug    ] bar_saved                      bar_index=29473531 component=bar_repository symbol=AAPL timeframe=1m
2026-01-14 19:03:54 [debug    ] bar_saved                      bar_index=29473532 component=bar_repository symbol=AAPL timeframe=1m
2026-01-14 19:03:54 [debug    ] bar_saved                      bar_index=29473533 component=bar_repository symbol=AAPL timeframe=1m
2026-01-14 19:03:54 [debug    ] bar_saved                      bar_index=29473534 component=bar_repository symbol=AAPL timeframe=1m
2026-01-14 19:03:54 [debug    ] bar_saved                      bar_index=29473535 component=bar_repository symbol=AAPL timeframe=1m
2026-01-14 19:03:54 [debug    ] bar_saved                      bar_index=29473536 component=bar_repository symbol=AAPL timeframe=1m
2026-01-14 19:03:54 [debug    ] bar_saved                      bar_index=29473537 component=bar_repository symbol=AAPL timeframe=1m
2026-01-14 19:03:54 [debug    ] bar_saved                      bar_index=29473538 component=bar_repository symbol=AAPL timeframe=1m
2026-01-14 19:03:54 [debug    ] bar_saved                      bar_index=29473539 component=bar_repository symbol=AAPL timeframe=1m
2026-01-14 19:03:54 [debug    ] bar_saved                      bar_index=29473540 component=bar_repository symbol=AAPL timeframe=1m
2026-01-14 19:03:54 [debug    ] bar_saved                      bar_index=29473541 component=bar_repository symbol=AAPL timeframe=1m
2026-01-14 19:03:54 [debug    ] bar_saved                      bar_index=29473542 component=bar_repository symbol=AAPL timeframe=1m
2026-01-14 19:03:54 [debug    ] bar_saved                      bar_index=29473543 component=bar_repository symbol=AAPL timeframe=1m
2026-01-14 19:03:54 [debug    ] bar_saved                      bar_index=29473544 component=bar_repository symbol=AAPL timeframe=1m
2026-01-14 19:03:54 [debug    ] bar_saved                      bar_index=29473545 component=bar_repository symbol=AAPL timeframe=1m
2026-01-14 19:03:54 [debug    ] bar_saved                      bar_index=29473546 component=bar_repository symbol=AAPL timeframe=1m
2026-01-14 19:03:54 [debug    ] bar_saved                      bar_index=29473547 component=bar_repository symbol=AAPL timeframe=1m
2026-01-14 19:03:54 [debug    ] bar_saved                      bar_index=29473548 component=bar_repository symbol=AAPL timeframe=1m
2026-01-14 19:03:54 [debug    ] bar_saved                      bar_index=29473549 component=bar_repository symbol=AAPL timeframe=1m
2026-01-14 19:03:54 [debug    ] bar_saved                      bar_index=29473550 component=bar_repository symbol=AAPL timeframe=1m
2026-01-14 19:03:54 [debug    ] bar_saved                      bar_index=29473551 component=bar_repository symbol=AAPL timeframe=1m
2026-01-14 19:03:54 [debug    ] bar_saved                      bar_index=29473552 component=bar_repository symbol=AAPL timeframe=1m
2026-01-14 19:03:54 [debug    ] bar_saved                      bar_index=29473553 component=bar_repository symbol=AAPL timeframe=1m
2026-01-14 19:03:54 [debug    ] bar_saved                      bar_index=29473554 component=bar_repository symbol=AAPL timeframe=1m
2026-01-14 19:03:54 [debug    ] bar_saved                      bar_index=29473555 component=bar_repository symbol=AAPL timeframe=1m
2026-01-14 19:03:54 [debug    ] bar_saved                      bar_index=29473556 component=bar_repository symbol=AAPL timeframe=1m
2026-01-14 19:03:54 [debug    ] bar_saved                      bar_index=29473557 component=bar_repository symbol=AAPL timeframe=1m
2026-01-14 19:03:54 [debug    ] bar_saved                      bar_index=29473558 component=bar_repository symbol=AAPL timeframe=1m
2026-01-14 19:03:54 [debug    ] bar_saved                      bar_index=29473559 component=bar_repository symbol=AAPL timeframe=1m
2026-01-14 19:03:54 [debug    ] bar_saved                      bar_index=29473560 component=bar_repository symbol=AAPL timeframe=1m
2026-01-14 19:03:54 [debug    ] bar_saved                      bar_index=29473561 component=bar_repository symbol=AAPL timeframe=1m
2026-01-14 19:03:54 [debug    ] bar_saved                      bar_index=29473562 component=bar_repository symbol=AAPL timeframe=1m
2026-01-14 19:03:54 [debug    ] bar_saved                      bar_index=29473563 component=bar_repository symbol=AAPL timeframe=1m
2026-01-14 19:03:54 [debug    ] bar_saved                      bar_index=29473564 component=bar_repository symbol=AAPL timeframe=1m
2026-01-14 19:03:54 [debug    ] bar_saved                      bar_index=29473565 component=bar_repository symbol=AAPL timeframe=1m
2026-01-14 19:03:54 [debug    ] bar_saved                      bar_index=29473566 component=bar_repository symbol=AAPL timeframe=1m
2026-01-14 19:03:54 [debug    ] bar_saved                      bar_index=29473567 component=bar_repository symbol=AAPL timeframe=1m
2026-01-14 19:03:54 [debug    ] bar_saved                      bar_index=29473568 component=bar_repository symbol=AAPL timeframe=1m
2026-01-14 19:03:54 [debug    ] bar_saved                      bar_index=29473569 component=bar_repository symbol=AAPL timeframe=1m
2026-01-14 19:03:54 [debug    ] bar_saved                      bar_index=29473570 component=bar_repository symbol=AAPL timeframe=1m
2026-01-14 19:03:54 [debug    ] bar_saved                      bar_index=29473571 component=bar_repository symbol=AAPL timeframe=1m
2026-01-14 19:03:54 [debug    ] bar_saved                      bar_index=29473572 component=bar_repository symbol=AAPL timeframe=1m
2026-01-14 19:03:54 [debug    ] bar_saved                      bar_index=29473573 component=bar_repository symbol=AAPL timeframe=1m
2026-01-14 19:03:54 [debug    ] bar_saved                      bar_index=29473574 component=bar_repository symbol=AAPL timeframe=1m
2026-01-14 19:03:54 [debug    ] bar_saved                      bar_index=29473575 component=bar_repository symbol=AAPL timeframe=1m
2026-01-14 19:03:54 [debug    ] bar_saved                      bar_index=29473576 component=bar_repository symbol=AAPL timeframe=1m
2026-01-14 19:03:54 [debug    ] bar_saved                      bar_index=29473577 component=bar_repository symbol=AAPL timeframe=1m
2026-01-14 19:03:54 [debug    ] bar_saved                      bar_index=29473578 component=bar_repository symbol=AAPL timeframe=1m
2026-01-14 19:03:54 [debug    ] bar_saved                      bar_index=29473579 component=bar_repository symbol=AAPL timeframe=1m
2026-01-14 19:03:54 [debug    ] bar_saved                      bar_index=29473580 component=bar_repository symbol=AAPL timeframe=1m
2026-01-14 19:03:54 [debug    ] bar_saved                      bar_index=29473581 component=bar_repository symbol=AAPL timeframe=1m
2026-01-14 19:03:54 [debug    ] bar_saved                      bar_index=29473582 component=bar_repository symbol=AAPL timeframe=1m
2026-01-14 19:03:54 [debug    ] bar_saved                      bar_index=29473583 component=bar_repository symbol=AAPL timeframe=1m
2026-01-14 19:03:54 [debug    ] bar_saved                      bar_index=29473584 component=bar_repository symbol=AAPL timeframe=1m
2026-01-14 19:03:54 [debug    ] bar_saved                      bar_index=29473585 component=bar_repository symbol=AAPL timeframe=1m
2026-01-14 19:03:54 [debug    ] bar_saved                      bar_index=29473586 component=bar_repository symbol=AAPL timeframe=1m
2026-01-14 19:03:54 [debug    ] bar_saved                      bar_index=29473587 component=bar_repository symbol=AAPL timeframe=1m
2026-01-14 19:03:54 [debug    ] bar_saved                      bar_index=29473588 component=bar_repository symbol=AAPL timeframe=1m
2026-01-14 19:03:54 [debug    ] bar_saved                      bar_index=29473589 component=bar_repository symbol=AAPL timeframe=1m
2026-01-14 19:03:54 [debug    ] bar_saved                      bar_index=29473590 component=bar_repository symbol=AAPL timeframe=1m
2026-01-14 19:03:54 [debug    ] bar_saved                      bar_index=29473591 component=bar_repository symbol=AAPL timeframe=1m
2026-01-14 19:03:54 [debug    ] bar_saved                      bar_index=29473592 component=bar_repository symbol=AAPL timeframe=1m
2026-01-14 19:03:54 [debug    ] bar_saved                      bar_index=29473593 component=bar_repository symbol=AAPL timeframe=1m
2026-01-14 19:03:54 [debug    ] bar_saved                      bar_index=29473594 component=bar_repository symbol=AAPL timeframe=1m
2026-01-14 19:03:54 [debug    ] bar_saved                      bar_index=29473595 component=bar_repository symbol=AAPL timeframe=1m
2026-01-14 19:03:54 [debug    ] bar_saved                      bar_index=29473596 component=bar_repository symbol=AAPL timeframe=1m
2026-01-14 19:03:54 [debug    ] bar_saved                      bar_index=29473597 component=bar_repository symbol=AAPL timeframe=1m
2026-01-14 19:03:54 [debug    ] bar_saved                      bar_index=29473598 component=bar_repository symbol=AAPL timeframe=1m
2026-01-14 19:03:54 [debug    ] bar_saved                      bar_index=29473599 component=bar_repository symbol=AAPL timeframe=1m
2026-01-14 19:03:54 [debug    ] bar_saved                      bar_index=29473600 component=bar_repository symbol=AAPL timeframe=1m
2026-01-14 19:03:54 [debug    ] bar_saved                      bar_index=29473601 component=bar_repository symbol=AAPL timeframe=1m
2026-01-14 19:03:54 [debug    ] bar_saved                      bar_index=29473602 component=bar_repository symbol=AAPL timeframe=1m
2026-01-14 19:03:54 [debug    ] bar_saved                      bar_index=29473603 component=bar_repository symbol=AAPL timeframe=1m
2026-01-14 19:03:54 [debug    ] bar_saved                      bar_index=29473604 component=bar_repository symbol=AAPL timeframe=1m
2026-01-14 19:03:54 [debug    ] bar_saved                      bar_index=29473605 component=bar_repository symbol=AAPL timeframe=1m
2026-01-14 19:03:54 [debug    ] bar_saved                      bar_index=29473606 component=bar_repository symbol=AAPL timeframe=1m
2026-01-14 19:03:54 [debug    ] bar_saved                      bar_index=29473607 component=bar_repository symbol=AAPL timeframe=1m
2026-01-14 19:03:54 [debug    ] bar_saved                      bar_index=29473608 component=bar_repository symbol=AAPL timeframe=1m
2026-01-14 19:03:54 [debug    ] bar_saved                      bar_index=29473609 component=bar_repository symbol=AAPL timeframe=1m
2026-01-14 19:03:54 [debug    ] bar_saved                      bar_index=29473610 component=bar_repository symbol=AAPL timeframe=1m
2026-01-14 19:03:54 [debug    ] bar_saved                      bar_index=29473611 component=bar_repository symbol=AAPL timeframe=1m
2026-01-14 19:03:54 [debug    ] bar_saved                      bar_index=29473612 component=bar_repository symbol=AAPL timeframe=1m
2026-01-14 19:03:54 [debug    ] bar_saved                      bar_index=29473613 component=bar_repository symbol=AAPL timeframe=1m
2026-01-14 19:03:54 [debug    ] bar_saved                      bar_index=29473614 component=bar_repository symbol=AAPL timeframe=1m
2026-01-14 19:03:54 [debug    ] bar_saved                      bar_index=29473615 component=bar_repository symbol=AAPL timeframe=1m
2026-01-14 19:03:54 [debug    ] bar_saved                      bar_index=29473616 component=bar_repository symbol=AAPL timeframe=1m
2026-01-14 19:03:54 [debug    ] bar_saved                      bar_index=29473617 component=bar_repository symbol=AAPL timeframe=1m
2026-01-14 19:03:54 [debug    ] bar_saved                      bar_index=29473618 component=bar_repository symbol=AAPL timeframe=1m
2026-01-14 19:03:54 [debug    ] bar_saved                      bar_index=29473619 component=bar_repository symbol=AAPL timeframe=1m
2026-01-14 19:03:54 [debug    ] bar_saved                      bar_index=29473620 component=bar_repository symbol=AAPL timeframe=1m
2026-01-14 19:03:54 [debug    ] bar_saved                      bar_index=29473621 component=bar_repository symbol=AAPL timeframe=1m
2026-01-14 19:03:54 [debug    ] bar_saved                      bar_index=29473622 component=bar_repository symbol=AAPL timeframe=1m
2026-01-14 19:03:54 [debug    ] bar_saved                      bar_index=29473623 component=bar_repository symbol=AAPL timeframe=1m
2026-01-14 19:03:54 [debug    ] bar_saved                      bar_index=29473624 component=bar_repository symbol=AAPL timeframe=1m
2026-01-14 19:03:54 [debug    ] bar_saved                      bar_index=29473625 component=bar_repository symbol=AAPL timeframe=1m
2026-01-14 19:03:54 [debug    ] bar_saved                      bar_index=29473626 component=bar_repository symbol=AAPL timeframe=1m
2026-01-14 19:03:54 [debug    ] bar_saved                      bar_index=29473627 component=bar_repository symbol=AAPL timeframe=1m
2026-01-14 19:03:54 [debug    ] bar_saved                      bar_index=29473628 component=bar_repository symbol=AAPL timeframe=1m
2026-01-14 19:03:54 [debug    ] bar_saved                      bar_index=29473629 component=bar_repository symbol=AAPL timeframe=1m
2026-01-14 19:03:54 [debug    ] bar_saved                      bar_index=29473630 component=bar_repository symbol=AAPL timeframe=1m
2026-01-14 19:03:54 [debug    ] bar_saved                      bar_index=29473631 component=bar_repository symbol=AAPL timeframe=1m
2026-01-14 19:03:54 [debug    ] bar_saved                      bar_index=29473632 component=bar_repository symbol=AAPL timeframe=1m
2026-01-14 19:03:54 [debug    ] bar_saved                      bar_index=29473633 component=bar_repository symbol=AAPL timeframe=1m
2026-01-14 19:03:54 [debug    ] bar_saved                      bar_index=29473634 component=bar_repository symbol=AAPL timeframe=1m
2026-01-14 19:03:54 [debug    ] bar_saved                      bar_index=29473635 component=bar_repository symbol=AAPL timeframe=1m
2026-01-14 19:03:54 [debug    ] bar_saved                      bar_index=29473636 component=bar_repository symbol=AAPL timeframe=1m
2026-01-14 19:03:54 [debug    ] bar_saved                      bar_index=29473637 component=bar_repository symbol=AAPL timeframe=1m
2026-01-14 19:03:54 [debug    ] bar_saved                      bar_index=29473638 component=bar_repository symbol=AAPL timeframe=1m
2026-01-14 19:03:54 [debug    ] bar_saved                      bar_index=29473639 component=bar_repository symbol=AAPL timeframe=1m
2026-01-14 19:03:54 [debug    ] bar_saved                      bar_index=29473640 component=bar_repository symbol=AAPL timeframe=1m
2026-01-14 19:03:54 [debug    ] bar_saved                      bar_index=29473641 component=bar_repository symbol=AAPL timeframe=1m
2026-01-14 19:03:54 [debug    ] bar_saved                      bar_index=29473642 component=bar_repository symbol=AAPL timeframe=1m
2026-01-14 19:03:54 [debug    ] bar_saved                      bar_index=29473643 component=bar_repository symbol=AAPL timeframe=1m
2026-01-14 19:03:54 [debug    ] bar_saved                      bar_index=29473644 component=bar_repository symbol=AAPL timeframe=1m
2026-01-14 19:03:54 [debug    ] bar_saved                      bar_index=29473645 component=bar_repository symbol=AAPL timeframe=1m
2026-01-14 19:03:54 [debug    ] bar_saved                      bar_index=29473646 component=bar_repository symbol=AAPL timeframe=1m
2026-01-14 19:03:54 [debug    ] bar_saved                      bar_index=29473647 component=bar_repository symbol=AAPL timeframe=1m
2026-01-14 19:03:54 [debug    ] bar_saved                      bar_index=29473648 component=bar_repository symbol=AAPL timeframe=1m
2026-01-14 19:03:54 [debug    ] bar_saved                      bar_index=29473649 component=bar_repository symbol=AAPL timeframe=1m
2026-01-14 19:03:54 [debug    ] bar_saved                      bar_index=29473650 component=bar_repository symbol=AAPL timeframe=1m
2026-01-14 19:03:54 [debug    ] bar_saved                      bar_index=29473651 component=bar_repository symbol=AAPL timeframe=1m
2026-01-14 19:03:54 [debug    ] bar_saved                      bar_index=29473652 component=bar_repository symbol=AAPL timeframe=1m
2026-01-14 19:03:54 [debug    ] bar_saved                      bar_index=29473653 component=bar_repository symbol=AAPL timeframe=1m
2026-01-14 19:03:54 [debug    ] bar_saved                      bar_index=29473654 component=bar_repository symbol=AAPL timeframe=1m
2026-01-14 19:03:54 [debug    ] bar_saved                      bar_index=29473655 component=bar_repository symbol=AAPL timeframe=1m
2026-01-14 19:03:54 [debug    ] bar_saved                      bar_index=29473656 component=bar_repository symbol=AAPL timeframe=1m
2026-01-14 19:03:54 [debug    ] bar_saved                      bar_index=29473657 component=bar_repository symbol=AAPL timeframe=1m
2026-01-14 19:03:54 [debug    ] bar_saved                      bar_index=29473658 component=bar_repository symbol=AAPL timeframe=1m
2026-01-14 19:03:54 [debug    ] bar_saved                      bar_index=29473659 component=bar_repository symbol=AAPL timeframe=1m
2026-01-14 19:03:54 [debug    ] bar_saved                      bar_index=29473660 component=bar_repository symbol=AAPL timeframe=1m
2026-01-14 19:03:54 [debug    ] bar_saved                      bar_index=29473661 component=bar_repository symbol=AAPL timeframe=1m
2026-01-14 19:03:54 [debug    ] bar_saved                      bar_index=29473662 component=bar_repository symbol=AAPL timeframe=1m
2026-01-14 19:03:54 [debug    ] bar_saved                      bar_index=29473663 component=bar_repository symbol=AAPL timeframe=1m
2026-01-14 19:03:54 [debug    ] bar_saved                      bar_index=29473664 component=bar_repository symbol=AAPL timeframe=1m
2026-01-14 19:03:54 [debug    ] bar_saved                      bar_index=29473665 component=bar_repository symbol=AAPL timeframe=1m
2026-01-14 19:03:54 [debug    ] bar_saved                      bar_index=29473666 component=bar_repository symbol=AAPL timeframe=1m
2026-01-14 19:03:54 [debug    ] bar_saved                      bar_index=29473667 component=bar_repository symbol=AAPL timeframe=1m
2026-01-14 19:03:54 [debug    ] bar_saved                      bar_index=29473668 component=bar_repository symbol=AAPL timeframe=1m
2026-01-14 19:03:54 [debug    ] bar_saved                      bar_index=29473669 component=bar_repository symbol=AAPL timeframe=1m
2026-01-14 19:03:54 [debug    ] bar_saved                      bar_index=29473670 component=bar_repository symbol=AAPL timeframe=1m
2026-01-14 19:03:54 [debug    ] bar_saved                      bar_index=29473671 component=bar_repository symbol=AAPL timeframe=1m
2026-01-14 19:03:54 [debug    ] bar_saved                      bar_index=29473672 component=bar_repository symbol=AAPL timeframe=1m
2026-01-14 19:03:54 [debug    ] bar_saved                      bar_index=29473673 component=bar_repository symbol=AAPL timeframe=1m
2026-01-14 19:03:54 [debug    ] bar_saved                      bar_index=29473674 component=bar_repository symbol=AAPL timeframe=1m
2026-01-14 19:03:54 [debug    ] bar_saved                      bar_index=29473675 component=bar_repository symbol=AAPL timeframe=1m
2026-01-14 19:03:54 [debug    ] bar_saved                      bar_index=29473676 component=bar_repository symbol=AAPL timeframe=1m
2026-01-14 19:03:54 [debug    ] bar_saved                      bar_index=29473677 component=bar_repository symbol=AAPL timeframe=1m
2026-01-14 19:03:54 [debug    ] bar_saved                      bar_index=29473678 component=bar_repository symbol=AAPL timeframe=1m
2026-01-14 19:03:54 [debug    ] bar_saved                      bar_index=29473679 component=bar_repository symbol=AAPL timeframe=1m
2026-01-14 19:03:54 [debug    ] bar_saved                      bar_index=29473680 component=bar_repository symbol=AAPL timeframe=1m
2026-01-14 19:03:54 [debug    ] bar_saved                      bar_index=29473681 component=bar_repository symbol=AAPL timeframe=1m
2026-01-14 19:03:54 [debug    ] bar_saved                      bar_index=29473682 component=bar_repository symbol=AAPL timeframe=1m
2026-01-14 19:03:54 [debug    ] bar_saved                      bar_index=29473683 component=bar_repository symbol=AAPL timeframe=1m
2026-01-14 19:03:54 [debug    ] bar_saved                      bar_index=29473684 component=bar_repository symbol=AAPL timeframe=1m
2026-01-14 19:03:54 [debug    ] bar_saved                      bar_index=29473685 component=bar_repository symbol=AAPL timeframe=1m
2026-01-14 19:03:54 [debug    ] bar_saved                      bar_index=29473686 component=bar_repository symbol=AAPL timeframe=1m
2026-01-14 19:03:54 [debug    ] bar_saved                      bar_index=29473687 component=bar_repository symbol=AAPL timeframe=1m
2026-01-14 19:03:54 [debug    ] bar_saved                      bar_index=29473688 component=bar_repository symbol=AAPL timeframe=1m
2026-01-14 19:03:54 [debug    ] bar_saved                      bar_index=29473689 component=bar_repository symbol=AAPL timeframe=1m
2026-01-14 19:03:54 [debug    ] bar_saved                      bar_index=29473690 component=bar_repository symbol=AAPL timeframe=1m
2026-01-14 19:03:54 [debug    ] bar_saved                      bar_index=29473691 component=bar_repository symbol=AAPL timeframe=1m
2026-01-14 19:03:54 [debug    ] bar_saved                      bar_index=29473692 component=bar_repository symbol=AAPL timeframe=1m
2026-01-14 19:03:54 [debug    ] bar_saved                      bar_index=29473693 component=bar_repository symbol=AAPL timeframe=1m
2026-01-14 19:03:54 [debug    ] bar_saved                      bar_index=29473694 component=bar_repository symbol=AAPL timeframe=1m
2026-01-14 19:03:54 [debug    ] bar_saved                      bar_index=29473695 component=bar_repository symbol=AAPL timeframe=1m
2026-01-14 19:03:54 [debug    ] bar_saved                      bar_index=29473696 component=bar_repository symbol=AAPL timeframe=1m
2026-01-14 19:03:54 [debug    ] bar_saved                      bar_index=29473697 component=bar_repository symbol=AAPL timeframe=1m
2026-01-14 19:03:54 [debug    ] bar_saved                      bar_index=29473698 component=bar_repository symbol=AAPL timeframe=1m
2026-01-14 19:03:54 [debug    ] bar_saved                      bar_index=29473699 component=bar_repository symbol=AAPL timeframe=1m
2026-01-14 19:03:54 [debug    ] bar_saved                      bar_index=29473700 component=bar_repository symbol=AAPL timeframe=1m
2026-01-14 19:03:54 [debug    ] bar_saved                      bar_index=29473701 component=bar_repository symbol=AAPL timeframe=1m
2026-01-14 19:03:54 [debug    ] bar_saved                      bar_index=29473702 component=bar_repository symbol=AAPL timeframe=1m
2026-01-14 19:03:54 [debug    ] bar_saved                      bar_index=29473703 component=bar_repository symbol=AAPL timeframe=1m
2026-01-14 19:03:54 [debug    ] bar_saved                      bar_index=29473704 component=bar_repository symbol=AAPL timeframe=1m
2026-01-14 19:03:54 [debug    ] bar_saved                      bar_index=29473705 component=bar_repository symbol=AAPL timeframe=1m
2026-01-14 19:03:54 [debug    ] bar_saved                      bar_index=29473706 component=bar_repository symbol=AAPL timeframe=1m
2026-01-14 19:03:54 [debug    ] bar_saved                      bar_index=29473707 component=bar_repository symbol=AAPL timeframe=1m
2026-01-14 19:03:54 [debug    ] bar_saved                      bar_index=29473708 component=bar_repository symbol=AAPL timeframe=1m
2026-01-14 19:03:54 [debug    ] bar_saved                      bar_index=29473709 component=bar_repository symbol=AAPL timeframe=1m
2026-01-14 19:03:54 [debug    ] bar_saved                      bar_index=29473710 component=bar_repository symbol=AAPL timeframe=1m
2026-01-14 19:03:54 [debug    ] bar_saved                      bar_index=29473711 component=bar_repository symbol=AAPL timeframe=1m
2026-01-14 19:03:54 [debug    ] bar_saved                      bar_index=29473712 component=bar_repository symbol=AAPL timeframe=1m
2026-01-14 19:03:54 [debug    ] bar_saved                      bar_index=29473713 component=bar_repository symbol=AAPL timeframe=1m
2026-01-14 19:03:54 [debug    ] bar_saved                      bar_index=29473714 component=bar_repository symbol=AAPL timeframe=1m
2026-01-14 19:03:54 [debug    ] bar_saved                      bar_index=29473715 component=bar_repository symbol=AAPL timeframe=1m
2026-01-14 19:03:54 [debug    ] bar_saved                      bar_index=29473716 component=bar_repository symbol=AAPL timeframe=1m
2026-01-14 19:03:54 [debug    ] bar_saved                      bar_index=29473717 component=bar_repository symbol=AAPL timeframe=1m
2026-01-14 19:03:54 [debug    ] bar_saved                      bar_index=29473718 component=bar_repository symbol=AAPL timeframe=1m
2026-01-14 19:03:54 [debug    ] bar_saved                      bar_index=29473719 component=bar_repository symbol=AAPL timeframe=1m
2026-01-14 19:03:54 [debug    ] bar_saved                      bar_index=29473720 component=bar_repository symbol=AAPL timeframe=1m
2026-01-14 19:03:54 [debug    ] bar_saved                      bar_index=29473721 component=bar_repository symbol=AAPL timeframe=1m
2026-01-14 19:03:54 [debug    ] bar_saved                      bar_index=29473722 component=bar_repository symbol=AAPL timeframe=1m
2026-01-14 19:03:54 [debug    ] bar_saved                      bar_index=29473723 component=bar_repository symbol=AAPL timeframe=1m
2026-01-14 19:03:54 [debug    ] bar_saved                      bar_index=29473724 component=bar_repository symbol=AAPL timeframe=1m
2026-01-14 19:03:54 [debug    ] bar_saved                      bar_index=29473725 component=bar_repository symbol=AAPL timeframe=1m
2026-01-14 19:03:54 [debug    ] bar_saved                      bar_index=29473726 component=bar_repository symbol=AAPL timeframe=1m
2026-01-14 19:03:54 [debug    ] bar_saved                      bar_index=29473727 component=bar_repository symbol=AAPL timeframe=1m
2026-01-14 19:03:54 [debug    ] bar_saved                      bar_index=29473728 component=bar_repository symbol=AAPL timeframe=1m
2026-01-14 19:03:54 [debug    ] bar_saved                      bar_index=29473729 component=bar_repository symbol=AAPL timeframe=1m
2026-01-14 19:03:54 [debug    ] bar_saved                      bar_index=29473730 component=bar_repository symbol=AAPL timeframe=1m
2026-01-14 19:03:54 [debug    ] bar_saved                      bar_index=29473731 component=bar_repository symbol=AAPL timeframe=1m
2026-01-14 19:03:54 [debug    ] bar_saved                      bar_index=29473732 component=bar_repository symbol=AAPL timeframe=1m
2026-01-14 19:03:54 [debug    ] bar_saved                      bar_index=29473733 component=bar_repository symbol=AAPL timeframe=1m
2026-01-14 19:03:54 [debug    ] bar_saved                      bar_index=29473734 component=bar_repository symbol=AAPL timeframe=1m
2026-01-14 19:03:54 [debug    ] bar_saved                      bar_index=29473735 component=bar_repository symbol=AAPL timeframe=1m
2026-01-14 19:03:54 [debug    ] bar_saved                      bar_index=29473736 component=bar_repository symbol=AAPL timeframe=1m
2026-01-14 19:03:54 [debug    ] bar_saved                      bar_index=29473737 component=bar_repository symbol=AAPL timeframe=1m
2026-01-14 19:03:54 [debug    ] bar_saved                      bar_index=29473738 component=bar_repository symbol=AAPL timeframe=1m
2026-01-14 19:03:54 [debug    ] bar_saved                      bar_index=29473739 component=bar_repository symbol=AAPL timeframe=1m
2026-01-14 19:03:54 [debug    ] bar_saved                      bar_index=29473740 component=bar_repository symbol=AAPL timeframe=1m
2026-01-14 19:03:54 [debug    ] bar_saved                      bar_index=29473741 component=bar_repository symbol=AAPL timeframe=1m
2026-01-14 19:03:54 [debug    ] bar_saved                      bar_index=29473742 component=bar_repository symbol=AAPL timeframe=1m
2026-01-14 19:03:54 [debug    ] bar_saved                      bar_index=29473743 component=bar_repository symbol=AAPL timeframe=1m
2026-01-14 19:03:54 [debug    ] bar_saved                      bar_index=29473744 component=bar_repository symbol=AAPL timeframe=1m
2026-01-14 19:03:54 [debug    ] bar_saved                      bar_index=29473745 component=bar_repository symbol=AAPL timeframe=1m
2026-01-14 19:03:54 [debug    ] bar_saved                      bar_index=29473746 component=bar_repository symbol=AAPL timeframe=1m
2026-01-14 19:03:54 [debug    ] bar_saved                      bar_index=29473747 component=bar_repository symbol=AAPL timeframe=1m
2026-01-14 19:03:54 [debug    ] bar_saved                      bar_index=29473748 component=bar_repository symbol=AAPL timeframe=1m
2026-01-14 19:03:54 [debug    ] bar_saved                      bar_index=29473749 component=bar_repository symbol=AAPL timeframe=1m
2026-01-14 19:03:54 [debug    ] bar_saved                      bar_index=29473750 component=bar_repository symbol=AAPL timeframe=1m
2026-01-14 19:03:54 [debug    ] bar_saved                      bar_index=29473751 component=bar_repository symbol=AAPL timeframe=1m
2026-01-14 19:03:54 [debug    ] bar_saved                      bar_index=29473752 component=bar_repository symbol=AAPL timeframe=1m
2026-01-14 19:03:54 [debug    ] bar_saved                      bar_index=29473753 component=bar_repository symbol=AAPL timeframe=1m
2026-01-14 19:03:54 [debug    ] bar_saved                      bar_index=29473754 component=bar_repository symbol=AAPL timeframe=1m
2026-01-14 19:03:54 [debug    ] bar_saved                      bar_index=29473755 component=bar_repository symbol=AAPL timeframe=1m
2026-01-14 19:03:54 [debug    ] bar_saved                      bar_index=29473756 component=bar_repository symbol=AAPL timeframe=1m
2026-01-14 19:03:54 [debug    ] bar_saved                      bar_index=29473757 component=bar_repository symbol=AAPL timeframe=1m
2026-01-14 19:03:54 [debug    ] bar_saved                      bar_index=29473758 component=bar_repository symbol=AAPL timeframe=1m
2026-01-14 19:03:54 [debug    ] bar_saved                      bar_index=29473759 component=bar_repository symbol=AAPL timeframe=1m
2026-01-14 19:03:54 [debug    ] bar_saved                      bar_index=29473760 component=bar_repository symbol=AAPL timeframe=1m
2026-01-14 19:03:54 [debug    ] bar_saved                      bar_index=29473761 component=bar_repository symbol=AAPL timeframe=1m
2026-01-14 19:03:54 [debug    ] bar_saved                      bar_index=29473762 component=bar_repository symbol=AAPL timeframe=1m
2026-01-14 19:03:54 [debug    ] bar_saved                      bar_index=29473763 component=bar_repository symbol=AAPL timeframe=1m
2026-01-14 19:03:54 [debug    ] bar_saved                      bar_index=29473764 component=bar_repository symbol=AAPL timeframe=1m
2026-01-14 19:03:54 [debug    ] bar_saved                      bar_index=29473765 component=bar_repository symbol=AAPL timeframe=1m
2026-01-14 19:03:54 [debug    ] bar_saved                      bar_index=29473766 component=bar_repository symbol=AAPL timeframe=1m
2026-01-14 19:03:54 [debug    ] bar_saved                      bar_index=29473767 component=bar_repository symbol=AAPL timeframe=1m
2026-01-14 19:03:54 [debug    ] bar_saved                      bar_index=29473768 component=bar_repository symbol=AAPL timeframe=1m
2026-01-14 19:03:54 [debug    ] bar_saved                      bar_index=29473769 component=bar_repository symbol=AAPL timeframe=1m
2026-01-14 19:03:54 [debug    ] bar_saved                      bar_index=29473770 component=bar_repository symbol=AAPL timeframe=1m
2026-01-14 19:03:54 [debug    ] bar_saved                      bar_index=29473771 component=bar_repository symbol=AAPL timeframe=1m
2026-01-14 19:03:54 [debug    ] bar_saved                      bar_index=29473772 component=bar_repository symbol=AAPL timeframe=1m
2026-01-14 19:03:54 [debug    ] bar_saved                      bar_index=29473773 component=bar_repository symbol=AAPL timeframe=1m
2026-01-14 19:03:54 [debug    ] bar_saved                      bar_index=29473774 component=bar_repository symbol=AAPL timeframe=1m
2026-01-14 19:03:54 [debug    ] bar_saved                      bar_index=29473775 component=bar_repository symbol=AAPL timeframe=1m
2026-01-14 19:03:54 [debug    ] bar_saved                      bar_index=29473776 component=bar_repository symbol=AAPL timeframe=1m
2026-01-14 19:03:54 [debug    ] bar_saved                      bar_index=29473777 component=bar_repository symbol=AAPL timeframe=1m
2026-01-14 19:03:54 [debug    ] bar_saved                      bar_index=29473778 component=bar_repository symbol=AAPL timeframe=1m
2026-01-14 19:03:54 [debug    ] bar_saved                      bar_index=29473779 component=bar_repository symbol=AAPL timeframe=1m
2026-01-14 19:03:54 [debug    ] bar_saved                      bar_index=29473780 component=bar_repository symbol=AAPL timeframe=1m
2026-01-14 19:03:54 [debug    ] bar_saved                      bar_index=29473781 component=bar_repository symbol=AAPL timeframe=1m
2026-01-14 19:03:54 [debug    ] bar_saved                      bar_index=29473782 component=bar_repository symbol=AAPL timeframe=1m
2026-01-14 19:03:54 [debug    ] bar_saved                      bar_index=29473783 component=bar_repository symbol=AAPL timeframe=1m
2026-01-14 19:03:54 [debug    ] bar_saved                      bar_index=29473784 component=bar_repository symbol=AAPL timeframe=1m
2026-01-14 19:03:54 [debug    ] bar_saved                      bar_index=29473785 component=bar_repository symbol=AAPL timeframe=1m
2026-01-14 19:03:54 [debug    ] bar_saved                      bar_index=29473786 component=bar_repository symbol=AAPL timeframe=1m
2026-01-14 19:03:54 [debug    ] bar_saved                      bar_index=29473787 component=bar_repository symbol=AAPL timeframe=1m
2026-01-14 19:03:54 [debug    ] bar_saved                      bar_index=29473788 component=bar_repository symbol=AAPL timeframe=1m
2026-01-14 19:03:54 [debug    ] bar_saved                      bar_index=29473789 component=bar_repository symbol=AAPL timeframe=1m
2026-01-14 19:03:54 [debug    ] bar_saved                      bar_index=29473790 component=bar_repository symbol=AAPL timeframe=1m
2026-01-14 19:03:54 [debug    ] bar_saved                      bar_index=29473791 component=bar_repository symbol=AAPL timeframe=1m
2026-01-14 19:03:54 [debug    ] bar_saved                      bar_index=29473792 component=bar_repository symbol=AAPL timeframe=1m
2026-01-14 19:03:54 [debug    ] bar_saved                      bar_index=29473793 component=bar_repository symbol=AAPL timeframe=1m
2026-01-14 19:03:54 [debug    ] bar_saved                      bar_index=29473794 component=bar_repository symbol=AAPL timeframe=1m
2026-01-14 19:03:54 [debug    ] bar_saved                      bar_index=29473795 component=bar_repository symbol=AAPL timeframe=1m
2026-01-14 19:03:54 [debug    ] bar_saved                      bar_index=29473796 component=bar_repository symbol=AAPL timeframe=1m
2026-01-14 19:03:54 [debug    ] bar_saved                      bar_index=29473797 component=bar_repository symbol=AAPL timeframe=1m
2026-01-14 19:03:54 [debug    ] bar_saved                      bar_index=29473798 component=bar_repository symbol=AAPL timeframe=1m
2026-01-14 19:03:54 [debug    ] bar_saved                      bar_index=29473799 component=bar_repository symbol=AAPL timeframe=1m
2026-01-14 19:03:54 [debug    ] bar_saved                      bar_index=29473800 component=bar_repository symbol=AAPL timeframe=1m
2026-01-14 19:03:54 [debug    ] bar_saved                      bar_index=29473801 component=bar_repository symbol=AAPL timeframe=1m
2026-01-14 19:03:54 [debug    ] bar_saved                      bar_index=29473802 component=bar_repository symbol=AAPL timeframe=1m
2026-01-14 19:03:54 [debug    ] bar_saved                      bar_index=29473803 component=bar_repository symbol=AAPL timeframe=1m
2026-01-14 19:03:54 [debug    ] bar_saved                      bar_index=29473804 component=bar_repository symbol=AAPL timeframe=1m
2026-01-14 19:03:54 [debug    ] bar_saved                      bar_index=29473805 component=bar_repository symbol=AAPL timeframe=1m
2026-01-14 19:03:54 [debug    ] bar_saved                      bar_index=29473806 component=bar_repository symbol=AAPL timeframe=1m
2026-01-14 19:03:54 [debug    ] bar_saved                      bar_index=29473807 component=bar_repository symbol=AAPL timeframe=1m
2026-01-14 19:03:54 [debug    ] bar_saved                      bar_index=29473808 component=bar_repository symbol=AAPL timeframe=1m
2026-01-14 19:03:54 [debug    ] bar_saved                      bar_index=29473809 component=bar_repository symbol=AAPL timeframe=1m
2026-01-14 19:03:54 [debug    ] bar_saved                      bar_index=29473810 component=bar_repository symbol=AAPL timeframe=1m
2026-01-14 19:03:54 [debug    ] bar_saved                      bar_index=29473811 component=bar_repository symbol=AAPL timeframe=1m
2026-01-14 19:03:54 [debug    ] bar_saved                      bar_index=29473812 component=bar_repository symbol=AAPL timeframe=1m
2026-01-14 19:03:54 [debug    ] bar_saved                      bar_index=29473813 component=bar_repository symbol=AAPL timeframe=1m
2026-01-14 19:03:54 [debug    ] bar_saved                      bar_index=29473814 component=bar_repository symbol=AAPL timeframe=1m
2026-01-14 19:03:54 [debug    ] bar_saved                      bar_index=29473815 component=bar_repository symbol=AAPL timeframe=1m
2026-01-14 19:03:54 [debug    ] bar_saved                      bar_index=29473816 component=bar_repository symbol=AAPL timeframe=1m
2026-01-14 19:03:54 [debug    ] bar_saved                      bar_index=29473817 component=bar_repository symbol=AAPL timeframe=1m
2026-01-14 19:03:54 [debug    ] bar_saved                      bar_index=29473818 component=bar_repository symbol=AAPL timeframe=1m
2026-01-14 19:03:54 [debug    ] bar_saved                      bar_index=29473819 component=bar_repository symbol=AAPL timeframe=1m
2026-01-14 19:03:54 [debug    ] bar_saved                      bar_index=29473820 component=bar_repository symbol=AAPL timeframe=1m
2026-01-14 19:03:54 [debug    ] bar_saved                      bar_index=29473821 component=bar_repository symbol=AAPL timeframe=1m
2026-01-14 19:03:54 [debug    ] bar_saved                      bar_index=29473822 component=bar_repository symbol=AAPL timeframe=1m
2026-01-14 19:03:54 [debug    ] bar_saved                      bar_index=29473823 component=bar_repository symbol=AAPL timeframe=1m
2026-01-14 19:03:54 [debug    ] bar_saved                      bar_index=29473824 component=bar_repository symbol=AAPL timeframe=1m
2026-01-14 19:03:54 [debug    ] bar_saved                      bar_index=29473825 component=bar_repository symbol=AAPL timeframe=1m
2026-01-14 19:03:54 [debug    ] bar_saved                      bar_index=29473826 component=bar_repository symbol=AAPL timeframe=1m
2026-01-14 19:03:54 [debug    ] bar_saved                      bar_index=29473827 component=bar_repository symbol=AAPL timeframe=1m
2026-01-14 19:03:54 [debug    ] bar_saved                      bar_index=29473828 component=bar_repository symbol=AAPL timeframe=1m
2026-01-14 19:03:54 [debug    ] bar_saved                      bar_index=29473829 component=bar_repository symbol=AAPL timeframe=1m
2026-01-14 19:03:54 [debug    ] bar_saved                      bar_index=29473830 component=bar_repository symbol=AAPL timeframe=1m
2026-01-14 19:03:54 [debug    ] bar_saved                      bar_index=29473831 component=bar_repository symbol=AAPL timeframe=1m
2026-01-14 19:03:54 [debug    ] bar_saved                      bar_index=29473832 component=bar_repository symbol=AAPL timeframe=1m
2026-01-14 19:03:54 [debug    ] bar_saved                      bar_index=29473833 component=bar_repository symbol=AAPL timeframe=1m
2026-01-14 19:03:54 [debug    ] bar_saved                      bar_index=29473834 component=bar_repository symbol=AAPL timeframe=1m
2026-01-14 19:03:54 [debug    ] bar_saved                      bar_index=29473835 component=bar_repository symbol=AAPL timeframe=1m
2026-01-14 19:03:54 [debug    ] bar_saved                      bar_index=29473836 component=bar_repository symbol=AAPL timeframe=1m
2026-01-14 19:03:54 [debug    ] bar_saved                      bar_index=29473837 component=bar_repository symbol=AAPL timeframe=1m
2026-01-14 19:03:54 [debug    ] bar_saved                      bar_index=29473838 component=bar_repository symbol=AAPL timeframe=1m
2026-01-14 19:03:54 [debug    ] bar_saved                      bar_index=29473839 component=bar_repository symbol=AAPL timeframe=1m
2026-01-14 19:03:54 [debug    ] bar_saved                      bar_index=29473840 component=bar_repository symbol=AAPL timeframe=1m
2026-01-14 19:03:54 [debug    ] bar_saved                      bar_index=29473841 component=bar_repository symbol=AAPL timeframe=1m
2026-01-14 19:03:54 [debug    ] bar_saved                      bar_index=29473842 component=bar_repository symbol=AAPL timeframe=1m
2026-01-14 19:03:54 [debug    ] bar_saved                      bar_index=29473843 component=bar_repository symbol=AAPL timeframe=1m
2026-01-14 19:03:54 [debug    ] bar_saved                      bar_index=29473922 component=bar_repository symbol=AAPL timeframe=1m
2026-01-14 19:03:54 [debug    ] bar_saved                      bar_index=29473923 component=bar_repository symbol=AAPL timeframe=1m
2026-01-14 19:03:55 [debug    ] bar_saved                      bar_index=29473020 component=bar_repository symbol=TSLA timeframe=1m
2026-01-14 19:03:55 [debug    ] bar_saved                      bar_index=29473021 component=bar_repository symbol=TSLA timeframe=1m
2026-01-14 19:03:55 [debug    ] bar_saved                      bar_index=29473022 component=bar_repository symbol=TSLA timeframe=1m
2026-01-14 19:03:55 [debug    ] bar_saved                      bar_index=29473023 component=bar_repository symbol=TSLA timeframe=1m
2026-01-14 19:03:55 [debug    ] bar_saved                      bar_index=29473024 component=bar_repository symbol=TSLA timeframe=1m
2026-01-14 19:03:55 [debug    ] bar_saved                      bar_index=29473025 component=bar_repository symbol=TSLA timeframe=1m
2026-01-14 19:03:55 [debug    ] bar_saved                      bar_index=29473026 component=bar_repository symbol=TSLA timeframe=1m
2026-01-14 19:03:55 [debug    ] bar_saved                      bar_index=29473027 component=bar_repository symbol=TSLA timeframe=1m
2026-01-14 19:03:55 [debug    ] bar_saved                      bar_index=29473028 component=bar_repository symbol=TSLA timeframe=1m
2026-01-14 19:03:55 [debug    ] bar_saved                      bar_index=29473029 component=bar_repository symbol=TSLA timeframe=1m
2026-01-14 19:03:55 [debug    ] bar_saved                      bar_index=29473030 component=bar_repository symbol=TSLA timeframe=1m
2026-01-14 19:03:55 [debug    ] bar_saved                      bar_index=29473031 component=bar_repository symbol=TSLA timeframe=1m
2026-01-14 19:03:55 [debug    ] bar_saved                      bar_index=29473032 component=bar_repository symbol=TSLA timeframe=1m
2026-01-14 19:03:55 [debug    ] bar_saved                      bar_index=29473034 component=bar_repository symbol=TSLA timeframe=1m
2026-01-14 19:03:55 [debug    ] bar_saved                      bar_index=29473035 component=bar_repository symbol=TSLA timeframe=1m
2026-01-14 19:03:55 [debug    ] bar_saved                      bar_index=29473036 component=bar_repository symbol=TSLA timeframe=1m
2026-01-14 19:03:55 [debug    ] bar_saved                      bar_index=29473037 component=bar_repository symbol=TSLA timeframe=1m
2026-01-14 19:03:55 [debug    ] bar_saved                      bar_index=29473038 component=bar_repository symbol=TSLA timeframe=1m
2026-01-14 19:03:55 [debug    ] bar_saved                      bar_index=29473039 component=bar_repository symbol=TSLA timeframe=1m
2026-01-14 19:03:55 [debug    ] bar_saved                      bar_index=29473040 component=bar_repository symbol=TSLA timeframe=1m
2026-01-14 19:03:55 [debug    ] bar_saved                      bar_index=29473041 component=bar_repository symbol=TSLA timeframe=1m
2026-01-14 19:03:55 [debug    ] bar_saved                      bar_index=29473042 component=bar_repository symbol=TSLA timeframe=1m
2026-01-14 19:03:55 [debug    ] bar_saved                      bar_index=29473043 component=bar_repository symbol=TSLA timeframe=1m
2026-01-14 19:03:55 [debug    ] bar_saved                      bar_index=29473044 component=bar_repository symbol=TSLA timeframe=1m
2026-01-14 19:03:55 [debug    ] bar_saved                      bar_index=29473046 component=bar_repository symbol=TSLA timeframe=1m
2026-01-14 19:03:55 [debug    ] bar_saved                      bar_index=29473047 component=bar_repository symbol=TSLA timeframe=1m
2026-01-14 19:03:55 [debug    ] bar_saved                      bar_index=29473048 component=bar_repository symbol=TSLA timeframe=1m
2026-01-14 19:03:55 [debug    ] bar_saved                      bar_index=29473049 component=bar_repository symbol=TSLA timeframe=1m
2026-01-14 19:03:55 [debug    ] bar_saved                      bar_index=29473050 component=bar_repository symbol=TSLA timeframe=1m
2026-01-14 19:03:55 [debug    ] bar_saved                      bar_index=29473051 component=bar_repository symbol=TSLA timeframe=1m
2026-01-14 19:03:55 [debug    ] bar_saved                      bar_index=29473052 component=bar_repository symbol=TSLA timeframe=1m
2026-01-14 19:03:55 [debug    ] bar_saved                      bar_index=29473053 component=bar_repository symbol=TSLA timeframe=1m
2026-01-14 19:03:55 [debug    ] bar_saved                      bar_index=29473054 component=bar_repository symbol=TSLA timeframe=1m
2026-01-14 19:03:55 [debug    ] bar_saved                      bar_index=29473055 component=bar_repository symbol=TSLA timeframe=1m
2026-01-14 19:03:55 [debug    ] bar_saved                      bar_index=29473056 component=bar_repository symbol=TSLA timeframe=1m
2026-01-14 19:03:55 [debug    ] bar_saved                      bar_index=29473057 component=bar_repository symbol=TSLA timeframe=1m
2026-01-14 19:03:55 [debug    ] bar_saved                      bar_index=29473058 component=bar_repository symbol=TSLA timeframe=1m
2026-01-14 19:03:55 [debug    ] bar_saved                      bar_index=29473059 component=bar_repository symbol=TSLA timeframe=1m
2026-01-14 19:03:55 [debug    ] bar_saved                      bar_index=29473062 component=bar_repository symbol=TSLA timeframe=1m
2026-01-14 19:03:55 [debug    ] bar_saved                      bar_index=29473063 component=bar_repository symbol=TSLA timeframe=1m
2026-01-14 19:03:55 [debug    ] bar_saved                      bar_index=29473064 component=bar_repository symbol=TSLA timeframe=1m
2026-01-14 19:03:55 [debug    ] bar_saved                      bar_index=29473065 component=bar_repository symbol=TSLA timeframe=1m
2026-01-14 19:03:55 [debug    ] bar_saved                      bar_index=29473068 component=bar_repository symbol=TSLA timeframe=1m
2026-01-14 19:03:55 [debug    ] bar_saved                      bar_index=29473069 component=bar_repository symbol=TSLA timeframe=1m
2026-01-14 19:03:55 [debug    ] bar_saved                      bar_index=29473070 component=bar_repository symbol=TSLA timeframe=1m
2026-01-14 19:03:55 [debug    ] bar_saved                      bar_index=29473071 component=bar_repository symbol=TSLA timeframe=1m
2026-01-14 19:03:55 [debug    ] bar_saved                      bar_index=29473072 component=bar_repository symbol=TSLA timeframe=1m
2026-01-14 19:03:55 [debug    ] bar_saved                      bar_index=29473073 component=bar_repository symbol=TSLA timeframe=1m
2026-01-14 19:03:55 [debug    ] bar_saved                      bar_index=29473074 component=bar_repository symbol=TSLA timeframe=1m
2026-01-14 19:03:55 [debug    ] bar_saved                      bar_index=29473075 component=bar_repository symbol=TSLA timeframe=1m
2026-01-14 19:03:55 [debug    ] bar_saved                      bar_index=29473076 component=bar_repository symbol=TSLA timeframe=1m
2026-01-14 19:03:55 [debug    ] bar_saved                      bar_index=29473077 component=bar_repository symbol=TSLA timeframe=1m
2026-01-14 19:03:55 [debug    ] bar_saved                      bar_index=29473078 component=bar_repository symbol=TSLA timeframe=1m
2026-01-14 19:03:55 [debug    ] bar_saved                      bar_index=29473079 component=bar_repository symbol=TSLA timeframe=1m
2026-01-14 19:03:55 [debug    ] bar_saved                      bar_index=29473080 component=bar_repository symbol=TSLA timeframe=1m
2026-01-14 19:03:55 [debug    ] bar_saved                      bar_index=29473081 component=bar_repository symbol=TSLA timeframe=1m
2026-01-14 19:03:55 [debug    ] bar_saved                      bar_index=29473082 component=bar_repository symbol=TSLA timeframe=1m
2026-01-14 19:03:55 [debug    ] bar_saved                      bar_index=29473083 component=bar_repository symbol=TSLA timeframe=1m
2026-01-14 19:03:55 [debug    ] bar_saved                      bar_index=29473084 component=bar_repository symbol=TSLA timeframe=1m
2026-01-14 19:03:55 [debug    ] bar_saved                      bar_index=29473085 component=bar_repository symbol=TSLA timeframe=1m
2026-01-14 19:03:55 [debug    ] bar_saved                      bar_index=29473086 component=bar_repository symbol=TSLA timeframe=1m
2026-01-14 19:03:55 [debug    ] bar_saved                      bar_index=29473087 component=bar_repository symbol=TSLA timeframe=1m
2026-01-14 19:03:55 [debug    ] bar_saved                      bar_index=29473089 component=bar_repository symbol=TSLA timeframe=1m
2026-01-14 19:03:55 [debug    ] bar_saved                      bar_index=29473090 component=bar_repository symbol=TSLA timeframe=1m
2026-01-14 19:03:55 [debug    ] bar_saved                      bar_index=29473091 component=bar_repository symbol=TSLA timeframe=1m
2026-01-14 19:03:55 [debug    ] bar_saved                      bar_index=29473092 component=bar_repository symbol=TSLA timeframe=1m
2026-01-14 19:03:55 [debug    ] bar_saved                      bar_index=29473093 component=bar_repository symbol=TSLA timeframe=1m
2026-01-14 19:03:55 [debug    ] bar_saved                      bar_index=29473094 component=bar_repository symbol=TSLA timeframe=1m
2026-01-14 19:03:55 [debug    ] bar_saved                      bar_index=29473095 component=bar_repository symbol=TSLA timeframe=1m
2026-01-14 19:03:55 [debug    ] bar_saved                      bar_index=29473096 component=bar_repository symbol=TSLA timeframe=1m
2026-01-14 19:03:55 [debug    ] bar_saved                      bar_index=29473097 component=bar_repository symbol=TSLA timeframe=1m
2026-01-14 19:03:55 [debug    ] bar_saved                      bar_index=29473098 component=bar_repository symbol=TSLA timeframe=1m
2026-01-14 19:03:55 [debug    ] bar_saved                      bar_index=29473099 component=bar_repository symbol=TSLA timeframe=1m
2026-01-14 19:03:55 [debug    ] bar_saved                      bar_index=29473100 component=bar_repository symbol=TSLA timeframe=1m
2026-01-14 19:03:55 [debug    ] bar_saved                      bar_index=29473101 component=bar_repository symbol=TSLA timeframe=1m
2026-01-14 19:03:55 [debug    ] bar_saved                      bar_index=29473102 component=bar_repository symbol=TSLA timeframe=1m
2026-01-14 19:03:55 [debug    ] bar_saved                      bar_index=29473103 component=bar_repository symbol=TSLA timeframe=1m
2026-01-14 19:03:55 [debug    ] bar_saved                      bar_index=29473104 component=bar_repository symbol=TSLA timeframe=1m
2026-01-14 19:03:55 [debug    ] bar_saved                      bar_index=29473105 component=bar_repository symbol=TSLA timeframe=1m
2026-01-14 19:03:55 [debug    ] bar_saved                      bar_index=29473106 component=bar_repository symbol=TSLA timeframe=1m
2026-01-14 19:03:55 [debug    ] bar_saved                      bar_index=29473107 component=bar_repository symbol=TSLA timeframe=1m
2026-01-14 19:03:55 [debug    ] bar_saved                      bar_index=29473108 component=bar_repository symbol=TSLA timeframe=1m
2026-01-14 19:03:55 [debug    ] bar_saved                      bar_index=29473109 component=bar_repository symbol=TSLA timeframe=1m
2026-01-14 19:03:55 [debug    ] bar_saved                      bar_index=29473110 component=bar_repository symbol=TSLA timeframe=1m
2026-01-14 19:03:55 [debug    ] bar_saved                      bar_index=29473111 component=bar_repository symbol=TSLA timeframe=1m
2026-01-14 19:03:55 [debug    ] bar_saved                      bar_index=29473112 component=bar_repository symbol=TSLA timeframe=1m
2026-01-14 19:03:55 [debug    ] bar_saved                      bar_index=29473113 component=bar_repository symbol=TSLA timeframe=1m
2026-01-14 19:03:55 [debug    ] bar_saved                      bar_index=29473114 component=bar_repository symbol=TSLA timeframe=1m
2026-01-14 19:03:55 [debug    ] bar_saved                      bar_index=29473115 component=bar_repository symbol=TSLA timeframe=1m
2026-01-14 19:03:55 [debug    ] bar_saved                      bar_index=29473116 component=bar_repository symbol=TSLA timeframe=1m
2026-01-14 19:03:55 [debug    ] bar_saved                      bar_index=29473117 component=bar_repository symbol=TSLA timeframe=1m
2026-01-14 19:03:55 [debug    ] bar_saved                      bar_index=29473118 component=bar_repository symbol=TSLA timeframe=1m
2026-01-14 19:03:55 [debug    ] bar_saved                      bar_index=29473119 component=bar_repository symbol=TSLA timeframe=1m
2026-01-14 19:03:55 [debug    ] bar_saved                      bar_index=29473120 component=bar_repository symbol=TSLA timeframe=1m
2026-01-14 19:03:55 [debug    ] bar_saved                      bar_index=29473121 component=bar_repository symbol=TSLA timeframe=1m
2026-01-14 19:03:55 [debug    ] bar_saved                      bar_index=29473122 component=bar_repository symbol=TSLA timeframe=1m
2026-01-14 19:03:55 [debug    ] bar_saved                      bar_index=29473123 component=bar_repository symbol=TSLA timeframe=1m
2026-01-14 19:03:55 [debug    ] bar_saved                      bar_index=29473124 component=bar_repository symbol=TSLA timeframe=1m
2026-01-14 19:03:55 [debug    ] bar_saved                      bar_index=29473125 component=bar_repository symbol=TSLA timeframe=1m
2026-01-14 19:03:55 [debug    ] bar_saved                      bar_index=29473126 component=bar_repository symbol=TSLA timeframe=1m
2026-01-14 19:03:55 [debug    ] bar_saved                      bar_index=29473127 component=bar_repository symbol=TSLA timeframe=1m
2026-01-14 19:03:55 [debug    ] bar_saved                      bar_index=29473128 component=bar_repository symbol=TSLA timeframe=1m
2026-01-14 19:03:55 [debug    ] bar_saved                      bar_index=29473129 component=bar_repository symbol=TSLA timeframe=1m
2026-01-14 19:03:55 [debug    ] bar_saved                      bar_index=29473130 component=bar_repository symbol=TSLA timeframe=1m
2026-01-14 19:03:55 [debug    ] bar_saved                      bar_index=29473131 component=bar_repository symbol=TSLA timeframe=1m
2026-01-14 19:03:55 [debug    ] bar_saved                      bar_index=29473132 component=bar_repository symbol=TSLA timeframe=1m
2026-01-14 19:03:55 [debug    ] bar_saved                      bar_index=29473133 component=bar_repository symbol=TSLA timeframe=1m
2026-01-14 19:03:55 [debug    ] bar_saved                      bar_index=29473134 component=bar_repository symbol=TSLA timeframe=1m
2026-01-14 19:03:55 [debug    ] bar_saved                      bar_index=29473135 component=bar_repository symbol=TSLA timeframe=1m
2026-01-14 19:03:55 [debug    ] bar_saved                      bar_index=29473136 component=bar_repository symbol=TSLA timeframe=1m
2026-01-14 19:03:55 [debug    ] bar_saved                      bar_index=29473137 component=bar_repository symbol=TSLA timeframe=1m
2026-01-14 19:03:55 [debug    ] bar_saved                      bar_index=29473138 component=bar_repository symbol=TSLA timeframe=1m
2026-01-14 19:03:55 [debug    ] bar_saved                      bar_index=29473139 component=bar_repository symbol=TSLA timeframe=1m
2026-01-14 19:03:55 [debug    ] bar_saved                      bar_index=29473350 component=bar_repository symbol=TSLA timeframe=1m
2026-01-14 19:03:55 [debug    ] bar_saved                      bar_index=29473351 component=bar_repository symbol=TSLA timeframe=1m
2026-01-14 19:03:55 [debug    ] bar_saved                      bar_index=29473352 component=bar_repository symbol=TSLA timeframe=1m
2026-01-14 19:03:55 [debug    ] bar_saved                      bar_index=29473353 component=bar_repository symbol=TSLA timeframe=1m
2026-01-14 19:03:55 [debug    ] bar_saved                      bar_index=29473354 component=bar_repository symbol=TSLA timeframe=1m
2026-01-14 19:03:55 [debug    ] bar_saved                      bar_index=29473355 component=bar_repository symbol=TSLA timeframe=1m
2026-01-14 19:03:55 [debug    ] bar_saved                      bar_index=29473356 component=bar_repository symbol=TSLA timeframe=1m
2026-01-14 19:03:55 [debug    ] bar_saved                      bar_index=29473357 component=bar_repository symbol=TSLA timeframe=1m
2026-01-14 19:03:55 [debug    ] bar_saved                      bar_index=29473358 component=bar_repository symbol=TSLA timeframe=1m
2026-01-14 19:03:55 [debug    ] bar_saved                      bar_index=29473359 component=bar_repository symbol=TSLA timeframe=1m
2026-01-14 19:03:55 [debug    ] bar_saved                      bar_index=29473360 component=bar_repository symbol=TSLA timeframe=1m
2026-01-14 19:03:55 [debug    ] bar_saved                      bar_index=29473361 component=bar_repository symbol=TSLA timeframe=1m
2026-01-14 19:03:55 [debug    ] bar_saved                      bar_index=29473362 component=bar_repository symbol=TSLA timeframe=1m
2026-01-14 19:03:55 [debug    ] bar_saved                      bar_index=29473363 component=bar_repository symbol=TSLA timeframe=1m
2026-01-14 19:03:55 [debug    ] bar_saved                      bar_index=29473364 component=bar_repository symbol=TSLA timeframe=1m
2026-01-14 19:03:55 [debug    ] bar_saved                      bar_index=29473365 component=bar_repository symbol=TSLA timeframe=1m
2026-01-14 19:03:55 [debug    ] bar_saved                      bar_index=29473366 component=bar_repository symbol=TSLA timeframe=1m
2026-01-14 19:03:55 [debug    ] bar_saved                      bar_index=29473367 component=bar_repository symbol=TSLA timeframe=1m
2026-01-14 19:03:55 [debug    ] bar_saved                      bar_index=29473368 component=bar_repository symbol=TSLA timeframe=1m
2026-01-14 19:03:55 [debug    ] bar_saved                      bar_index=29473369 component=bar_repository symbol=TSLA timeframe=1m
2026-01-14 19:03:55 [debug    ] bar_saved                      bar_index=29473370 component=bar_repository symbol=TSLA timeframe=1m
2026-01-14 19:03:55 [debug    ] bar_saved                      bar_index=29473371 component=bar_repository symbol=TSLA timeframe=1m
2026-01-14 19:03:55 [debug    ] bar_saved                      bar_index=29473372 component=bar_repository symbol=TSLA timeframe=1m
2026-01-14 19:03:55 [debug    ] bar_saved                      bar_index=29473373 component=bar_repository symbol=TSLA timeframe=1m
2026-01-14 19:03:55 [debug    ] bar_saved                      bar_index=29473374 component=bar_repository symbol=TSLA timeframe=1m
2026-01-14 19:03:55 [debug    ] bar_saved                      bar_index=29473375 component=bar_repository symbol=TSLA timeframe=1m
2026-01-14 19:03:55 [debug    ] bar_saved                      bar_index=29473376 component=bar_repository symbol=TSLA timeframe=1m
2026-01-14 19:03:55 [debug    ] bar_saved                      bar_index=29473377 component=bar_repository symbol=TSLA timeframe=1m
2026-01-14 19:03:55 [debug    ] bar_saved                      bar_index=29473378 component=bar_repository symbol=TSLA timeframe=1m
2026-01-14 19:03:55 [debug    ] bar_saved                      bar_index=29473379 component=bar_repository symbol=TSLA timeframe=1m
2026-01-14 19:03:55 [debug    ] bar_saved                      bar_index=29473380 component=bar_repository symbol=TSLA timeframe=1m
2026-01-14 19:03:55 [debug    ] bar_saved                      bar_index=29473381 component=bar_repository symbol=TSLA timeframe=1m
2026-01-14 19:03:55 [debug    ] bar_saved                      bar_index=29473382 component=bar_repository symbol=TSLA timeframe=1m
2026-01-14 19:03:55 [debug    ] bar_saved                      bar_index=29473383 component=bar_repository symbol=TSLA timeframe=1m
2026-01-14 19:03:55 [debug    ] bar_saved                      bar_index=29473384 component=bar_repository symbol=TSLA timeframe=1m
2026-01-14 19:03:55 [debug    ] bar_saved                      bar_index=29473385 component=bar_repository symbol=TSLA timeframe=1m
2026-01-14 19:03:55 [debug    ] bar_saved                      bar_index=29473386 component=bar_repository symbol=TSLA timeframe=1m
2026-01-14 19:03:55 [debug    ] bar_saved                      bar_index=29473387 component=bar_repository symbol=TSLA timeframe=1m
2026-01-14 19:03:55 [debug    ] bar_saved                      bar_index=29473388 component=bar_repository symbol=TSLA timeframe=1m
2026-01-14 19:03:55 [debug    ] bar_saved                      bar_index=29473389 component=bar_repository symbol=TSLA timeframe=1m
2026-01-14 19:03:55 [debug    ] bar_saved                      bar_index=29473390 component=bar_repository symbol=TSLA timeframe=1m
2026-01-14 19:03:55 [debug    ] bar_saved                      bar_index=29473391 component=bar_repository symbol=TSLA timeframe=1m
2026-01-14 19:03:55 [debug    ] bar_saved                      bar_index=29473392 component=bar_repository symbol=TSLA timeframe=1m
2026-01-14 19:03:55 [debug    ] bar_saved                      bar_index=29473393 component=bar_repository symbol=TSLA timeframe=1m
2026-01-14 19:03:55 [debug    ] bar_saved                      bar_index=29473394 component=bar_repository symbol=TSLA timeframe=1m
2026-01-14 19:03:55 [debug    ] bar_saved                      bar_index=29473395 component=bar_repository symbol=TSLA timeframe=1m
2026-01-14 19:03:55 [debug    ] bar_saved                      bar_index=29473396 component=bar_repository symbol=TSLA timeframe=1m
2026-01-14 19:03:55 [debug    ] bar_saved                      bar_index=29473397 component=bar_repository symbol=TSLA timeframe=1m
2026-01-14 19:03:55 [debug    ] bar_saved                      bar_index=29473398 component=bar_repository symbol=TSLA timeframe=1m
2026-01-14 19:03:55 [debug    ] bar_saved                      bar_index=29473399 component=bar_repository symbol=TSLA timeframe=1m
2026-01-14 19:03:55 [debug    ] bar_saved                      bar_index=29473400 component=bar_repository symbol=TSLA timeframe=1m
2026-01-14 19:03:55 [debug    ] bar_saved                      bar_index=29473401 component=bar_repository symbol=TSLA timeframe=1m
2026-01-14 19:03:55 [debug    ] bar_saved                      bar_index=29473402 component=bar_repository symbol=TSLA timeframe=1m
2026-01-14 19:03:55 [debug    ] bar_saved                      bar_index=29473403 component=bar_repository symbol=TSLA timeframe=1m
2026-01-14 19:03:55 [debug    ] bar_saved                      bar_index=29473404 component=bar_repository symbol=TSLA timeframe=1m
2026-01-14 19:03:55 [debug    ] bar_saved                      bar_index=29473405 component=bar_repository symbol=TSLA timeframe=1m
2026-01-14 19:03:55 [debug    ] bar_saved                      bar_index=29473406 component=bar_repository symbol=TSLA timeframe=1m
2026-01-14 19:03:55 [debug    ] bar_saved                      bar_index=29473407 component=bar_repository symbol=TSLA timeframe=1m
2026-01-14 19:03:55 [debug    ] bar_saved                      bar_index=29473408 component=bar_repository symbol=TSLA timeframe=1m
2026-01-14 19:03:55 [debug    ] bar_saved                      bar_index=29473409 component=bar_repository symbol=TSLA timeframe=1m
2026-01-14 19:03:55 [debug    ] bar_saved                      bar_index=29473410 component=bar_repository symbol=TSLA timeframe=1m
2026-01-14 19:03:55 [debug    ] bar_saved                      bar_index=29473411 component=bar_repository symbol=TSLA timeframe=1m
2026-01-14 19:03:55 [debug    ] bar_saved                      bar_index=29473412 component=bar_repository symbol=TSLA timeframe=1m
2026-01-14 19:03:55 [debug    ] bar_saved                      bar_index=29473413 component=bar_repository symbol=TSLA timeframe=1m
2026-01-14 19:03:55 [debug    ] bar_saved                      bar_index=29473414 component=bar_repository symbol=TSLA timeframe=1m
2026-01-14 19:03:55 [debug    ] bar_saved                      bar_index=29473415 component=bar_repository symbol=TSLA timeframe=1m
2026-01-14 19:03:55 [debug    ] bar_saved                      bar_index=29473416 component=bar_repository symbol=TSLA timeframe=1m
2026-01-14 19:03:55 [debug    ] bar_saved                      bar_index=29473417 component=bar_repository symbol=TSLA timeframe=1m
2026-01-14 19:03:55 [debug    ] bar_saved                      bar_index=29473418 component=bar_repository symbol=TSLA timeframe=1m
2026-01-14 19:03:55 [debug    ] bar_saved                      bar_index=29473419 component=bar_repository symbol=TSLA timeframe=1m
2026-01-14 19:03:55 [debug    ] bar_saved                      bar_index=29473420 component=bar_repository symbol=TSLA timeframe=1m
2026-01-14 19:03:55 [debug    ] bar_saved                      bar_index=29473421 component=bar_repository symbol=TSLA timeframe=1m
2026-01-14 19:03:55 [debug    ] bar_saved                      bar_index=29473422 component=bar_repository symbol=TSLA timeframe=1m
2026-01-14 19:03:55 [debug    ] bar_saved                      bar_index=29473423 component=bar_repository symbol=TSLA timeframe=1m
2026-01-14 19:03:55 [debug    ] bar_saved                      bar_index=29473424 component=bar_repository symbol=TSLA timeframe=1m
2026-01-14 19:03:55 [debug    ] bar_saved                      bar_index=29473425 component=bar_repository symbol=TSLA timeframe=1m
2026-01-14 19:03:55 [debug    ] bar_saved                      bar_index=29473426 component=bar_repository symbol=TSLA timeframe=1m
2026-01-14 19:03:55 [debug    ] bar_saved                      bar_index=29473427 component=bar_repository symbol=TSLA timeframe=1m
2026-01-14 19:03:55 [debug    ] bar_saved                      bar_index=29473428 component=bar_repository symbol=TSLA timeframe=1m
2026-01-14 19:03:55 [debug    ] bar_saved                      bar_index=29473429 component=bar_repository symbol=TSLA timeframe=1m
2026-01-14 19:03:55 [debug    ] bar_saved                      bar_index=29473430 component=bar_repository symbol=TSLA timeframe=1m
2026-01-14 19:03:55 [debug    ] bar_saved                      bar_index=29473431 component=bar_repository symbol=TSLA timeframe=1m
2026-01-14 19:03:55 [debug    ] bar_saved                      bar_index=29473432 component=bar_repository symbol=TSLA timeframe=1m
2026-01-14 19:03:55 [debug    ] bar_saved                      bar_index=29473433 component=bar_repository symbol=TSLA timeframe=1m
2026-01-14 19:03:55 [debug    ] bar_saved                      bar_index=29473434 component=bar_repository symbol=TSLA timeframe=1m
2026-01-14 19:03:55 [debug    ] bar_saved                      bar_index=29473435 component=bar_repository symbol=TSLA timeframe=1m
2026-01-14 19:03:55 [debug    ] bar_saved                      bar_index=29473436 component=bar_repository symbol=TSLA timeframe=1m
2026-01-14 19:03:55 [debug    ] bar_saved                      bar_index=29473437 component=bar_repository symbol=TSLA timeframe=1m
2026-01-14 19:03:55 [debug    ] bar_saved                      bar_index=29473438 component=bar_repository symbol=TSLA timeframe=1m
2026-01-14 19:03:55 [debug    ] bar_saved                      bar_index=29473439 component=bar_repository symbol=TSLA timeframe=1m
2026-01-14 19:03:55 [debug    ] bar_saved                      bar_index=29473440 component=bar_repository symbol=TSLA timeframe=1m
2026-01-14 19:03:55 [debug    ] bar_saved                      bar_index=29473441 component=bar_repository symbol=TSLA timeframe=1m
2026-01-14 19:03:55 [debug    ] bar_saved                      bar_index=29473442 component=bar_repository symbol=TSLA timeframe=1m
2026-01-14 19:03:55 [debug    ] bar_saved                      bar_index=29473443 component=bar_repository symbol=TSLA timeframe=1m
2026-01-14 19:03:55 [debug    ] bar_saved                      bar_index=29473444 component=bar_repository symbol=TSLA timeframe=1m
2026-01-14 19:03:55 [debug    ] bar_saved                      bar_index=29473445 component=bar_repository symbol=TSLA timeframe=1m
2026-01-14 19:03:55 [debug    ] bar_saved                      bar_index=29473446 component=bar_repository symbol=TSLA timeframe=1m
2026-01-14 19:03:55 [debug    ] bar_saved                      bar_index=29473447 component=bar_repository symbol=TSLA timeframe=1m
2026-01-14 19:03:55 [debug    ] bar_saved                      bar_index=29473448 component=bar_repository symbol=TSLA timeframe=1m
2026-01-14 19:03:55 [debug    ] bar_saved                      bar_index=29473449 component=bar_repository symbol=TSLA timeframe=1m
2026-01-14 19:03:55 [debug    ] bar_saved                      bar_index=29473450 component=bar_repository symbol=TSLA timeframe=1m
2026-01-14 19:03:55 [debug    ] bar_saved                      bar_index=29473451 component=bar_repository symbol=TSLA timeframe=1m
2026-01-14 19:03:55 [debug    ] bar_saved                      bar_index=29473452 component=bar_repository symbol=TSLA timeframe=1m
2026-01-14 19:03:55 [debug    ] bar_saved                      bar_index=29473453 component=bar_repository symbol=TSLA timeframe=1m
2026-01-14 19:03:55 [debug    ] bar_saved                      bar_index=29473454 component=bar_repository symbol=TSLA timeframe=1m
2026-01-14 19:03:55 [debug    ] bar_saved                      bar_index=29473455 component=bar_repository symbol=TSLA timeframe=1m
2026-01-14 19:03:55 [debug    ] bar_saved                      bar_index=29473456 component=bar_repository symbol=TSLA timeframe=1m
2026-01-14 19:03:55 [debug    ] bar_saved                      bar_index=29473457 component=bar_repository symbol=TSLA timeframe=1m
2026-01-14 19:03:55 [debug    ] bar_saved                      bar_index=29473458 component=bar_repository symbol=TSLA timeframe=1m
2026-01-14 19:03:55 [debug    ] bar_saved                      bar_index=29473459 component=bar_repository symbol=TSLA timeframe=1m
2026-01-14 19:03:55 [debug    ] bar_saved                      bar_index=29473460 component=bar_repository symbol=TSLA timeframe=1m
2026-01-14 19:03:55 [debug    ] bar_saved                      bar_index=29473461 component=bar_repository symbol=TSLA timeframe=1m
2026-01-14 19:03:55 [debug    ] bar_saved                      bar_index=29473462 component=bar_repository symbol=TSLA timeframe=1m
2026-01-14 19:03:55 [debug    ] bar_saved                      bar_index=29473463 component=bar_repository symbol=TSLA timeframe=1m
2026-01-14 19:03:55 [debug    ] bar_saved                      bar_index=29473464 component=bar_repository symbol=TSLA timeframe=1m
2026-01-14 19:03:55 [debug    ] bar_saved                      bar_index=29473465 component=bar_repository symbol=TSLA timeframe=1m
2026-01-14 19:03:55 [debug    ] bar_saved                      bar_index=29473466 component=bar_repository symbol=TSLA timeframe=1m
2026-01-14 19:03:55 [debug    ] bar_saved                      bar_index=29473467 component=bar_repository symbol=TSLA timeframe=1m
2026-01-14 19:03:55 [debug    ] bar_saved                      bar_index=29473468 component=bar_repository symbol=TSLA timeframe=1m
2026-01-14 19:03:55 [debug    ] bar_saved                      bar_index=29473469 component=bar_repository symbol=TSLA timeframe=1m
2026-01-14 19:03:55 [debug    ] bar_saved                      bar_index=29473470 component=bar_repository symbol=TSLA timeframe=1m
2026-01-14 19:03:55 [debug    ] bar_saved                      bar_index=29473471 component=bar_repository symbol=TSLA timeframe=1m
2026-01-14 19:03:55 [debug    ] bar_saved                      bar_index=29473472 component=bar_repository symbol=TSLA timeframe=1m
2026-01-14 19:03:55 [debug    ] bar_saved                      bar_index=29473473 component=bar_repository symbol=TSLA timeframe=1m
2026-01-14 19:03:55 [debug    ] bar_saved                      bar_index=29473474 component=bar_repository symbol=TSLA timeframe=1m
2026-01-14 19:03:55 [debug    ] bar_saved                      bar_index=29473475 component=bar_repository symbol=TSLA timeframe=1m
2026-01-14 19:03:55 [debug    ] bar_saved                      bar_index=29473476 component=bar_repository symbol=TSLA timeframe=1m
2026-01-14 19:03:55 [debug    ] bar_saved                      bar_index=29473477 component=bar_repository symbol=TSLA timeframe=1m
2026-01-14 19:03:55 [debug    ] bar_saved                      bar_index=29473478 component=bar_repository symbol=TSLA timeframe=1m
2026-01-14 19:03:55 [debug    ] bar_saved                      bar_index=29473479 component=bar_repository symbol=TSLA timeframe=1m
2026-01-14 19:03:55 [debug    ] bar_saved                      bar_index=29473480 component=bar_repository symbol=TSLA timeframe=1m
2026-01-14 19:03:55 [debug    ] bar_saved                      bar_index=29473481 component=bar_repository symbol=TSLA timeframe=1m
2026-01-14 19:03:55 [debug    ] bar_saved                      bar_index=29473482 component=bar_repository symbol=TSLA timeframe=1m
2026-01-14 19:03:55 [debug    ] bar_saved                      bar_index=29473483 component=bar_repository symbol=TSLA timeframe=1m
2026-01-14 19:03:55 [debug    ] bar_saved                      bar_index=29473484 component=bar_repository symbol=TSLA timeframe=1m
2026-01-14 19:03:55 [debug    ] bar_saved                      bar_index=29473485 component=bar_repository symbol=TSLA timeframe=1m
2026-01-14 19:03:55 [debug    ] bar_saved                      bar_index=29473486 component=bar_repository symbol=TSLA timeframe=1m
2026-01-14 19:03:55 [debug    ] bar_saved                      bar_index=29473487 component=bar_repository symbol=TSLA timeframe=1m
2026-01-14 19:03:55 [debug    ] bar_saved                      bar_index=29473488 component=bar_repository symbol=TSLA timeframe=1m
2026-01-14 19:03:55 [debug    ] bar_saved                      bar_index=29473489 component=bar_repository symbol=TSLA timeframe=1m
2026-01-14 19:03:55 [debug    ] bar_saved                      bar_index=29473490 component=bar_repository symbol=TSLA timeframe=1m
2026-01-14 19:03:55 [debug    ] bar_saved                      bar_index=29473491 component=bar_repository symbol=TSLA timeframe=1m
2026-01-14 19:03:55 [debug    ] bar_saved                      bar_index=29473492 component=bar_repository symbol=TSLA timeframe=1m
2026-01-14 19:03:55 [debug    ] bar_saved                      bar_index=29473493 component=bar_repository symbol=TSLA timeframe=1m
2026-01-14 19:03:55 [debug    ] bar_saved                      bar_index=29473494 component=bar_repository symbol=TSLA timeframe=1m
2026-01-14 19:03:55 [debug    ] bar_saved                      bar_index=29473495 component=bar_repository symbol=TSLA timeframe=1m
2026-01-14 19:03:55 [debug    ] bar_saved                      bar_index=29473496 component=bar_repository symbol=TSLA timeframe=1m
2026-01-14 19:03:55 [debug    ] bar_saved                      bar_index=29473497 component=bar_repository symbol=TSLA timeframe=1m
2026-01-14 19:03:55 [debug    ] bar_saved                      bar_index=29473498 component=bar_repository symbol=TSLA timeframe=1m
2026-01-14 19:03:55 [debug    ] bar_saved                      bar_index=29473499 component=bar_repository symbol=TSLA timeframe=1m
2026-01-14 19:03:55 [debug    ] bar_saved                      bar_index=29473500 component=bar_repository symbol=TSLA timeframe=1m
2026-01-14 19:03:55 [debug    ] bar_saved                      bar_index=29473501 component=bar_repository symbol=TSLA timeframe=1m
2026-01-14 19:03:55 [debug    ] bar_saved                      bar_index=29473502 component=bar_repository symbol=TSLA timeframe=1m
2026-01-14 19:03:55 [debug    ] bar_saved                      bar_index=29473503 component=bar_repository symbol=TSLA timeframe=1m
2026-01-14 19:03:55 [debug    ] bar_saved                      bar_index=29473504 component=bar_repository symbol=TSLA timeframe=1m
2026-01-14 19:03:55 [debug    ] bar_saved                      bar_index=29473505 component=bar_repository symbol=TSLA timeframe=1m
2026-01-14 19:03:55 [debug    ] bar_saved                      bar_index=29473506 component=bar_repository symbol=TSLA timeframe=1m
2026-01-14 19:03:55 [debug    ] bar_saved                      bar_index=29473507 component=bar_repository symbol=TSLA timeframe=1m
2026-01-14 19:03:55 [debug    ] bar_saved                      bar_index=29473508 component=bar_repository symbol=TSLA timeframe=1m
2026-01-14 19:03:55 [debug    ] bar_saved                      bar_index=29473509 component=bar_repository symbol=TSLA timeframe=1m
2026-01-14 19:03:55 [debug    ] bar_saved                      bar_index=29473510 component=bar_repository symbol=TSLA timeframe=1m
2026-01-14 19:03:55 [debug    ] bar_saved                      bar_index=29473511 component=bar_repository symbol=TSLA timeframe=1m
2026-01-14 19:03:55 [debug    ] bar_saved                      bar_index=29473512 component=bar_repository symbol=TSLA timeframe=1m
2026-01-14 19:03:55 [debug    ] bar_saved                      bar_index=29473513 component=bar_repository symbol=TSLA timeframe=1m
2026-01-14 19:03:55 [debug    ] bar_saved                      bar_index=29473514 component=bar_repository symbol=TSLA timeframe=1m
2026-01-14 19:03:55 [debug    ] bar_saved                      bar_index=29473515 component=bar_repository symbol=TSLA timeframe=1m
2026-01-14 19:03:55 [debug    ] bar_saved                      bar_index=29473516 component=bar_repository symbol=TSLA timeframe=1m
2026-01-14 19:03:55 [debug    ] bar_saved                      bar_index=29473517 component=bar_repository symbol=TSLA timeframe=1m
2026-01-14 19:03:55 [debug    ] bar_saved                      bar_index=29473518 component=bar_repository symbol=TSLA timeframe=1m
2026-01-14 19:03:55 [debug    ] bar_saved                      bar_index=29473519 component=bar_repository symbol=TSLA timeframe=1m
2026-01-14 19:03:55 [debug    ] bar_saved                      bar_index=29473520 component=bar_repository symbol=TSLA timeframe=1m
2026-01-14 19:03:55 [debug    ] bar_saved                      bar_index=29473521 component=bar_repository symbol=TSLA timeframe=1m
2026-01-14 19:03:55 [debug    ] bar_saved                      bar_index=29473522 component=bar_repository symbol=TSLA timeframe=1m
2026-01-14 19:03:55 [debug    ] bar_saved                      bar_index=29473523 component=bar_repository symbol=TSLA timeframe=1m
2026-01-14 19:03:55 [debug    ] bar_saved                      bar_index=29473524 component=bar_repository symbol=TSLA timeframe=1m
2026-01-14 19:03:55 [debug    ] bar_saved                      bar_index=29473525 component=bar_repository symbol=TSLA timeframe=1m
2026-01-14 19:03:55 [debug    ] bar_saved                      bar_index=29473526 component=bar_repository symbol=TSLA timeframe=1m
2026-01-14 19:03:55 [debug    ] bar_saved                      bar_index=29473527 component=bar_repository symbol=TSLA timeframe=1m
2026-01-14 19:03:55 [debug    ] bar_saved                      bar_index=29473528 component=bar_repository symbol=TSLA timeframe=1m
2026-01-14 19:03:55 [debug    ] bar_saved                      bar_index=29473529 component=bar_repository symbol=TSLA timeframe=1m
2026-01-14 19:03:55 [debug    ] bar_saved                      bar_index=29473530 component=bar_repository symbol=TSLA timeframe=1m
2026-01-14 19:03:55 [debug    ] bar_saved                      bar_index=29473531 component=bar_repository symbol=TSLA timeframe=1m
2026-01-14 19:03:55 [debug    ] bar_saved                      bar_index=29473532 component=bar_repository symbol=TSLA timeframe=1m
2026-01-14 19:03:55 [debug    ] bar_saved                      bar_index=29473533 component=bar_repository symbol=TSLA timeframe=1m
2026-01-14 19:03:55 [debug    ] bar_saved                      bar_index=29473534 component=bar_repository symbol=TSLA timeframe=1m
2026-01-14 19:03:55 [debug    ] bar_saved                      bar_index=29473535 component=bar_repository symbol=TSLA timeframe=1m
2026-01-14 19:03:55 [debug    ] bar_saved                      bar_index=29473536 component=bar_repository symbol=TSLA timeframe=1m
2026-01-14 19:03:55 [debug    ] bar_saved                      bar_index=29473537 component=bar_repository symbol=TSLA timeframe=1m
2026-01-14 19:03:55 [debug    ] bar_saved                      bar_index=29473538 component=bar_repository symbol=TSLA timeframe=1m
2026-01-14 19:03:55 [debug    ] bar_saved                      bar_index=29473539 component=bar_repository symbol=TSLA timeframe=1m
2026-01-14 19:03:55 [debug    ] bar_saved                      bar_index=29473540 component=bar_repository symbol=TSLA timeframe=1m
2026-01-14 19:03:55 [debug    ] bar_saved                      bar_index=29473541 component=bar_repository symbol=TSLA timeframe=1m
2026-01-14 19:03:55 [debug    ] bar_saved                      bar_index=29473542 component=bar_repository symbol=TSLA timeframe=1m
2026-01-14 19:03:55 [debug    ] bar_saved                      bar_index=29473543 component=bar_repository symbol=TSLA timeframe=1m
2026-01-14 19:03:55 [debug    ] bar_saved                      bar_index=29473544 component=bar_repository symbol=TSLA timeframe=1m
2026-01-14 19:03:55 [debug    ] bar_saved                      bar_index=29473545 component=bar_repository symbol=TSLA timeframe=1m
2026-01-14 19:03:55 [debug    ] bar_saved                      bar_index=29473546 component=bar_repository symbol=TSLA timeframe=1m
2026-01-14 19:03:55 [debug    ] bar_saved                      bar_index=29473547 component=bar_repository symbol=TSLA timeframe=1m
2026-01-14 19:03:55 [debug    ] bar_saved                      bar_index=29473548 component=bar_repository symbol=TSLA timeframe=1m
2026-01-14 19:03:55 [debug    ] bar_saved                      bar_index=29473549 component=bar_repository symbol=TSLA timeframe=1m
2026-01-14 19:03:55 [debug    ] bar_saved                      bar_index=29473550 component=bar_repository symbol=TSLA timeframe=1m
2026-01-14 19:03:55 [debug    ] bar_saved                      bar_index=29473551 component=bar_repository symbol=TSLA timeframe=1m
2026-01-14 19:03:55 [debug    ] bar_saved                      bar_index=29473552 component=bar_repository symbol=TSLA timeframe=1m
2026-01-14 19:03:55 [debug    ] bar_saved                      bar_index=29473553 component=bar_repository symbol=TSLA timeframe=1m
2026-01-14 19:03:55 [debug    ] bar_saved                      bar_index=29473554 component=bar_repository symbol=TSLA timeframe=1m
2026-01-14 19:03:55 [debug    ] bar_saved                      bar_index=29473555 component=bar_repository symbol=TSLA timeframe=1m
2026-01-14 19:03:55 [debug    ] bar_saved                      bar_index=29473556 component=bar_repository symbol=TSLA timeframe=1m
2026-01-14 19:03:55 [debug    ] bar_saved                      bar_index=29473557 component=bar_repository symbol=TSLA timeframe=1m
2026-01-14 19:03:55 [debug    ] bar_saved                      bar_index=29473558 component=bar_repository symbol=TSLA timeframe=1m
2026-01-14 19:03:55 [debug    ] bar_saved                      bar_index=29473559 component=bar_repository symbol=TSLA timeframe=1m
2026-01-14 19:03:55 [debug    ] bar_saved                      bar_index=29473560 component=bar_repository symbol=TSLA timeframe=1m
2026-01-14 19:03:55 [debug    ] bar_saved                      bar_index=29473561 component=bar_repository symbol=TSLA timeframe=1m
2026-01-14 19:03:55 [debug    ] bar_saved                      bar_index=29473562 component=bar_repository symbol=TSLA timeframe=1m
2026-01-14 19:03:55 [debug    ] bar_saved                      bar_index=29473563 component=bar_repository symbol=TSLA timeframe=1m
2026-01-14 19:03:55 [debug    ] bar_saved                      bar_index=29473564 component=bar_repository symbol=TSLA timeframe=1m
2026-01-14 19:03:55 [debug    ] bar_saved                      bar_index=29473565 component=bar_repository symbol=TSLA timeframe=1m
2026-01-14 19:03:55 [debug    ] bar_saved                      bar_index=29473566 component=bar_repository symbol=TSLA timeframe=1m
2026-01-14 19:03:55 [debug    ] bar_saved                      bar_index=29473567 component=bar_repository symbol=TSLA timeframe=1m
2026-01-14 19:03:55 [debug    ] bar_saved                      bar_index=29473568 component=bar_repository symbol=TSLA timeframe=1m
2026-01-14 19:03:55 [debug    ] bar_saved                      bar_index=29473569 component=bar_repository symbol=TSLA timeframe=1m
2026-01-14 19:03:55 [debug    ] bar_saved                      bar_index=29473570 component=bar_repository symbol=TSLA timeframe=1m
2026-01-14 19:03:55 [debug    ] bar_saved                      bar_index=29473571 component=bar_repository symbol=TSLA timeframe=1m
2026-01-14 19:03:55 [debug    ] bar_saved                      bar_index=29473572 component=bar_repository symbol=TSLA timeframe=1m
2026-01-14 19:03:55 [debug    ] bar_saved                      bar_index=29473573 component=bar_repository symbol=TSLA timeframe=1m
2026-01-14 19:03:55 [debug    ] bar_saved                      bar_index=29473574 component=bar_repository symbol=TSLA timeframe=1m
2026-01-14 19:03:55 [debug    ] bar_saved                      bar_index=29473575 component=bar_repository symbol=TSLA timeframe=1m
2026-01-14 19:03:55 [debug    ] bar_saved                      bar_index=29473576 component=bar_repository symbol=TSLA timeframe=1m
2026-01-14 19:03:55 [debug    ] bar_saved                      bar_index=29473577 component=bar_repository symbol=TSLA timeframe=1m
2026-01-14 19:03:55 [debug    ] bar_saved                      bar_index=29473578 component=bar_repository symbol=TSLA timeframe=1m
2026-01-14 19:03:55 [debug    ] bar_saved                      bar_index=29473579 component=bar_repository symbol=TSLA timeframe=1m
2026-01-14 19:03:55 [debug    ] bar_saved                      bar_index=29473580 component=bar_repository symbol=TSLA timeframe=1m
2026-01-14 19:03:55 [debug    ] bar_saved                      bar_index=29473581 component=bar_repository symbol=TSLA timeframe=1m
2026-01-14 19:03:55 [debug    ] bar_saved                      bar_index=29473582 component=bar_repository symbol=TSLA timeframe=1m
2026-01-14 19:03:55 [debug    ] bar_saved                      bar_index=29473583 component=bar_repository symbol=TSLA timeframe=1m
2026-01-14 19:03:55 [debug    ] bar_saved                      bar_index=29473584 component=bar_repository symbol=TSLA timeframe=1m
2026-01-14 19:03:55 [debug    ] bar_saved                      bar_index=29473585 component=bar_repository symbol=TSLA timeframe=1m
2026-01-14 19:03:55 [debug    ] bar_saved                      bar_index=29473586 component=bar_repository symbol=TSLA timeframe=1m
2026-01-14 19:03:55 [debug    ] bar_saved                      bar_index=29473587 component=bar_repository symbol=TSLA timeframe=1m
2026-01-14 19:03:55 [debug    ] bar_saved                      bar_index=29473588 component=bar_repository symbol=TSLA timeframe=1m
2026-01-14 19:03:55 [debug    ] bar_saved                      bar_index=29473589 component=bar_repository symbol=TSLA timeframe=1m
2026-01-14 19:03:55 [debug    ] bar_saved                      bar_index=29473590 component=bar_repository symbol=TSLA timeframe=1m
2026-01-14 19:03:55 [debug    ] bar_saved                      bar_index=29473591 component=bar_repository symbol=TSLA timeframe=1m
2026-01-14 19:03:55 [debug    ] bar_saved                      bar_index=29473592 component=bar_repository symbol=TSLA timeframe=1m
2026-01-14 19:03:55 [debug    ] bar_saved                      bar_index=29473593 component=bar_repository symbol=TSLA timeframe=1m
2026-01-14 19:03:55 [debug    ] bar_saved                      bar_index=29473594 component=bar_repository symbol=TSLA timeframe=1m
2026-01-14 19:03:55 [debug    ] bar_saved                      bar_index=29473595 component=bar_repository symbol=TSLA timeframe=1m
2026-01-14 19:03:55 [debug    ] bar_saved                      bar_index=29473596 component=bar_repository symbol=TSLA timeframe=1m
2026-01-14 19:03:55 [debug    ] bar_saved                      bar_index=29473597 component=bar_repository symbol=TSLA timeframe=1m
2026-01-14 19:03:55 [debug    ] bar_saved                      bar_index=29473598 component=bar_repository symbol=TSLA timeframe=1m
2026-01-14 19:03:55 [debug    ] bar_saved                      bar_index=29473599 component=bar_repository symbol=TSLA timeframe=1m
2026-01-14 19:03:55 [debug    ] bar_saved                      bar_index=29473600 component=bar_repository symbol=TSLA timeframe=1m
2026-01-14 19:03:55 [debug    ] bar_saved                      bar_index=29473601 component=bar_repository symbol=TSLA timeframe=1m
2026-01-14 19:03:55 [debug    ] bar_saved                      bar_index=29473602 component=bar_repository symbol=TSLA timeframe=1m
2026-01-14 19:03:55 [debug    ] bar_saved                      bar_index=29473603 component=bar_repository symbol=TSLA timeframe=1m
2026-01-14 19:03:55 [debug    ] bar_saved                      bar_index=29473604 component=bar_repository symbol=TSLA timeframe=1m
2026-01-14 19:03:55 [debug    ] bar_saved                      bar_index=29473605 component=bar_repository symbol=TSLA timeframe=1m
2026-01-14 19:03:55 [debug    ] bar_saved                      bar_index=29473606 component=bar_repository symbol=TSLA timeframe=1m
2026-01-14 19:03:55 [debug    ] bar_saved                      bar_index=29473607 component=bar_repository symbol=TSLA timeframe=1m
2026-01-14 19:03:55 [debug    ] bar_saved                      bar_index=29473608 component=bar_repository symbol=TSLA timeframe=1m
2026-01-14 19:03:55 [debug    ] bar_saved                      bar_index=29473609 component=bar_repository symbol=TSLA timeframe=1m
2026-01-14 19:03:55 [debug    ] bar_saved                      bar_index=29473610 component=bar_repository symbol=TSLA timeframe=1m
2026-01-14 19:03:55 [debug    ] bar_saved                      bar_index=29473611 component=bar_repository symbol=TSLA timeframe=1m
2026-01-14 19:03:55 [debug    ] bar_saved                      bar_index=29473612 component=bar_repository symbol=TSLA timeframe=1m
2026-01-14 19:03:55 [debug    ] bar_saved                      bar_index=29473613 component=bar_repository symbol=TSLA timeframe=1m
2026-01-14 19:03:55 [debug    ] bar_saved                      bar_index=29473614 component=bar_repository symbol=TSLA timeframe=1m
2026-01-14 19:03:55 [debug    ] bar_saved                      bar_index=29473615 component=bar_repository symbol=TSLA timeframe=1m
2026-01-14 19:03:55 [debug    ] bar_saved                      bar_index=29473616 component=bar_repository symbol=TSLA timeframe=1m
2026-01-14 19:03:55 [debug    ] bar_saved                      bar_index=29473617 component=bar_repository symbol=TSLA timeframe=1m
2026-01-14 19:03:55 [debug    ] bar_saved                      bar_index=29473618 component=bar_repository symbol=TSLA timeframe=1m
2026-01-14 19:03:55 [debug    ] bar_saved                      bar_index=29473619 component=bar_repository symbol=TSLA timeframe=1m
2026-01-14 19:03:55 [debug    ] bar_saved                      bar_index=29473620 component=bar_repository symbol=TSLA timeframe=1m
2026-01-14 19:03:55 [debug    ] bar_saved                      bar_index=29473621 component=bar_repository symbol=TSLA timeframe=1m
2026-01-14 19:03:55 [debug    ] bar_saved                      bar_index=29473622 component=bar_repository symbol=TSLA timeframe=1m
2026-01-14 19:03:55 [debug    ] bar_saved                      bar_index=29473623 component=bar_repository symbol=TSLA timeframe=1m
2026-01-14 19:03:55 [debug    ] bar_saved                      bar_index=29473624 component=bar_repository symbol=TSLA timeframe=1m
2026-01-14 19:03:55 [debug    ] bar_saved                      bar_index=29473625 component=bar_repository symbol=TSLA timeframe=1m
2026-01-14 19:03:55 [debug    ] bar_saved                      bar_index=29473626 component=bar_repository symbol=TSLA timeframe=1m
2026-01-14 19:03:55 [debug    ] bar_saved                      bar_index=29473627 component=bar_repository symbol=TSLA timeframe=1m
2026-01-14 19:03:55 [debug    ] bar_saved                      bar_index=29473628 component=bar_repository symbol=TSLA timeframe=1m
2026-01-14 19:03:55 [debug    ] bar_saved                      bar_index=29473629 component=bar_repository symbol=TSLA timeframe=1m
2026-01-14 19:03:55 [debug    ] bar_saved                      bar_index=29473630 component=bar_repository symbol=TSLA timeframe=1m
2026-01-14 19:03:55 [debug    ] bar_saved                      bar_index=29473631 component=bar_repository symbol=TSLA timeframe=1m
2026-01-14 19:03:55 [debug    ] bar_saved                      bar_index=29473632 component=bar_repository symbol=TSLA timeframe=1m
2026-01-14 19:03:55 [debug    ] bar_saved                      bar_index=29473633 component=bar_repository symbol=TSLA timeframe=1m
2026-01-14 19:03:55 [debug    ] bar_saved                      bar_index=29473634 component=bar_repository symbol=TSLA timeframe=1m
2026-01-14 19:03:55 [debug    ] bar_saved                      bar_index=29473635 component=bar_repository symbol=TSLA timeframe=1m
2026-01-14 19:03:55 [debug    ] bar_saved                      bar_index=29473636 component=bar_repository symbol=TSLA timeframe=1m
2026-01-14 19:03:55 [debug    ] bar_saved                      bar_index=29473637 component=bar_repository symbol=TSLA timeframe=1m
2026-01-14 19:03:55 [debug    ] bar_saved                      bar_index=29473638 component=bar_repository symbol=TSLA timeframe=1m
2026-01-14 19:03:55 [debug    ] bar_saved                      bar_index=29473639 component=bar_repository symbol=TSLA timeframe=1m
2026-01-14 19:03:55 [debug    ] bar_saved                      bar_index=29473640 component=bar_repository symbol=TSLA timeframe=1m
2026-01-14 19:03:55 [debug    ] bar_saved                      bar_index=29473641 component=bar_repository symbol=TSLA timeframe=1m
2026-01-14 19:03:55 [debug    ] bar_saved                      bar_index=29473642 component=bar_repository symbol=TSLA timeframe=1m
2026-01-14 19:03:55 [debug    ] bar_saved                      bar_index=29473643 component=bar_repository symbol=TSLA timeframe=1m
2026-01-14 19:03:55 [debug    ] bar_saved                      bar_index=29473644 component=bar_repository symbol=TSLA timeframe=1m
2026-01-14 19:03:55 [debug    ] bar_saved                      bar_index=29473645 component=bar_repository symbol=TSLA timeframe=1m
2026-01-14 19:03:55 [debug    ] bar_saved                      bar_index=29473646 component=bar_repository symbol=TSLA timeframe=1m
2026-01-14 19:03:55 [debug    ] bar_saved                      bar_index=29473647 component=bar_repository symbol=TSLA timeframe=1m
2026-01-14 19:03:55 [debug    ] bar_saved                      bar_index=29473648 component=bar_repository symbol=TSLA timeframe=1m
2026-01-14 19:03:55 [debug    ] bar_saved                      bar_index=29473649 component=bar_repository symbol=TSLA timeframe=1m
2026-01-14 19:03:55 [debug    ] bar_saved                      bar_index=29473650 component=bar_repository symbol=TSLA timeframe=1m
2026-01-14 19:03:55 [debug    ] bar_saved                      bar_index=29473651 component=bar_repository symbol=TSLA timeframe=1m
2026-01-14 19:03:55 [debug    ] bar_saved                      bar_index=29473652 component=bar_repository symbol=TSLA timeframe=1m
2026-01-14 19:03:55 [debug    ] bar_saved                      bar_index=29473653 component=bar_repository symbol=TSLA timeframe=1m
2026-01-14 19:03:55 [debug    ] bar_saved                      bar_index=29473654 component=bar_repository symbol=TSLA timeframe=1m
2026-01-14 19:03:55 [debug    ] bar_saved                      bar_index=29473655 component=bar_repository symbol=TSLA timeframe=1m
2026-01-14 19:03:55 [debug    ] bar_saved                      bar_index=29473656 component=bar_repository symbol=TSLA timeframe=1m
2026-01-14 19:03:55 [debug    ] bar_saved                      bar_index=29473657 component=bar_repository symbol=TSLA timeframe=1m
2026-01-14 19:03:55 [debug    ] bar_saved                      bar_index=29473658 component=bar_repository symbol=TSLA timeframe=1m
2026-01-14 19:03:55 [debug    ] bar_saved                      bar_index=29473659 component=bar_repository symbol=TSLA timeframe=1m
2026-01-14 19:03:55 [debug    ] bar_saved                      bar_index=29473660 component=bar_repository symbol=TSLA timeframe=1m
2026-01-14 19:03:55 [debug    ] bar_saved                      bar_index=29473661 component=bar_repository symbol=TSLA timeframe=1m
2026-01-14 19:03:55 [debug    ] bar_saved                      bar_index=29473662 component=bar_repository symbol=TSLA timeframe=1m
2026-01-14 19:03:55 [debug    ] bar_saved                      bar_index=29473663 component=bar_repository symbol=TSLA timeframe=1m
2026-01-14 19:03:55 [debug    ] bar_saved                      bar_index=29473664 component=bar_repository symbol=TSLA timeframe=1m
2026-01-14 19:03:55 [debug    ] bar_saved                      bar_index=29473665 component=bar_repository symbol=TSLA timeframe=1m
2026-01-14 19:03:55 [debug    ] bar_saved                      bar_index=29473666 component=bar_repository symbol=TSLA timeframe=1m
2026-01-14 19:03:55 [debug    ] bar_saved                      bar_index=29473667 component=bar_repository symbol=TSLA timeframe=1m
2026-01-14 19:03:55 [debug    ] bar_saved                      bar_index=29473668 component=bar_repository symbol=TSLA timeframe=1m
2026-01-14 19:03:55 [debug    ] bar_saved                      bar_index=29473669 component=bar_repository symbol=TSLA timeframe=1m
2026-01-14 19:03:55 [debug    ] bar_saved                      bar_index=29473670 component=bar_repository symbol=TSLA timeframe=1m
2026-01-14 19:03:55 [debug    ] bar_saved                      bar_index=29473671 component=bar_repository symbol=TSLA timeframe=1m
2026-01-14 19:03:55 [debug    ] bar_saved                      bar_index=29473672 component=bar_repository symbol=TSLA timeframe=1m
2026-01-14 19:03:55 [debug    ] bar_saved                      bar_index=29473673 component=bar_repository symbol=TSLA timeframe=1m
2026-01-14 19:03:55 [debug    ] bar_saved                      bar_index=29473674 component=bar_repository symbol=TSLA timeframe=1m
2026-01-14 19:03:55 [debug    ] bar_saved                      bar_index=29473675 component=bar_repository symbol=TSLA timeframe=1m
2026-01-14 19:03:55 [debug    ] bar_saved                      bar_index=29473676 component=bar_repository symbol=TSLA timeframe=1m
2026-01-14 19:03:55 [debug    ] bar_saved                      bar_index=29473677 component=bar_repository symbol=TSLA timeframe=1m
2026-01-14 19:03:55 [debug    ] bar_saved                      bar_index=29473678 component=bar_repository symbol=TSLA timeframe=1m
2026-01-14 19:03:55 [debug    ] bar_saved                      bar_index=29473679 component=bar_repository symbol=TSLA timeframe=1m
2026-01-14 19:03:55 [debug    ] bar_saved                      bar_index=29473680 component=bar_repository symbol=TSLA timeframe=1m
2026-01-14 19:03:55 [debug    ] bar_saved                      bar_index=29473681 component=bar_repository symbol=TSLA timeframe=1m
2026-01-14 19:03:55 [debug    ] bar_saved                      bar_index=29473682 component=bar_repository symbol=TSLA timeframe=1m
2026-01-14 19:03:55 [debug    ] bar_saved                      bar_index=29473683 component=bar_repository symbol=TSLA timeframe=1m
2026-01-14 19:03:55 [debug    ] bar_saved                      bar_index=29473684 component=bar_repository symbol=TSLA timeframe=1m
2026-01-14 19:03:55 [debug    ] bar_saved                      bar_index=29473685 component=bar_repository symbol=TSLA timeframe=1m
2026-01-14 19:03:55 [debug    ] bar_saved                      bar_index=29473686 component=bar_repository symbol=TSLA timeframe=1m
2026-01-14 19:03:55 [debug    ] bar_saved                      bar_index=29473687 component=bar_repository symbol=TSLA timeframe=1m
2026-01-14 19:03:55 [debug    ] bar_saved                      bar_index=29473688 component=bar_repository symbol=TSLA timeframe=1m
2026-01-14 19:03:55 [debug    ] bar_saved                      bar_index=29473689 component=bar_repository symbol=TSLA timeframe=1m
2026-01-14 19:03:55 [debug    ] bar_saved                      bar_index=29473690 component=bar_repository symbol=TSLA timeframe=1m
2026-01-14 19:03:55 [debug    ] bar_saved                      bar_index=29473691 component=bar_repository symbol=TSLA timeframe=1m
2026-01-14 19:03:55 [debug    ] bar_saved                      bar_index=29473692 component=bar_repository symbol=TSLA timeframe=1m
2026-01-14 19:03:55 [debug    ] bar_saved                      bar_index=29473693 component=bar_repository symbol=TSLA timeframe=1m
2026-01-14 19:03:55 [debug    ] bar_saved                      bar_index=29473694 component=bar_repository symbol=TSLA timeframe=1m
2026-01-14 19:03:55 [debug    ] bar_saved                      bar_index=29473695 component=bar_repository symbol=TSLA timeframe=1m
2026-01-14 19:03:55 [debug    ] bar_saved                      bar_index=29473696 component=bar_repository symbol=TSLA timeframe=1m
2026-01-14 19:03:55 [debug    ] bar_saved                      bar_index=29473697 component=bar_repository symbol=TSLA timeframe=1m
2026-01-14 19:03:55 [debug    ] bar_saved                      bar_index=29473698 component=bar_repository symbol=TSLA timeframe=1m
2026-01-14 19:03:55 [debug    ] bar_saved                      bar_index=29473699 component=bar_repository symbol=TSLA timeframe=1m
2026-01-14 19:03:55 [debug    ] bar_saved                      bar_index=29473700 component=bar_repository symbol=TSLA timeframe=1m
2026-01-14 19:03:55 [debug    ] bar_saved                      bar_index=29473701 component=bar_repository symbol=TSLA timeframe=1m
2026-01-14 19:03:55 [debug    ] bar_saved                      bar_index=29473702 component=bar_repository symbol=TSLA timeframe=1m
2026-01-14 19:03:55 [debug    ] bar_saved                      bar_index=29473703 component=bar_repository symbol=TSLA timeframe=1m
2026-01-14 19:03:55 [debug    ] bar_saved                      bar_index=29473704 component=bar_repository symbol=TSLA timeframe=1m
2026-01-14 19:03:55 [debug    ] bar_saved                      bar_index=29473705 component=bar_repository symbol=TSLA timeframe=1m
2026-01-14 19:03:55 [debug    ] bar_saved                      bar_index=29473706 component=bar_repository symbol=TSLA timeframe=1m
2026-01-14 19:03:55 [debug    ] bar_saved                      bar_index=29473707 component=bar_repository symbol=TSLA timeframe=1m
2026-01-14 19:03:55 [debug    ] bar_saved                      bar_index=29473708 component=bar_repository symbol=TSLA timeframe=1m
2026-01-14 19:03:55 [debug    ] bar_saved                      bar_index=29473709 component=bar_repository symbol=TSLA timeframe=1m
2026-01-14 19:03:55 [debug    ] bar_saved                      bar_index=29473710 component=bar_repository symbol=TSLA timeframe=1m
2026-01-14 19:03:55 [debug    ] bar_saved                      bar_index=29473711 component=bar_repository symbol=TSLA timeframe=1m
2026-01-14 19:03:55 [debug    ] bar_saved                      bar_index=29473712 component=bar_repository symbol=TSLA timeframe=1m
2026-01-14 19:03:55 [debug    ] bar_saved                      bar_index=29473713 component=bar_repository symbol=TSLA timeframe=1m
2026-01-14 19:03:55 [debug    ] bar_saved                      bar_index=29473714 component=bar_repository symbol=TSLA timeframe=1m
2026-01-14 19:03:55 [debug    ] bar_saved                      bar_index=29473715 component=bar_repository symbol=TSLA timeframe=1m
2026-01-14 19:03:55 [debug    ] bar_saved                      bar_index=29473716 component=bar_repository symbol=TSLA timeframe=1m
2026-01-14 19:03:55 [debug    ] bar_saved                      bar_index=29473717 component=bar_repository symbol=TSLA timeframe=1m
2026-01-14 19:03:55 [debug    ] bar_saved                      bar_index=29473718 component=bar_repository symbol=TSLA timeframe=1m
2026-01-14 19:03:55 [debug    ] bar_saved                      bar_index=29473719 component=bar_repository symbol=TSLA timeframe=1m
2026-01-14 19:03:55 [debug    ] bar_saved                      bar_index=29473720 component=bar_repository symbol=TSLA timeframe=1m
2026-01-14 19:03:55 [debug    ] bar_saved                      bar_index=29473721 component=bar_repository symbol=TSLA timeframe=1m
2026-01-14 19:03:55 [debug    ] bar_saved                      bar_index=29473722 component=bar_repository symbol=TSLA timeframe=1m
2026-01-14 19:03:55 [debug    ] bar_saved                      bar_index=29473723 component=bar_repository symbol=TSLA timeframe=1m
2026-01-14 19:03:55 [debug    ] bar_saved                      bar_index=29473724 component=bar_repository symbol=TSLA timeframe=1m
2026-01-14 19:03:55 [debug    ] bar_saved                      bar_index=29473725 component=bar_repository symbol=TSLA timeframe=1m
2026-01-14 19:03:55 [debug    ] bar_saved                      bar_index=29473726 component=bar_repository symbol=TSLA timeframe=1m
2026-01-14 19:03:55 [debug    ] bar_saved                      bar_index=29473727 component=bar_repository symbol=TSLA timeframe=1m
2026-01-14 19:03:55 [debug    ] bar_saved                      bar_index=29473728 component=bar_repository symbol=TSLA timeframe=1m
2026-01-14 19:03:55 [debug    ] bar_saved                      bar_index=29473729 component=bar_repository symbol=TSLA timeframe=1m
2026-01-14 19:03:55 [debug    ] bar_saved                      bar_index=29473730 component=bar_repository symbol=TSLA timeframe=1m
2026-01-14 19:03:55 [debug    ] bar_saved                      bar_index=29473731 component=bar_repository symbol=TSLA timeframe=1m
2026-01-14 19:03:55 [debug    ] bar_saved                      bar_index=29473732 component=bar_repository symbol=TSLA timeframe=1m
2026-01-14 19:03:55 [debug    ] bar_saved                      bar_index=29473733 component=bar_repository symbol=TSLA timeframe=1m
2026-01-14 19:03:55 [debug    ] bar_saved                      bar_index=29473734 component=bar_repository symbol=TSLA timeframe=1m
2026-01-14 19:03:55 [debug    ] bar_saved                      bar_index=29473735 component=bar_repository symbol=TSLA timeframe=1m
2026-01-14 19:03:55 [debug    ] bar_saved                      bar_index=29473736 component=bar_repository symbol=TSLA timeframe=1m
2026-01-14 19:03:55 [debug    ] bar_saved                      bar_index=29473737 component=bar_repository symbol=TSLA timeframe=1m
2026-01-14 19:03:55 [debug    ] bar_saved                      bar_index=29473738 component=bar_repository symbol=TSLA timeframe=1m
2026-01-14 19:03:55 [debug    ] bar_saved                      bar_index=29473739 component=bar_repository symbol=TSLA timeframe=1m
2026-01-14 19:03:55 [debug    ] bar_saved                      bar_index=29473740 component=bar_repository symbol=TSLA timeframe=1m
2026-01-14 19:03:55 [debug    ] bar_saved                      bar_index=29473741 component=bar_repository symbol=TSLA timeframe=1m
2026-01-14 19:03:55 [debug    ] bar_saved                      bar_index=29473742 component=bar_repository symbol=TSLA timeframe=1m
2026-01-14 19:03:55 [debug    ] bar_saved                      bar_index=29473743 component=bar_repository symbol=TSLA timeframe=1m
2026-01-14 19:03:55 [debug    ] bar_saved                      bar_index=29473744 component=bar_repository symbol=TSLA timeframe=1m
2026-01-14 19:03:55 [debug    ] bar_saved                      bar_index=29473745 component=bar_repository symbol=TSLA timeframe=1m
2026-01-14 19:03:55 [debug    ] bar_saved                      bar_index=29473746 component=bar_repository symbol=TSLA timeframe=1m
2026-01-14 19:03:55 [debug    ] bar_saved                      bar_index=29473747 component=bar_repository symbol=TSLA timeframe=1m
2026-01-14 19:03:55 [debug    ] bar_saved                      bar_index=29473748 component=bar_repository symbol=TSLA timeframe=1m
2026-01-14 19:03:55 [debug    ] bar_saved                      bar_index=29473749 component=bar_repository symbol=TSLA timeframe=1m
2026-01-14 19:03:55 [debug    ] bar_saved                      bar_index=29473750 component=bar_repository symbol=TSLA timeframe=1m
2026-01-14 19:03:55 [debug    ] bar_saved                      bar_index=29473751 component=bar_repository symbol=TSLA timeframe=1m
2026-01-14 19:03:55 [debug    ] bar_saved                      bar_index=29473752 component=bar_repository symbol=TSLA timeframe=1m
2026-01-14 19:03:55 [debug    ] bar_saved                      bar_index=29473753 component=bar_repository symbol=TSLA timeframe=1m
2026-01-14 19:03:55 [debug    ] bar_saved                      bar_index=29473754 component=bar_repository symbol=TSLA timeframe=1m
2026-01-14 19:03:55 [debug    ] bar_saved                      bar_index=29473755 component=bar_repository symbol=TSLA timeframe=1m
2026-01-14 19:03:55 [debug    ] bar_saved                      bar_index=29473756 component=bar_repository symbol=TSLA timeframe=1m
2026-01-14 19:03:55 [debug    ] bar_saved                      bar_index=29473757 component=bar_repository symbol=TSLA timeframe=1m
2026-01-14 19:03:55 [debug    ] bar_saved                      bar_index=29473758 component=bar_repository symbol=TSLA timeframe=1m
2026-01-14 19:03:55 [debug    ] bar_saved                      bar_index=29473759 component=bar_repository symbol=TSLA timeframe=1m
2026-01-14 19:03:55 [debug    ] bar_saved                      bar_index=29473760 component=bar_repository symbol=TSLA timeframe=1m
2026-01-14 19:03:55 [debug    ] bar_saved                      bar_index=29473761 component=bar_repository symbol=TSLA timeframe=1m
2026-01-14 19:03:55 [debug    ] bar_saved                      bar_index=29473762 component=bar_repository symbol=TSLA timeframe=1m
2026-01-14 19:03:55 [debug    ] bar_saved                      bar_index=29473763 component=bar_repository symbol=TSLA timeframe=1m
2026-01-14 19:03:55 [debug    ] bar_saved                      bar_index=29473764 component=bar_repository symbol=TSLA timeframe=1m
2026-01-14 19:03:55 [debug    ] bar_saved                      bar_index=29473765 component=bar_repository symbol=TSLA timeframe=1m
2026-01-14 19:03:55 [debug    ] bar_saved                      bar_index=29473766 component=bar_repository symbol=TSLA timeframe=1m
2026-01-14 19:03:55 [debug    ] bar_saved                      bar_index=29473767 component=bar_repository symbol=TSLA timeframe=1m
2026-01-14 19:03:55 [debug    ] bar_saved                      bar_index=29473768 component=bar_repository symbol=TSLA timeframe=1m
2026-01-14 19:03:55 [debug    ] bar_saved                      bar_index=29473769 component=bar_repository symbol=TSLA timeframe=1m
2026-01-14 19:03:55 [debug    ] bar_saved                      bar_index=29473770 component=bar_repository symbol=TSLA timeframe=1m
2026-01-14 19:03:55 [debug    ] bar_saved                      bar_index=29473771 component=bar_repository symbol=TSLA timeframe=1m
2026-01-14 19:03:55 [debug    ] bar_saved                      bar_index=29473772 component=bar_repository symbol=TSLA timeframe=1m
2026-01-14 19:03:55 [debug    ] bar_saved                      bar_index=29473773 component=bar_repository symbol=TSLA timeframe=1m
2026-01-14 19:03:55 [debug    ] bar_saved                      bar_index=29473774 component=bar_repository symbol=TSLA timeframe=1m
2026-01-14 19:03:55 [debug    ] bar_saved                      bar_index=29473775 component=bar_repository symbol=TSLA timeframe=1m
2026-01-14 19:03:55 [debug    ] bar_saved                      bar_index=29473776 component=bar_repository symbol=TSLA timeframe=1m
2026-01-14 19:03:55 [debug    ] bar_saved                      bar_index=29473777 component=bar_repository symbol=TSLA timeframe=1m
2026-01-14 19:03:55 [debug    ] bar_saved                      bar_index=29473778 component=bar_repository symbol=TSLA timeframe=1m
2026-01-14 19:03:55 [debug    ] bar_saved                      bar_index=29473779 component=bar_repository symbol=TSLA timeframe=1m
2026-01-14 19:03:55 [debug    ] bar_saved                      bar_index=29473780 component=bar_repository symbol=TSLA timeframe=1m
2026-01-14 19:03:55 [debug    ] bar_saved                      bar_index=29473781 component=bar_repository symbol=TSLA timeframe=1m
2026-01-14 19:03:55 [debug    ] bar_saved                      bar_index=29473782 component=bar_repository symbol=TSLA timeframe=1m
2026-01-14 19:03:55 [debug    ] bar_saved                      bar_index=29473783 component=bar_repository symbol=TSLA timeframe=1m
2026-01-14 19:03:55 [debug    ] bar_saved                      bar_index=29473784 component=bar_repository symbol=TSLA timeframe=1m
2026-01-14 19:03:55 [debug    ] bar_saved                      bar_index=29473785 component=bar_repository symbol=TSLA timeframe=1m
2026-01-14 19:03:55 [debug    ] bar_saved                      bar_index=29473786 component=bar_repository symbol=TSLA timeframe=1m
2026-01-14 19:03:55 [debug    ] bar_saved                      bar_index=29473787 component=bar_repository symbol=TSLA timeframe=1m
2026-01-14 19:03:55 [debug    ] bar_saved                      bar_index=29473788 component=bar_repository symbol=TSLA timeframe=1m
2026-01-14 19:03:55 [debug    ] bar_saved                      bar_index=29473789 component=bar_repository symbol=TSLA timeframe=1m
2026-01-14 19:03:55 [debug    ] bar_saved                      bar_index=29473790 component=bar_repository symbol=TSLA timeframe=1m
2026-01-14 19:03:55 [debug    ] bar_saved                      bar_index=29473791 component=bar_repository symbol=TSLA timeframe=1m
2026-01-14 19:03:55 [debug    ] bar_saved                      bar_index=29473792 component=bar_repository symbol=TSLA timeframe=1m
2026-01-14 19:03:55 [debug    ] bar_saved                      bar_index=29473793 component=bar_repository symbol=TSLA timeframe=1m
2026-01-14 19:03:55 [debug    ] bar_saved                      bar_index=29473794 component=bar_repository symbol=TSLA timeframe=1m
2026-01-14 19:03:55 [debug    ] bar_saved                      bar_index=29473795 component=bar_repository symbol=TSLA timeframe=1m
2026-01-14 19:03:55 [debug    ] bar_saved                      bar_index=29473796 component=bar_repository symbol=TSLA timeframe=1m
2026-01-14 19:03:55 [debug    ] bar_saved                      bar_index=29473797 component=bar_repository symbol=TSLA timeframe=1m
2026-01-14 19:03:55 [debug    ] bar_saved                      bar_index=29473798 component=bar_repository symbol=TSLA timeframe=1m
2026-01-14 19:03:55 [debug    ] bar_saved                      bar_index=29473799 component=bar_repository symbol=TSLA timeframe=1m
2026-01-14 19:03:55 [debug    ] bar_saved                      bar_index=29473800 component=bar_repository symbol=TSLA timeframe=1m
2026-01-14 19:03:55 [debug    ] bar_saved                      bar_index=29473801 component=bar_repository symbol=TSLA timeframe=1m
2026-01-14 19:03:55 [debug    ] bar_saved                      bar_index=29473802 component=bar_repository symbol=TSLA timeframe=1m
2026-01-14 19:03:55 [debug    ] bar_saved                      bar_index=29473803 component=bar_repository symbol=TSLA timeframe=1m
2026-01-14 19:03:55 [debug    ] bar_saved                      bar_index=29473804 component=bar_repository symbol=TSLA timeframe=1m
2026-01-14 19:03:55 [debug    ] bar_saved                      bar_index=29473805 component=bar_repository symbol=TSLA timeframe=1m
2026-01-14 19:03:55 [debug    ] bar_saved                      bar_index=29473806 component=bar_repository symbol=TSLA timeframe=1m
2026-01-14 19:03:55 [debug    ] bar_saved                      bar_index=29473807 component=bar_repository symbol=TSLA timeframe=1m
2026-01-14 19:03:55 [debug    ] bar_saved                      bar_index=29473808 component=bar_repository symbol=TSLA timeframe=1m
2026-01-14 19:03:55 [debug    ] bar_saved                      bar_index=29473809 component=bar_repository symbol=TSLA timeframe=1m
2026-01-14 19:03:55 [debug    ] bar_saved                      bar_index=29473810 component=bar_repository symbol=TSLA timeframe=1m
2026-01-14 19:03:55 [debug    ] bar_saved                      bar_index=29473811 component=bar_repository symbol=TSLA timeframe=1m
2026-01-14 19:03:55 [debug    ] bar_saved                      bar_index=29473812 component=bar_repository symbol=TSLA timeframe=1m
2026-01-14 19:03:55 [debug    ] bar_saved                      bar_index=29473813 component=bar_repository symbol=TSLA timeframe=1m
2026-01-14 19:03:55 [debug    ] bar_saved                      bar_index=29473814 component=bar_repository symbol=TSLA timeframe=1m
2026-01-14 19:03:55 [debug    ] bar_saved                      bar_index=29473815 component=bar_repository symbol=TSLA timeframe=1m
2026-01-14 19:03:55 [debug    ] bar_saved                      bar_index=29473816 component=bar_repository symbol=TSLA timeframe=1m
2026-01-14 19:03:55 [debug    ] bar_saved                      bar_index=29473817 component=bar_repository symbol=TSLA timeframe=1m
2026-01-14 19:03:55 [debug    ] bar_saved                      bar_index=29473818 component=bar_repository symbol=TSLA timeframe=1m
2026-01-14 19:03:55 [debug    ] bar_saved                      bar_index=29473819 component=bar_repository symbol=TSLA timeframe=1m
2026-01-14 19:03:55 [debug    ] bar_saved                      bar_index=29473820 component=bar_repository symbol=TSLA timeframe=1m
2026-01-14 19:03:55 [debug    ] bar_saved                      bar_index=29473821 component=bar_repository symbol=TSLA timeframe=1m
2026-01-14 19:03:55 [debug    ] bar_saved                      bar_index=29473822 component=bar_repository symbol=TSLA timeframe=1m
2026-01-14 19:03:55 [debug    ] bar_saved                      bar_index=29473823 component=bar_repository symbol=TSLA timeframe=1m
2026-01-14 19:03:55 [debug    ] bar_saved                      bar_index=29473824 component=bar_repository symbol=TSLA timeframe=1m
2026-01-14 19:03:55 [debug    ] bar_saved                      bar_index=29473825 component=bar_repository symbol=TSLA timeframe=1m
2026-01-14 19:03:55 [debug    ] bar_saved                      bar_index=29473826 component=bar_repository symbol=TSLA timeframe=1m
2026-01-14 19:03:55 [debug    ] bar_saved                      bar_index=29473827 component=bar_repository symbol=TSLA timeframe=1m
2026-01-14 19:03:55 [debug    ] bar_saved                      bar_index=29473828 component=bar_repository symbol=TSLA timeframe=1m
2026-01-14 19:03:55 [debug    ] bar_saved                      bar_index=29473829 component=bar_repository symbol=TSLA timeframe=1m
2026-01-14 19:03:55 [debug    ] bar_saved                      bar_index=29473830 component=bar_repository symbol=TSLA timeframe=1m
2026-01-14 19:03:55 [debug    ] bar_saved                      bar_index=29473831 component=bar_repository symbol=TSLA timeframe=1m
2026-01-14 19:03:55 [debug    ] bar_saved                      bar_index=29473832 component=bar_repository symbol=TSLA timeframe=1m
2026-01-14 19:03:55 [debug    ] bar_saved                      bar_index=29473833 component=bar_repository symbol=TSLA timeframe=1m
2026-01-14 19:03:55 [debug    ] bar_saved                      bar_index=29473834 component=bar_repository symbol=TSLA timeframe=1m
2026-01-14 19:03:55 [debug    ] bar_saved                      bar_index=29473835 component=bar_repository symbol=TSLA timeframe=1m
2026-01-14 19:03:55 [debug    ] bar_saved                      bar_index=29473836 component=bar_repository symbol=TSLA timeframe=1m
2026-01-14 19:03:55 [debug    ] bar_saved                      bar_index=29473837 component=bar_repository symbol=TSLA timeframe=1m
2026-01-14 19:03:55 [debug    ] bar_saved                      bar_index=29473838 component=bar_repository symbol=TSLA timeframe=1m
2026-01-14 19:03:55 [debug    ] bar_saved                      bar_index=29473839 component=bar_repository symbol=TSLA timeframe=1m
2026-01-14 19:03:55 [debug    ] bar_saved                      bar_index=29473840 component=bar_repository symbol=TSLA timeframe=1m
2026-01-14 19:03:55 [debug    ] bar_saved                      bar_index=29473841 component=bar_repository symbol=TSLA timeframe=1m
2026-01-14 19:03:55 [debug    ] bar_saved                      bar_index=29473842 component=bar_repository symbol=TSLA timeframe=1m
2026-01-14 19:03:55 [debug    ] bar_saved                      bar_index=29473843 component=bar_repository symbol=TSLA timeframe=1m
2026-01-14 19:03:55 [debug    ] bar_saved                      bar_index=29473922 component=bar_repository symbol=TSLA timeframe=1m
2026-01-14 19:03:55 [debug    ] bar_saved                      bar_index=29473923 component=bar_repository symbol=TSLA timeframe=1m
2026-01-14 19:03:56 [debug    ] bar_saved                      bar_index=29473020 component=bar_repository symbol=MSFT timeframe=1m
2026-01-14 19:03:56 [debug    ] bar_saved                      bar_index=29473021 component=bar_repository symbol=MSFT timeframe=1m
2026-01-14 19:03:56 [debug    ] bar_saved                      bar_index=29473022 component=bar_repository symbol=MSFT timeframe=1m
2026-01-14 19:03:56 [debug    ] bar_saved                      bar_index=29473023 component=bar_repository symbol=MSFT timeframe=1m
2026-01-14 19:03:56 [debug    ] bar_saved                      bar_index=29473024 component=bar_repository symbol=MSFT timeframe=1m
2026-01-14 19:03:56 [debug    ] bar_saved                      bar_index=29473025 component=bar_repository symbol=MSFT timeframe=1m
2026-01-14 19:03:56 [debug    ] bar_saved                      bar_index=29473026 component=bar_repository symbol=MSFT timeframe=1m
2026-01-14 19:03:56 [debug    ] bar_saved                      bar_index=29473027 component=bar_repository symbol=MSFT timeframe=1m
2026-01-14 19:03:56 [debug    ] bar_saved                      bar_index=29473028 component=bar_repository symbol=MSFT timeframe=1m
2026-01-14 19:03:56 [debug    ] bar_saved                      bar_index=29473029 component=bar_repository symbol=MSFT timeframe=1m
2026-01-14 19:03:56 [debug    ] bar_saved                      bar_index=29473030 component=bar_repository symbol=MSFT timeframe=1m
2026-01-14 19:03:56 [debug    ] bar_saved                      bar_index=29473031 component=bar_repository symbol=MSFT timeframe=1m
2026-01-14 19:03:56 [debug    ] bar_saved                      bar_index=29473032 component=bar_repository symbol=MSFT timeframe=1m
2026-01-14 19:03:56 [debug    ] bar_saved                      bar_index=29473034 component=bar_repository symbol=MSFT timeframe=1m
2026-01-14 19:03:56 [debug    ] bar_saved                      bar_index=29473035 component=bar_repository symbol=MSFT timeframe=1m
2026-01-14 19:03:56 [debug    ] bar_saved                      bar_index=29473036 component=bar_repository symbol=MSFT timeframe=1m
2026-01-14 19:03:56 [debug    ] bar_saved                      bar_index=29473039 component=bar_repository symbol=MSFT timeframe=1m
2026-01-14 19:03:56 [debug    ] bar_saved                      bar_index=29473040 component=bar_repository symbol=MSFT timeframe=1m
2026-01-14 19:03:56 [debug    ] bar_saved                      bar_index=29473041 component=bar_repository symbol=MSFT timeframe=1m
2026-01-14 19:03:56 [debug    ] bar_saved                      bar_index=29473042 component=bar_repository symbol=MSFT timeframe=1m
2026-01-14 19:03:56 [debug    ] bar_saved                      bar_index=29473043 component=bar_repository symbol=MSFT timeframe=1m
2026-01-14 19:03:56 [debug    ] bar_saved                      bar_index=29473045 component=bar_repository symbol=MSFT timeframe=1m
2026-01-14 19:03:56 [debug    ] bar_saved                      bar_index=29473046 component=bar_repository symbol=MSFT timeframe=1m
2026-01-14 19:03:56 [debug    ] bar_saved                      bar_index=29473047 component=bar_repository symbol=MSFT timeframe=1m
2026-01-14 19:03:56 [debug    ] bar_saved                      bar_index=29473048 component=bar_repository symbol=MSFT timeframe=1m
2026-01-14 19:03:56 [debug    ] bar_saved                      bar_index=29473049 component=bar_repository symbol=MSFT timeframe=1m
2026-01-14 19:03:56 [debug    ] bar_saved                      bar_index=29473050 component=bar_repository symbol=MSFT timeframe=1m
2026-01-14 19:03:56 [debug    ] bar_saved                      bar_index=29473052 component=bar_repository symbol=MSFT timeframe=1m
2026-01-14 19:03:56 [debug    ] bar_saved                      bar_index=29473053 component=bar_repository symbol=MSFT timeframe=1m
2026-01-14 19:03:56 [debug    ] bar_saved                      bar_index=29473054 component=bar_repository symbol=MSFT timeframe=1m
2026-01-14 19:03:56 [debug    ] bar_saved                      bar_index=29473055 component=bar_repository symbol=MSFT timeframe=1m
2026-01-14 19:03:56 [debug    ] bar_saved                      bar_index=29473056 component=bar_repository symbol=MSFT timeframe=1m
2026-01-14 19:03:56 [debug    ] bar_saved                      bar_index=29473057 component=bar_repository symbol=MSFT timeframe=1m
2026-01-14 19:03:56 [debug    ] bar_saved                      bar_index=29473058 component=bar_repository symbol=MSFT timeframe=1m
2026-01-14 19:03:56 [debug    ] bar_saved                      bar_index=29473060 component=bar_repository symbol=MSFT timeframe=1m
2026-01-14 19:03:56 [debug    ] bar_saved                      bar_index=29473061 component=bar_repository symbol=MSFT timeframe=1m
2026-01-14 19:03:56 [debug    ] bar_saved                      bar_index=29473063 component=bar_repository symbol=MSFT timeframe=1m
2026-01-14 19:03:56 [debug    ] bar_saved                      bar_index=29473064 component=bar_repository symbol=MSFT timeframe=1m
2026-01-14 19:03:56 [debug    ] bar_saved                      bar_index=29473065 component=bar_repository symbol=MSFT timeframe=1m
2026-01-14 19:03:56 [debug    ] bar_saved                      bar_index=29473066 component=bar_repository symbol=MSFT timeframe=1m
2026-01-14 19:03:56 [debug    ] bar_saved                      bar_index=29473067 component=bar_repository symbol=MSFT timeframe=1m
2026-01-14 19:03:56 [debug    ] bar_saved                      bar_index=29473068 component=bar_repository symbol=MSFT timeframe=1m
2026-01-14 19:03:56 [debug    ] bar_saved                      bar_index=29473069 component=bar_repository symbol=MSFT timeframe=1m
2026-01-14 19:03:56 [debug    ] bar_saved                      bar_index=29473070 component=bar_repository symbol=MSFT timeframe=1m
2026-01-14 19:03:56 [debug    ] bar_saved                      bar_index=29473071 component=bar_repository symbol=MSFT timeframe=1m
2026-01-14 19:03:56 [debug    ] bar_saved                      bar_index=29473072 component=bar_repository symbol=MSFT timeframe=1m
2026-01-14 19:03:56 [debug    ] bar_saved                      bar_index=29473073 component=bar_repository symbol=MSFT timeframe=1m
2026-01-14 19:03:56 [debug    ] bar_saved                      bar_index=29473074 component=bar_repository symbol=MSFT timeframe=1m
2026-01-14 19:03:56 [debug    ] bar_saved                      bar_index=29473075 component=bar_repository symbol=MSFT timeframe=1m
2026-01-14 19:03:56 [debug    ] bar_saved                      bar_index=29473078 component=bar_repository symbol=MSFT timeframe=1m
2026-01-14 19:03:56 [debug    ] bar_saved                      bar_index=29473079 component=bar_repository symbol=MSFT timeframe=1m
2026-01-14 19:03:56 [debug    ] bar_saved                      bar_index=29473080 component=bar_repository symbol=MSFT timeframe=1m
2026-01-14 19:03:56 [debug    ] bar_saved                      bar_index=29473083 component=bar_repository symbol=MSFT timeframe=1m
2026-01-14 19:03:56 [debug    ] bar_saved                      bar_index=29473084 component=bar_repository symbol=MSFT timeframe=1m
2026-01-14 19:03:56 [debug    ] bar_saved                      bar_index=29473087 component=bar_repository symbol=MSFT timeframe=1m
2026-01-14 19:03:56 [debug    ] bar_saved                      bar_index=29473088 component=bar_repository symbol=MSFT timeframe=1m
2026-01-14 19:03:56 [debug    ] bar_saved                      bar_index=29473089 component=bar_repository symbol=MSFT timeframe=1m
2026-01-14 19:03:56 [debug    ] bar_saved                      bar_index=29473090 component=bar_repository symbol=MSFT timeframe=1m
2026-01-14 19:03:56 [debug    ] bar_saved                      bar_index=29473091 component=bar_repository symbol=MSFT timeframe=1m
2026-01-14 19:03:56 [debug    ] bar_saved                      bar_index=29473092 component=bar_repository symbol=MSFT timeframe=1m
2026-01-14 19:03:56 [debug    ] bar_saved                      bar_index=29473093 component=bar_repository symbol=MSFT timeframe=1m
2026-01-14 19:03:56 [debug    ] bar_saved                      bar_index=29473094 component=bar_repository symbol=MSFT timeframe=1m
2026-01-14 19:03:56 [debug    ] bar_saved                      bar_index=29473095 component=bar_repository symbol=MSFT timeframe=1m
2026-01-14 19:03:56 [debug    ] bar_saved                      bar_index=29473097 component=bar_repository symbol=MSFT timeframe=1m
2026-01-14 19:03:56 [debug    ] bar_saved                      bar_index=29473099 component=bar_repository symbol=MSFT timeframe=1m
2026-01-14 19:03:56 [debug    ] bar_saved                      bar_index=29473100 component=bar_repository symbol=MSFT timeframe=1m
2026-01-14 19:03:56 [debug    ] bar_saved                      bar_index=29473101 component=bar_repository symbol=MSFT timeframe=1m
2026-01-14 19:03:56 [debug    ] bar_saved                      bar_index=29473102 component=bar_repository symbol=MSFT timeframe=1m
2026-01-14 19:03:56 [debug    ] bar_saved                      bar_index=29473103 component=bar_repository symbol=MSFT timeframe=1m
2026-01-14 19:03:56 [debug    ] bar_saved                      bar_index=29473104 component=bar_repository symbol=MSFT timeframe=1m
2026-01-14 19:03:56 [debug    ] bar_saved                      bar_index=29473105 component=bar_repository symbol=MSFT timeframe=1m
2026-01-14 19:03:56 [debug    ] bar_saved                      bar_index=29473106 component=bar_repository symbol=MSFT timeframe=1m
2026-01-14 19:03:56 [debug    ] bar_saved                      bar_index=29473107 component=bar_repository symbol=MSFT timeframe=1m
2026-01-14 19:03:56 [debug    ] bar_saved                      bar_index=29473108 component=bar_repository symbol=MSFT timeframe=1m
2026-01-14 19:03:56 [debug    ] bar_saved                      bar_index=29473109 component=bar_repository symbol=MSFT timeframe=1m
2026-01-14 19:03:56 [debug    ] bar_saved                      bar_index=29473110 component=bar_repository symbol=MSFT timeframe=1m
2026-01-14 19:03:56 [debug    ] bar_saved                      bar_index=29473111 component=bar_repository symbol=MSFT timeframe=1m
2026-01-14 19:03:56 [debug    ] bar_saved                      bar_index=29473112 component=bar_repository symbol=MSFT timeframe=1m
2026-01-14 19:03:56 [debug    ] bar_saved                      bar_index=29473113 component=bar_repository symbol=MSFT timeframe=1m
2026-01-14 19:03:56 [debug    ] bar_saved                      bar_index=29473114 component=bar_repository symbol=MSFT timeframe=1m
2026-01-14 19:03:56 [debug    ] bar_saved                      bar_index=29473115 component=bar_repository symbol=MSFT timeframe=1m
2026-01-14 19:03:56 [debug    ] bar_saved                      bar_index=29473117 component=bar_repository symbol=MSFT timeframe=1m
2026-01-14 19:03:56 [debug    ] bar_saved                      bar_index=29473118 component=bar_repository symbol=MSFT timeframe=1m
2026-01-14 19:03:56 [debug    ] bar_saved                      bar_index=29473119 component=bar_repository symbol=MSFT timeframe=1m
2026-01-14 19:03:56 [debug    ] bar_saved                      bar_index=29473120 component=bar_repository symbol=MSFT timeframe=1m
2026-01-14 19:03:56 [debug    ] bar_saved                      bar_index=29473121 component=bar_repository symbol=MSFT timeframe=1m
2026-01-14 19:03:56 [debug    ] bar_saved                      bar_index=29473122 component=bar_repository symbol=MSFT timeframe=1m
2026-01-14 19:03:56 [debug    ] bar_saved                      bar_index=29473123 component=bar_repository symbol=MSFT timeframe=1m
2026-01-14 19:03:56 [debug    ] bar_saved                      bar_index=29473124 component=bar_repository symbol=MSFT timeframe=1m
2026-01-14 19:03:56 [debug    ] bar_saved                      bar_index=29473125 component=bar_repository symbol=MSFT timeframe=1m
2026-01-14 19:03:56 [debug    ] bar_saved                      bar_index=29473126 component=bar_repository symbol=MSFT timeframe=1m
2026-01-14 19:03:56 [debug    ] bar_saved                      bar_index=29473127 component=bar_repository symbol=MSFT timeframe=1m
2026-01-14 19:03:56 [debug    ] bar_saved                      bar_index=29473128 component=bar_repository symbol=MSFT timeframe=1m
2026-01-14 19:03:56 [debug    ] bar_saved                      bar_index=29473129 component=bar_repository symbol=MSFT timeframe=1m
2026-01-14 19:03:56 [debug    ] bar_saved                      bar_index=29473130 component=bar_repository symbol=MSFT timeframe=1m
2026-01-14 19:03:56 [debug    ] bar_saved                      bar_index=29473131 component=bar_repository symbol=MSFT timeframe=1m
2026-01-14 19:03:56 [debug    ] bar_saved                      bar_index=29473132 component=bar_repository symbol=MSFT timeframe=1m
2026-01-14 19:03:56 [debug    ] bar_saved                      bar_index=29473136 component=bar_repository symbol=MSFT timeframe=1m
2026-01-14 19:03:56 [debug    ] bar_saved                      bar_index=29473137 component=bar_repository symbol=MSFT timeframe=1m
2026-01-14 19:03:56 [debug    ] bar_saved                      bar_index=29473138 component=bar_repository symbol=MSFT timeframe=1m
2026-01-14 19:03:56 [debug    ] bar_saved                      bar_index=29473139 component=bar_repository symbol=MSFT timeframe=1m
2026-01-14 19:03:56 [debug    ] bar_saved                      bar_index=29473350 component=bar_repository symbol=MSFT timeframe=1m
2026-01-14 19:03:56 [debug    ] bar_saved                      bar_index=29473351 component=bar_repository symbol=MSFT timeframe=1m
2026-01-14 19:03:56 [debug    ] bar_saved                      bar_index=29473352 component=bar_repository symbol=MSFT timeframe=1m
2026-01-14 19:03:56 [debug    ] bar_saved                      bar_index=29473353 component=bar_repository symbol=MSFT timeframe=1m
2026-01-14 19:03:56 [debug    ] bar_saved                      bar_index=29473354 component=bar_repository symbol=MSFT timeframe=1m
2026-01-14 19:03:56 [debug    ] bar_saved                      bar_index=29473355 component=bar_repository symbol=MSFT timeframe=1m
2026-01-14 19:03:56 [debug    ] bar_saved                      bar_index=29473356 component=bar_repository symbol=MSFT timeframe=1m
2026-01-14 19:03:56 [debug    ] bar_saved                      bar_index=29473357 component=bar_repository symbol=MSFT timeframe=1m
2026-01-14 19:03:56 [debug    ] bar_saved                      bar_index=29473358 component=bar_repository symbol=MSFT timeframe=1m
2026-01-14 19:03:56 [debug    ] bar_saved                      bar_index=29473359 component=bar_repository symbol=MSFT timeframe=1m
2026-01-14 19:03:56 [debug    ] bar_saved                      bar_index=29473360 component=bar_repository symbol=MSFT timeframe=1m
2026-01-14 19:03:56 [debug    ] bar_saved                      bar_index=29473361 component=bar_repository symbol=MSFT timeframe=1m
2026-01-14 19:03:56 [debug    ] bar_saved                      bar_index=29473362 component=bar_repository symbol=MSFT timeframe=1m
2026-01-14 19:03:56 [debug    ] bar_saved                      bar_index=29473363 component=bar_repository symbol=MSFT timeframe=1m
2026-01-14 19:03:56 [debug    ] bar_saved                      bar_index=29473364 component=bar_repository symbol=MSFT timeframe=1m
2026-01-14 19:03:56 [debug    ] bar_saved                      bar_index=29473365 component=bar_repository symbol=MSFT timeframe=1m
2026-01-14 19:03:56 [debug    ] bar_saved                      bar_index=29473366 component=bar_repository symbol=MSFT timeframe=1m
2026-01-14 19:03:56 [debug    ] bar_saved                      bar_index=29473367 component=bar_repository symbol=MSFT timeframe=1m
2026-01-14 19:03:56 [debug    ] bar_saved                      bar_index=29473368 component=bar_repository symbol=MSFT timeframe=1m
2026-01-14 19:03:56 [debug    ] bar_saved                      bar_index=29473369 component=bar_repository symbol=MSFT timeframe=1m
2026-01-14 19:03:56 [debug    ] bar_saved                      bar_index=29473370 component=bar_repository symbol=MSFT timeframe=1m
2026-01-14 19:03:56 [debug    ] bar_saved                      bar_index=29473371 component=bar_repository symbol=MSFT timeframe=1m
2026-01-14 19:03:56 [debug    ] bar_saved                      bar_index=29473372 component=bar_repository symbol=MSFT timeframe=1m
2026-01-14 19:03:56 [debug    ] bar_saved                      bar_index=29473373 component=bar_repository symbol=MSFT timeframe=1m
2026-01-14 19:03:56 [debug    ] bar_saved                      bar_index=29473374 component=bar_repository symbol=MSFT timeframe=1m
2026-01-14 19:03:56 [debug    ] bar_saved                      bar_index=29473375 component=bar_repository symbol=MSFT timeframe=1m
2026-01-14 19:03:56 [debug    ] bar_saved                      bar_index=29473376 component=bar_repository symbol=MSFT timeframe=1m
2026-01-14 19:03:56 [debug    ] bar_saved                      bar_index=29473377 component=bar_repository symbol=MSFT timeframe=1m
2026-01-14 19:03:56 [debug    ] bar_saved                      bar_index=29473378 component=bar_repository symbol=MSFT timeframe=1m
2026-01-14 19:03:56 [debug    ] bar_saved                      bar_index=29473379 component=bar_repository symbol=MSFT timeframe=1m
2026-01-14 19:03:56 [debug    ] bar_saved                      bar_index=29473380 component=bar_repository symbol=MSFT timeframe=1m
2026-01-14 19:03:56 [debug    ] bar_saved                      bar_index=29473381 component=bar_repository symbol=MSFT timeframe=1m
2026-01-14 19:03:56 [debug    ] bar_saved                      bar_index=29473382 component=bar_repository symbol=MSFT timeframe=1m
2026-01-14 19:03:56 [debug    ] bar_saved                      bar_index=29473383 component=bar_repository symbol=MSFT timeframe=1m
2026-01-14 19:03:56 [debug    ] bar_saved                      bar_index=29473384 component=bar_repository symbol=MSFT timeframe=1m
2026-01-14 19:03:56 [debug    ] bar_saved                      bar_index=29473385 component=bar_repository symbol=MSFT timeframe=1m
2026-01-14 19:03:56 [debug    ] bar_saved                      bar_index=29473386 component=bar_repository symbol=MSFT timeframe=1m
2026-01-14 19:03:56 [debug    ] bar_saved                      bar_index=29473387 component=bar_repository symbol=MSFT timeframe=1m
2026-01-14 19:03:56 [debug    ] bar_saved                      bar_index=29473388 component=bar_repository symbol=MSFT timeframe=1m
2026-01-14 19:03:56 [debug    ] bar_saved                      bar_index=29473389 component=bar_repository symbol=MSFT timeframe=1m
2026-01-14 19:03:56 [debug    ] bar_saved                      bar_index=29473390 component=bar_repository symbol=MSFT timeframe=1m
2026-01-14 19:03:56 [debug    ] bar_saved                      bar_index=29473391 component=bar_repository symbol=MSFT timeframe=1m
2026-01-14 19:03:56 [debug    ] bar_saved                      bar_index=29473392 component=bar_repository symbol=MSFT timeframe=1m
2026-01-14 19:03:56 [debug    ] bar_saved                      bar_index=29473393 component=bar_repository symbol=MSFT timeframe=1m
2026-01-14 19:03:56 [debug    ] bar_saved                      bar_index=29473394 component=bar_repository symbol=MSFT timeframe=1m
2026-01-14 19:03:56 [debug    ] bar_saved                      bar_index=29473395 component=bar_repository symbol=MSFT timeframe=1m
2026-01-14 19:03:56 [debug    ] bar_saved                      bar_index=29473396 component=bar_repository symbol=MSFT timeframe=1m
2026-01-14 19:03:56 [debug    ] bar_saved                      bar_index=29473397 component=bar_repository symbol=MSFT timeframe=1m
2026-01-14 19:03:56 [debug    ] bar_saved                      bar_index=29473398 component=bar_repository symbol=MSFT timeframe=1m
2026-01-14 19:03:56 [debug    ] bar_saved                      bar_index=29473399 component=bar_repository symbol=MSFT timeframe=1m
2026-01-14 19:03:56 [debug    ] bar_saved                      bar_index=29473400 component=bar_repository symbol=MSFT timeframe=1m
2026-01-14 19:03:56 [debug    ] bar_saved                      bar_index=29473401 component=bar_repository symbol=MSFT timeframe=1m
2026-01-14 19:03:56 [debug    ] bar_saved                      bar_index=29473402 component=bar_repository symbol=MSFT timeframe=1m
2026-01-14 19:03:56 [debug    ] bar_saved                      bar_index=29473403 component=bar_repository symbol=MSFT timeframe=1m
2026-01-14 19:03:56 [debug    ] bar_saved                      bar_index=29473404 component=bar_repository symbol=MSFT timeframe=1m
2026-01-14 19:03:56 [debug    ] bar_saved                      bar_index=29473405 component=bar_repository symbol=MSFT timeframe=1m
2026-01-14 19:03:56 [debug    ] bar_saved                      bar_index=29473406 component=bar_repository symbol=MSFT timeframe=1m
2026-01-14 19:03:56 [debug    ] bar_saved                      bar_index=29473407 component=bar_repository symbol=MSFT timeframe=1m
2026-01-14 19:03:56 [debug    ] bar_saved                      bar_index=29473408 component=bar_repository symbol=MSFT timeframe=1m
2026-01-14 19:03:56 [debug    ] bar_saved                      bar_index=29473409 component=bar_repository symbol=MSFT timeframe=1m
2026-01-14 19:03:56 [debug    ] bar_saved                      bar_index=29473410 component=bar_repository symbol=MSFT timeframe=1m
2026-01-14 19:03:56 [debug    ] bar_saved                      bar_index=29473411 component=bar_repository symbol=MSFT timeframe=1m
2026-01-14 19:03:56 [debug    ] bar_saved                      bar_index=29473412 component=bar_repository symbol=MSFT timeframe=1m
2026-01-14 19:03:56 [debug    ] bar_saved                      bar_index=29473413 component=bar_repository symbol=MSFT timeframe=1m
2026-01-14 19:03:56 [debug    ] bar_saved                      bar_index=29473414 component=bar_repository symbol=MSFT timeframe=1m
2026-01-14 19:03:56 [debug    ] bar_saved                      bar_index=29473415 component=bar_repository symbol=MSFT timeframe=1m
2026-01-14 19:03:56 [debug    ] bar_saved                      bar_index=29473416 component=bar_repository symbol=MSFT timeframe=1m
2026-01-14 19:03:56 [debug    ] bar_saved                      bar_index=29473417 component=bar_repository symbol=MSFT timeframe=1m
2026-01-14 19:03:56 [debug    ] bar_saved                      bar_index=29473418 component=bar_repository symbol=MSFT timeframe=1m
2026-01-14 19:03:56 [debug    ] bar_saved                      bar_index=29473419 component=bar_repository symbol=MSFT timeframe=1m
2026-01-14 19:03:56 [debug    ] bar_saved                      bar_index=29473420 component=bar_repository symbol=MSFT timeframe=1m
2026-01-14 19:03:56 [debug    ] bar_saved                      bar_index=29473421 component=bar_repository symbol=MSFT timeframe=1m
2026-01-14 19:03:56 [debug    ] bar_saved                      bar_index=29473422 component=bar_repository symbol=MSFT timeframe=1m
2026-01-14 19:03:56 [debug    ] bar_saved                      bar_index=29473423 component=bar_repository symbol=MSFT timeframe=1m
2026-01-14 19:03:56 [debug    ] bar_saved                      bar_index=29473424 component=bar_repository symbol=MSFT timeframe=1m
2026-01-14 19:03:56 [debug    ] bar_saved                      bar_index=29473425 component=bar_repository symbol=MSFT timeframe=1m
2026-01-14 19:03:56 [debug    ] bar_saved                      bar_index=29473426 component=bar_repository symbol=MSFT timeframe=1m
2026-01-14 19:03:56 [debug    ] bar_saved                      bar_index=29473427 component=bar_repository symbol=MSFT timeframe=1m
2026-01-14 19:03:56 [debug    ] bar_saved                      bar_index=29473428 component=bar_repository symbol=MSFT timeframe=1m
2026-01-14 19:03:56 [debug    ] bar_saved                      bar_index=29473429 component=bar_repository symbol=MSFT timeframe=1m
2026-01-14 19:03:56 [debug    ] bar_saved                      bar_index=29473430 component=bar_repository symbol=MSFT timeframe=1m
2026-01-14 19:03:56 [debug    ] bar_saved                      bar_index=29473431 component=bar_repository symbol=MSFT timeframe=1m
2026-01-14 19:03:56 [debug    ] bar_saved                      bar_index=29473432 component=bar_repository symbol=MSFT timeframe=1m
2026-01-14 19:03:56 [debug    ] bar_saved                      bar_index=29473433 component=bar_repository symbol=MSFT timeframe=1m
2026-01-14 19:03:56 [debug    ] bar_saved                      bar_index=29473434 component=bar_repository symbol=MSFT timeframe=1m
2026-01-14 19:03:56 [debug    ] bar_saved                      bar_index=29473435 component=bar_repository symbol=MSFT timeframe=1m
2026-01-14 19:03:56 [debug    ] bar_saved                      bar_index=29473436 component=bar_repository symbol=MSFT timeframe=1m
2026-01-14 19:03:56 [debug    ] bar_saved                      bar_index=29473437 component=bar_repository symbol=MSFT timeframe=1m
2026-01-14 19:03:56 [debug    ] bar_saved                      bar_index=29473438 component=bar_repository symbol=MSFT timeframe=1m
2026-01-14 19:03:56 [debug    ] bar_saved                      bar_index=29473439 component=bar_repository symbol=MSFT timeframe=1m
2026-01-14 19:03:56 [debug    ] bar_saved                      bar_index=29473440 component=bar_repository symbol=MSFT timeframe=1m
2026-01-14 19:03:56 [debug    ] bar_saved                      bar_index=29473441 component=bar_repository symbol=MSFT timeframe=1m
2026-01-14 19:03:56 [debug    ] bar_saved                      bar_index=29473442 component=bar_repository symbol=MSFT timeframe=1m
2026-01-14 19:03:56 [debug    ] bar_saved                      bar_index=29473443 component=bar_repository symbol=MSFT timeframe=1m
2026-01-14 19:03:56 [debug    ] bar_saved                      bar_index=29473444 component=bar_repository symbol=MSFT timeframe=1m
2026-01-14 19:03:56 [debug    ] bar_saved                      bar_index=29473445 component=bar_repository symbol=MSFT timeframe=1m
2026-01-14 19:03:56 [debug    ] bar_saved                      bar_index=29473446 component=bar_repository symbol=MSFT timeframe=1m
2026-01-14 19:03:56 [debug    ] bar_saved                      bar_index=29473447 component=bar_repository symbol=MSFT timeframe=1m
2026-01-14 19:03:56 [debug    ] bar_saved                      bar_index=29473448 component=bar_repository symbol=MSFT timeframe=1m
2026-01-14 19:03:56 [debug    ] bar_saved                      bar_index=29473449 component=bar_repository symbol=MSFT timeframe=1m
2026-01-14 19:03:56 [debug    ] bar_saved                      bar_index=29473450 component=bar_repository symbol=MSFT timeframe=1m
2026-01-14 19:03:56 [debug    ] bar_saved                      bar_index=29473451 component=bar_repository symbol=MSFT timeframe=1m
2026-01-14 19:03:56 [debug    ] bar_saved                      bar_index=29473452 component=bar_repository symbol=MSFT timeframe=1m
2026-01-14 19:03:56 [debug    ] bar_saved                      bar_index=29473453 component=bar_repository symbol=MSFT timeframe=1m
2026-01-14 19:03:56 [debug    ] bar_saved                      bar_index=29473454 component=bar_repository symbol=MSFT timeframe=1m
2026-01-14 19:03:56 [debug    ] bar_saved                      bar_index=29473455 component=bar_repository symbol=MSFT timeframe=1m
2026-01-14 19:03:56 [debug    ] bar_saved                      bar_index=29473456 component=bar_repository symbol=MSFT timeframe=1m
2026-01-14 19:03:56 [debug    ] bar_saved                      bar_index=29473457 component=bar_repository symbol=MSFT timeframe=1m
2026-01-14 19:03:56 [debug    ] bar_saved                      bar_index=29473458 component=bar_repository symbol=MSFT timeframe=1m
2026-01-14 19:03:56 [debug    ] bar_saved                      bar_index=29473459 component=bar_repository symbol=MSFT timeframe=1m
2026-01-14 19:03:56 [debug    ] bar_saved                      bar_index=29473460 component=bar_repository symbol=MSFT timeframe=1m
2026-01-14 19:03:56 [debug    ] bar_saved                      bar_index=29473461 component=bar_repository symbol=MSFT timeframe=1m
2026-01-14 19:03:56 [debug    ] bar_saved                      bar_index=29473462 component=bar_repository symbol=MSFT timeframe=1m
2026-01-14 19:03:56 [debug    ] bar_saved                      bar_index=29473463 component=bar_repository symbol=MSFT timeframe=1m
2026-01-14 19:03:56 [debug    ] bar_saved                      bar_index=29473464 component=bar_repository symbol=MSFT timeframe=1m
2026-01-14 19:03:56 [debug    ] bar_saved                      bar_index=29473465 component=bar_repository symbol=MSFT timeframe=1m
2026-01-14 19:03:56 [debug    ] bar_saved                      bar_index=29473466 component=bar_repository symbol=MSFT timeframe=1m
2026-01-14 19:03:56 [debug    ] bar_saved                      bar_index=29473467 component=bar_repository symbol=MSFT timeframe=1m
2026-01-14 19:03:56 [debug    ] bar_saved                      bar_index=29473468 component=bar_repository symbol=MSFT timeframe=1m
2026-01-14 19:03:56 [debug    ] bar_saved                      bar_index=29473469 component=bar_repository symbol=MSFT timeframe=1m
2026-01-14 19:03:56 [debug    ] bar_saved                      bar_index=29473470 component=bar_repository symbol=MSFT timeframe=1m
2026-01-14 19:03:56 [debug    ] bar_saved                      bar_index=29473471 component=bar_repository symbol=MSFT timeframe=1m
2026-01-14 19:03:56 [debug    ] bar_saved                      bar_index=29473472 component=bar_repository symbol=MSFT timeframe=1m
2026-01-14 19:03:56 [debug    ] bar_saved                      bar_index=29473473 component=bar_repository symbol=MSFT timeframe=1m
2026-01-14 19:03:56 [debug    ] bar_saved                      bar_index=29473474 component=bar_repository symbol=MSFT timeframe=1m
2026-01-14 19:03:56 [debug    ] bar_saved                      bar_index=29473475 component=bar_repository symbol=MSFT timeframe=1m
2026-01-14 19:03:56 [debug    ] bar_saved                      bar_index=29473476 component=bar_repository symbol=MSFT timeframe=1m
2026-01-14 19:03:56 [debug    ] bar_saved                      bar_index=29473477 component=bar_repository symbol=MSFT timeframe=1m
2026-01-14 19:03:56 [debug    ] bar_saved                      bar_index=29473478 component=bar_repository symbol=MSFT timeframe=1m
2026-01-14 19:03:56 [debug    ] bar_saved                      bar_index=29473479 component=bar_repository symbol=MSFT timeframe=1m
2026-01-14 19:03:56 [debug    ] bar_saved                      bar_index=29473480 component=bar_repository symbol=MSFT timeframe=1m
2026-01-14 19:03:56 [debug    ] bar_saved                      bar_index=29473481 component=bar_repository symbol=MSFT timeframe=1m
2026-01-14 19:03:56 [debug    ] bar_saved                      bar_index=29473482 component=bar_repository symbol=MSFT timeframe=1m
2026-01-14 19:03:56 [debug    ] bar_saved                      bar_index=29473483 component=bar_repository symbol=MSFT timeframe=1m
2026-01-14 19:03:56 [debug    ] bar_saved                      bar_index=29473484 component=bar_repository symbol=MSFT timeframe=1m
2026-01-14 19:03:56 [debug    ] bar_saved                      bar_index=29473485 component=bar_repository symbol=MSFT timeframe=1m
2026-01-14 19:03:56 [debug    ] bar_saved                      bar_index=29473486 component=bar_repository symbol=MSFT timeframe=1m
2026-01-14 19:03:56 [debug    ] bar_saved                      bar_index=29473487 component=bar_repository symbol=MSFT timeframe=1m
2026-01-14 19:03:56 [debug    ] bar_saved                      bar_index=29473488 component=bar_repository symbol=MSFT timeframe=1m
2026-01-14 19:03:56 [debug    ] bar_saved                      bar_index=29473489 component=bar_repository symbol=MSFT timeframe=1m
2026-01-14 19:03:56 [debug    ] bar_saved                      bar_index=29473490 component=bar_repository symbol=MSFT timeframe=1m
2026-01-14 19:03:56 [debug    ] bar_saved                      bar_index=29473491 component=bar_repository symbol=MSFT timeframe=1m
2026-01-14 19:03:56 [debug    ] bar_saved                      bar_index=29473492 component=bar_repository symbol=MSFT timeframe=1m
2026-01-14 19:03:56 [debug    ] bar_saved                      bar_index=29473493 component=bar_repository symbol=MSFT timeframe=1m
2026-01-14 19:03:56 [debug    ] bar_saved                      bar_index=29473494 component=bar_repository symbol=MSFT timeframe=1m
2026-01-14 19:03:56 [debug    ] bar_saved                      bar_index=29473495 component=bar_repository symbol=MSFT timeframe=1m
2026-01-14 19:03:56 [debug    ] bar_saved                      bar_index=29473496 component=bar_repository symbol=MSFT timeframe=1m
2026-01-14 19:03:56 [debug    ] bar_saved                      bar_index=29473497 component=bar_repository symbol=MSFT timeframe=1m
2026-01-14 19:03:56 [debug    ] bar_saved                      bar_index=29473498 component=bar_repository symbol=MSFT timeframe=1m
2026-01-14 19:03:56 [debug    ] bar_saved                      bar_index=29473499 component=bar_repository symbol=MSFT timeframe=1m
2026-01-14 19:03:56 [debug    ] bar_saved                      bar_index=29473500 component=bar_repository symbol=MSFT timeframe=1m
2026-01-14 19:03:56 [debug    ] bar_saved                      bar_index=29473501 component=bar_repository symbol=MSFT timeframe=1m
2026-01-14 19:03:56 [debug    ] bar_saved                      bar_index=29473502 component=bar_repository symbol=MSFT timeframe=1m
2026-01-14 19:03:56 [debug    ] bar_saved                      bar_index=29473503 component=bar_repository symbol=MSFT timeframe=1m
2026-01-14 19:03:56 [debug    ] bar_saved                      bar_index=29473504 component=bar_repository symbol=MSFT timeframe=1m
2026-01-14 19:03:56 [debug    ] bar_saved                      bar_index=29473505 component=bar_repository symbol=MSFT timeframe=1m
2026-01-14 19:03:56 [debug    ] bar_saved                      bar_index=29473506 component=bar_repository symbol=MSFT timeframe=1m
2026-01-14 19:03:56 [debug    ] bar_saved                      bar_index=29473507 component=bar_repository symbol=MSFT timeframe=1m
2026-01-14 19:03:56 [debug    ] bar_saved                      bar_index=29473508 component=bar_repository symbol=MSFT timeframe=1m
2026-01-14 19:03:56 [debug    ] bar_saved                      bar_index=29473509 component=bar_repository symbol=MSFT timeframe=1m
2026-01-14 19:03:56 [debug    ] bar_saved                      bar_index=29473510 component=bar_repository symbol=MSFT timeframe=1m
2026-01-14 19:03:56 [debug    ] bar_saved                      bar_index=29473511 component=bar_repository symbol=MSFT timeframe=1m
2026-01-14 19:03:56 [debug    ] bar_saved                      bar_index=29473512 component=bar_repository symbol=MSFT timeframe=1m
2026-01-14 19:03:56 [debug    ] bar_saved                      bar_index=29473513 component=bar_repository symbol=MSFT timeframe=1m
2026-01-14 19:03:56 [debug    ] bar_saved                      bar_index=29473514 component=bar_repository symbol=MSFT timeframe=1m
2026-01-14 19:03:56 [debug    ] bar_saved                      bar_index=29473515 component=bar_repository symbol=MSFT timeframe=1m
2026-01-14 19:03:56 [debug    ] bar_saved                      bar_index=29473516 component=bar_repository symbol=MSFT timeframe=1m
2026-01-14 19:03:56 [debug    ] bar_saved                      bar_index=29473517 component=bar_repository symbol=MSFT timeframe=1m
2026-01-14 19:03:56 [debug    ] bar_saved                      bar_index=29473518 component=bar_repository symbol=MSFT timeframe=1m
2026-01-14 19:03:56 [debug    ] bar_saved                      bar_index=29473519 component=bar_repository symbol=MSFT timeframe=1m
2026-01-14 19:03:56 [debug    ] bar_saved                      bar_index=29473520 component=bar_repository symbol=MSFT timeframe=1m
2026-01-14 19:03:56 [debug    ] bar_saved                      bar_index=29473521 component=bar_repository symbol=MSFT timeframe=1m
2026-01-14 19:03:56 [debug    ] bar_saved                      bar_index=29473522 component=bar_repository symbol=MSFT timeframe=1m
2026-01-14 19:03:56 [debug    ] bar_saved                      bar_index=29473523 component=bar_repository symbol=MSFT timeframe=1m
2026-01-14 19:03:56 [debug    ] bar_saved                      bar_index=29473524 component=bar_repository symbol=MSFT timeframe=1m
2026-01-14 19:03:56 [debug    ] bar_saved                      bar_index=29473525 component=bar_repository symbol=MSFT timeframe=1m
2026-01-14 19:03:56 [debug    ] bar_saved                      bar_index=29473526 component=bar_repository symbol=MSFT timeframe=1m
2026-01-14 19:03:56 [debug    ] bar_saved                      bar_index=29473527 component=bar_repository symbol=MSFT timeframe=1m
2026-01-14 19:03:56 [debug    ] bar_saved                      bar_index=29473528 component=bar_repository symbol=MSFT timeframe=1m
2026-01-14 19:03:56 [debug    ] bar_saved                      bar_index=29473529 component=bar_repository symbol=MSFT timeframe=1m
2026-01-14 19:03:56 [debug    ] bar_saved                      bar_index=29473530 component=bar_repository symbol=MSFT timeframe=1m
2026-01-14 19:03:56 [debug    ] bar_saved                      bar_index=29473531 component=bar_repository symbol=MSFT timeframe=1m
2026-01-14 19:03:56 [debug    ] bar_saved                      bar_index=29473532 component=bar_repository symbol=MSFT timeframe=1m
2026-01-14 19:03:56 [debug    ] bar_saved                      bar_index=29473533 component=bar_repository symbol=MSFT timeframe=1m
2026-01-14 19:03:56 [debug    ] bar_saved                      bar_index=29473534 component=bar_repository symbol=MSFT timeframe=1m
2026-01-14 19:03:56 [debug    ] bar_saved                      bar_index=29473535 component=bar_repository symbol=MSFT timeframe=1m
2026-01-14 19:03:56 [debug    ] bar_saved                      bar_index=29473536 component=bar_repository symbol=MSFT timeframe=1m
2026-01-14 19:03:56 [debug    ] bar_saved                      bar_index=29473537 component=bar_repository symbol=MSFT timeframe=1m
2026-01-14 19:03:56 [debug    ] bar_saved                      bar_index=29473538 component=bar_repository symbol=MSFT timeframe=1m
2026-01-14 19:03:56 [debug    ] bar_saved                      bar_index=29473539 component=bar_repository symbol=MSFT timeframe=1m
2026-01-14 19:03:56 [debug    ] bar_saved                      bar_index=29473540 component=bar_repository symbol=MSFT timeframe=1m
2026-01-14 19:03:56 [debug    ] bar_saved                      bar_index=29473541 component=bar_repository symbol=MSFT timeframe=1m
2026-01-14 19:03:56 [debug    ] bar_saved                      bar_index=29473542 component=bar_repository symbol=MSFT timeframe=1m
2026-01-14 19:03:56 [debug    ] bar_saved                      bar_index=29473543 component=bar_repository symbol=MSFT timeframe=1m
2026-01-14 19:03:56 [debug    ] bar_saved                      bar_index=29473544 component=bar_repository symbol=MSFT timeframe=1m
2026-01-14 19:03:56 [debug    ] bar_saved                      bar_index=29473545 component=bar_repository symbol=MSFT timeframe=1m
2026-01-14 19:03:56 [debug    ] bar_saved                      bar_index=29473546 component=bar_repository symbol=MSFT timeframe=1m
2026-01-14 19:03:56 [debug    ] bar_saved                      bar_index=29473547 component=bar_repository symbol=MSFT timeframe=1m
2026-01-14 19:03:56 [debug    ] bar_saved                      bar_index=29473548 component=bar_repository symbol=MSFT timeframe=1m
2026-01-14 19:03:56 [debug    ] bar_saved                      bar_index=29473549 component=bar_repository symbol=MSFT timeframe=1m
2026-01-14 19:03:56 [debug    ] bar_saved                      bar_index=29473550 component=bar_repository symbol=MSFT timeframe=1m
2026-01-14 19:03:56 [debug    ] bar_saved                      bar_index=29473551 component=bar_repository symbol=MSFT timeframe=1m
2026-01-14 19:03:56 [debug    ] bar_saved                      bar_index=29473552 component=bar_repository symbol=MSFT timeframe=1m
2026-01-14 19:03:56 [debug    ] bar_saved                      bar_index=29473553 component=bar_repository symbol=MSFT timeframe=1m
2026-01-14 19:03:56 [debug    ] bar_saved                      bar_index=29473554 component=bar_repository symbol=MSFT timeframe=1m
2026-01-14 19:03:56 [debug    ] bar_saved                      bar_index=29473555 component=bar_repository symbol=MSFT timeframe=1m
2026-01-14 19:03:56 [debug    ] bar_saved                      bar_index=29473556 component=bar_repository symbol=MSFT timeframe=1m
2026-01-14 19:03:56 [debug    ] bar_saved                      bar_index=29473557 component=bar_repository symbol=MSFT timeframe=1m
2026-01-14 19:03:56 [debug    ] bar_saved                      bar_index=29473558 component=bar_repository symbol=MSFT timeframe=1m
2026-01-14 19:03:56 [debug    ] bar_saved                      bar_index=29473559 component=bar_repository symbol=MSFT timeframe=1m
2026-01-14 19:03:56 [debug    ] bar_saved                      bar_index=29473560 component=bar_repository symbol=MSFT timeframe=1m
2026-01-14 19:03:56 [debug    ] bar_saved                      bar_index=29473561 component=bar_repository symbol=MSFT timeframe=1m
2026-01-14 19:03:56 [debug    ] bar_saved                      bar_index=29473562 component=bar_repository symbol=MSFT timeframe=1m
2026-01-14 19:03:56 [debug    ] bar_saved                      bar_index=29473563 component=bar_repository symbol=MSFT timeframe=1m
2026-01-14 19:03:56 [debug    ] bar_saved                      bar_index=29473564 component=bar_repository symbol=MSFT timeframe=1m
2026-01-14 19:03:56 [debug    ] bar_saved                      bar_index=29473565 component=bar_repository symbol=MSFT timeframe=1m
2026-01-14 19:03:56 [debug    ] bar_saved                      bar_index=29473566 component=bar_repository symbol=MSFT timeframe=1m
2026-01-14 19:03:56 [debug    ] bar_saved                      bar_index=29473567 component=bar_repository symbol=MSFT timeframe=1m
2026-01-14 19:03:56 [debug    ] bar_saved                      bar_index=29473568 component=bar_repository symbol=MSFT timeframe=1m
2026-01-14 19:03:56 [debug    ] bar_saved                      bar_index=29473569 component=bar_repository symbol=MSFT timeframe=1m
2026-01-14 19:03:56 [debug    ] bar_saved                      bar_index=29473570 component=bar_repository symbol=MSFT timeframe=1m
2026-01-14 19:03:56 [debug    ] bar_saved                      bar_index=29473571 component=bar_repository symbol=MSFT timeframe=1m
2026-01-14 19:03:56 [debug    ] bar_saved                      bar_index=29473572 component=bar_repository symbol=MSFT timeframe=1m
2026-01-14 19:03:56 [debug    ] bar_saved                      bar_index=29473573 component=bar_repository symbol=MSFT timeframe=1m
2026-01-14 19:03:56 [debug    ] bar_saved                      bar_index=29473574 component=bar_repository symbol=MSFT timeframe=1m
2026-01-14 19:03:56 [debug    ] bar_saved                      bar_index=29473575 component=bar_repository symbol=MSFT timeframe=1m
2026-01-14 19:03:56 [debug    ] bar_saved                      bar_index=29473576 component=bar_repository symbol=MSFT timeframe=1m
2026-01-14 19:03:56 [debug    ] bar_saved                      bar_index=29473577 component=bar_repository symbol=MSFT timeframe=1m
2026-01-14 19:03:56 [debug    ] bar_saved                      bar_index=29473578 component=bar_repository symbol=MSFT timeframe=1m
2026-01-14 19:03:56 [debug    ] bar_saved                      bar_index=29473579 component=bar_repository symbol=MSFT timeframe=1m
2026-01-14 19:03:56 [debug    ] bar_saved                      bar_index=29473580 component=bar_repository symbol=MSFT timeframe=1m
2026-01-14 19:03:56 [debug    ] bar_saved                      bar_index=29473581 component=bar_repository symbol=MSFT timeframe=1m
2026-01-14 19:03:56 [debug    ] bar_saved                      bar_index=29473582 component=bar_repository symbol=MSFT timeframe=1m
2026-01-14 19:03:56 [debug    ] bar_saved                      bar_index=29473583 component=bar_repository symbol=MSFT timeframe=1m
2026-01-14 19:03:56 [debug    ] bar_saved                      bar_index=29473584 component=bar_repository symbol=MSFT timeframe=1m
2026-01-14 19:03:56 [debug    ] bar_saved                      bar_index=29473585 component=bar_repository symbol=MSFT timeframe=1m
2026-01-14 19:03:56 [debug    ] bar_saved                      bar_index=29473586 component=bar_repository symbol=MSFT timeframe=1m
2026-01-14 19:03:56 [debug    ] bar_saved                      bar_index=29473587 component=bar_repository symbol=MSFT timeframe=1m
2026-01-14 19:03:56 [debug    ] bar_saved                      bar_index=29473588 component=bar_repository symbol=MSFT timeframe=1m
2026-01-14 19:03:56 [debug    ] bar_saved                      bar_index=29473589 component=bar_repository symbol=MSFT timeframe=1m
2026-01-14 19:03:56 [debug    ] bar_saved                      bar_index=29473590 component=bar_repository symbol=MSFT timeframe=1m
2026-01-14 19:03:56 [debug    ] bar_saved                      bar_index=29473591 component=bar_repository symbol=MSFT timeframe=1m
2026-01-14 19:03:56 [debug    ] bar_saved                      bar_index=29473592 component=bar_repository symbol=MSFT timeframe=1m
2026-01-14 19:03:56 [debug    ] bar_saved                      bar_index=29473593 component=bar_repository symbol=MSFT timeframe=1m
2026-01-14 19:03:56 [debug    ] bar_saved                      bar_index=29473594 component=bar_repository symbol=MSFT timeframe=1m
2026-01-14 19:03:56 [debug    ] bar_saved                      bar_index=29473595 component=bar_repository symbol=MSFT timeframe=1m
2026-01-14 19:03:56 [debug    ] bar_saved                      bar_index=29473596 component=bar_repository symbol=MSFT timeframe=1m
2026-01-14 19:03:56 [debug    ] bar_saved                      bar_index=29473597 component=bar_repository symbol=MSFT timeframe=1m
2026-01-14 19:03:56 [debug    ] bar_saved                      bar_index=29473598 component=bar_repository symbol=MSFT timeframe=1m
2026-01-14 19:03:56 [debug    ] bar_saved                      bar_index=29473599 component=bar_repository symbol=MSFT timeframe=1m
2026-01-14 19:03:56 [debug    ] bar_saved                      bar_index=29473600 component=bar_repository symbol=MSFT timeframe=1m
2026-01-14 19:03:56 [debug    ] bar_saved                      bar_index=29473601 component=bar_repository symbol=MSFT timeframe=1m
2026-01-14 19:03:56 [debug    ] bar_saved                      bar_index=29473602 component=bar_repository symbol=MSFT timeframe=1m
2026-01-14 19:03:56 [debug    ] bar_saved                      bar_index=29473603 component=bar_repository symbol=MSFT timeframe=1m
2026-01-14 19:03:56 [debug    ] bar_saved                      bar_index=29473604 component=bar_repository symbol=MSFT timeframe=1m
2026-01-14 19:03:56 [debug    ] bar_saved                      bar_index=29473605 component=bar_repository symbol=MSFT timeframe=1m
2026-01-14 19:03:56 [debug    ] bar_saved                      bar_index=29473606 component=bar_repository symbol=MSFT timeframe=1m
2026-01-14 19:03:56 [debug    ] bar_saved                      bar_index=29473607 component=bar_repository symbol=MSFT timeframe=1m
2026-01-14 19:03:56 [debug    ] bar_saved                      bar_index=29473608 component=bar_repository symbol=MSFT timeframe=1m
2026-01-14 19:03:56 [debug    ] bar_saved                      bar_index=29473609 component=bar_repository symbol=MSFT timeframe=1m
2026-01-14 19:03:56 [debug    ] bar_saved                      bar_index=29473610 component=bar_repository symbol=MSFT timeframe=1m
2026-01-14 19:03:56 [debug    ] bar_saved                      bar_index=29473611 component=bar_repository symbol=MSFT timeframe=1m
2026-01-14 19:03:56 [debug    ] bar_saved                      bar_index=29473612 component=bar_repository symbol=MSFT timeframe=1m
2026-01-14 19:03:56 [debug    ] bar_saved                      bar_index=29473613 component=bar_repository symbol=MSFT timeframe=1m
2026-01-14 19:03:56 [debug    ] bar_saved                      bar_index=29473614 component=bar_repository symbol=MSFT timeframe=1m
2026-01-14 19:03:56 [debug    ] bar_saved                      bar_index=29473615 component=bar_repository symbol=MSFT timeframe=1m
2026-01-14 19:03:56 [debug    ] bar_saved                      bar_index=29473616 component=bar_repository symbol=MSFT timeframe=1m
2026-01-14 19:03:56 [debug    ] bar_saved                      bar_index=29473617 component=bar_repository symbol=MSFT timeframe=1m
2026-01-14 19:03:56 [debug    ] bar_saved                      bar_index=29473618 component=bar_repository symbol=MSFT timeframe=1m
2026-01-14 19:03:56 [debug    ] bar_saved                      bar_index=29473619 component=bar_repository symbol=MSFT timeframe=1m
2026-01-14 19:03:56 [debug    ] bar_saved                      bar_index=29473620 component=bar_repository symbol=MSFT timeframe=1m
2026-01-14 19:03:56 [debug    ] bar_saved                      bar_index=29473621 component=bar_repository symbol=MSFT timeframe=1m
2026-01-14 19:03:56 [debug    ] bar_saved                      bar_index=29473622 component=bar_repository symbol=MSFT timeframe=1m
2026-01-14 19:03:56 [debug    ] bar_saved                      bar_index=29473623 component=bar_repository symbol=MSFT timeframe=1m
2026-01-14 19:03:56 [debug    ] bar_saved                      bar_index=29473624 component=bar_repository symbol=MSFT timeframe=1m
2026-01-14 19:03:56 [debug    ] bar_saved                      bar_index=29473625 component=bar_repository symbol=MSFT timeframe=1m
2026-01-14 19:03:56 [debug    ] bar_saved                      bar_index=29473626 component=bar_repository symbol=MSFT timeframe=1m
2026-01-14 19:03:56 [debug    ] bar_saved                      bar_index=29473627 component=bar_repository symbol=MSFT timeframe=1m
2026-01-14 19:03:56 [debug    ] bar_saved                      bar_index=29473628 component=bar_repository symbol=MSFT timeframe=1m
2026-01-14 19:03:56 [debug    ] bar_saved                      bar_index=29473629 component=bar_repository symbol=MSFT timeframe=1m
2026-01-14 19:03:56 [debug    ] bar_saved                      bar_index=29473630 component=bar_repository symbol=MSFT timeframe=1m
2026-01-14 19:03:56 [debug    ] bar_saved                      bar_index=29473631 component=bar_repository symbol=MSFT timeframe=1m
2026-01-14 19:03:56 [debug    ] bar_saved                      bar_index=29473632 component=bar_repository symbol=MSFT timeframe=1m
2026-01-14 19:03:56 [debug    ] bar_saved                      bar_index=29473633 component=bar_repository symbol=MSFT timeframe=1m
2026-01-14 19:03:56 [debug    ] bar_saved                      bar_index=29473634 component=bar_repository symbol=MSFT timeframe=1m
2026-01-14 19:03:56 [debug    ] bar_saved                      bar_index=29473635 component=bar_repository symbol=MSFT timeframe=1m
2026-01-14 19:03:56 [debug    ] bar_saved                      bar_index=29473636 component=bar_repository symbol=MSFT timeframe=1m
2026-01-14 19:03:56 [debug    ] bar_saved                      bar_index=29473637 component=bar_repository symbol=MSFT timeframe=1m
2026-01-14 19:03:56 [debug    ] bar_saved                      bar_index=29473638 component=bar_repository symbol=MSFT timeframe=1m
2026-01-14 19:03:56 [debug    ] bar_saved                      bar_index=29473639 component=bar_repository symbol=MSFT timeframe=1m
2026-01-14 19:03:56 [debug    ] bar_saved                      bar_index=29473640 component=bar_repository symbol=MSFT timeframe=1m
2026-01-14 19:03:56 [debug    ] bar_saved                      bar_index=29473641 component=bar_repository symbol=MSFT timeframe=1m
2026-01-14 19:03:56 [debug    ] bar_saved                      bar_index=29473642 component=bar_repository symbol=MSFT timeframe=1m
2026-01-14 19:03:56 [debug    ] bar_saved                      bar_index=29473643 component=bar_repository symbol=MSFT timeframe=1m
2026-01-14 19:03:56 [debug    ] bar_saved                      bar_index=29473644 component=bar_repository symbol=MSFT timeframe=1m
2026-01-14 19:03:56 [debug    ] bar_saved                      bar_index=29473645 component=bar_repository symbol=MSFT timeframe=1m
2026-01-14 19:03:56 [debug    ] bar_saved                      bar_index=29473646 component=bar_repository symbol=MSFT timeframe=1m
2026-01-14 19:03:56 [debug    ] bar_saved                      bar_index=29473647 component=bar_repository symbol=MSFT timeframe=1m
2026-01-14 19:03:56 [debug    ] bar_saved                      bar_index=29473648 component=bar_repository symbol=MSFT timeframe=1m
2026-01-14 19:03:56 [debug    ] bar_saved                      bar_index=29473649 component=bar_repository symbol=MSFT timeframe=1m
2026-01-14 19:03:56 [debug    ] bar_saved                      bar_index=29473650 component=bar_repository symbol=MSFT timeframe=1m
2026-01-14 19:03:56 [debug    ] bar_saved                      bar_index=29473651 component=bar_repository symbol=MSFT timeframe=1m
2026-01-14 19:03:56 [debug    ] bar_saved                      bar_index=29473652 component=bar_repository symbol=MSFT timeframe=1m
2026-01-14 19:03:56 [debug    ] bar_saved                      bar_index=29473653 component=bar_repository symbol=MSFT timeframe=1m
2026-01-14 19:03:56 [debug    ] bar_saved                      bar_index=29473654 component=bar_repository symbol=MSFT timeframe=1m
2026-01-14 19:03:56 [debug    ] bar_saved                      bar_index=29473655 component=bar_repository symbol=MSFT timeframe=1m
2026-01-14 19:03:56 [debug    ] bar_saved                      bar_index=29473656 component=bar_repository symbol=MSFT timeframe=1m
2026-01-14 19:03:56 [debug    ] bar_saved                      bar_index=29473657 component=bar_repository symbol=MSFT timeframe=1m
2026-01-14 19:03:56 [debug    ] bar_saved                      bar_index=29473658 component=bar_repository symbol=MSFT timeframe=1m
2026-01-14 19:03:56 [debug    ] bar_saved                      bar_index=29473659 component=bar_repository symbol=MSFT timeframe=1m
2026-01-14 19:03:56 [debug    ] bar_saved                      bar_index=29473660 component=bar_repository symbol=MSFT timeframe=1m
2026-01-14 19:03:56 [debug    ] bar_saved                      bar_index=29473661 component=bar_repository symbol=MSFT timeframe=1m
2026-01-14 19:03:56 [debug    ] bar_saved                      bar_index=29473662 component=bar_repository symbol=MSFT timeframe=1m
2026-01-14 19:03:56 [debug    ] bar_saved                      bar_index=29473663 component=bar_repository symbol=MSFT timeframe=1m
2026-01-14 19:03:56 [debug    ] bar_saved                      bar_index=29473664 component=bar_repository symbol=MSFT timeframe=1m
2026-01-14 19:03:56 [debug    ] bar_saved                      bar_index=29473665 component=bar_repository symbol=MSFT timeframe=1m
2026-01-14 19:03:56 [debug    ] bar_saved                      bar_index=29473666 component=bar_repository symbol=MSFT timeframe=1m
2026-01-14 19:03:56 [debug    ] bar_saved                      bar_index=29473667 component=bar_repository symbol=MSFT timeframe=1m
2026-01-14 19:03:56 [debug    ] bar_saved                      bar_index=29473668 component=bar_repository symbol=MSFT timeframe=1m
2026-01-14 19:03:56 [debug    ] bar_saved                      bar_index=29473669 component=bar_repository symbol=MSFT timeframe=1m
2026-01-14 19:03:56 [debug    ] bar_saved                      bar_index=29473670 component=bar_repository symbol=MSFT timeframe=1m
2026-01-14 19:03:56 [debug    ] bar_saved                      bar_index=29473671 component=bar_repository symbol=MSFT timeframe=1m
2026-01-14 19:03:56 [debug    ] bar_saved                      bar_index=29473672 component=bar_repository symbol=MSFT timeframe=1m
2026-01-14 19:03:56 [debug    ] bar_saved                      bar_index=29473673 component=bar_repository symbol=MSFT timeframe=1m
2026-01-14 19:03:56 [debug    ] bar_saved                      bar_index=29473674 component=bar_repository symbol=MSFT timeframe=1m
2026-01-14 19:03:56 [debug    ] bar_saved                      bar_index=29473675 component=bar_repository symbol=MSFT timeframe=1m
2026-01-14 19:03:56 [debug    ] bar_saved                      bar_index=29473676 component=bar_repository symbol=MSFT timeframe=1m
2026-01-14 19:03:56 [debug    ] bar_saved                      bar_index=29473677 component=bar_repository symbol=MSFT timeframe=1m
2026-01-14 19:03:56 [debug    ] bar_saved                      bar_index=29473678 component=bar_repository symbol=MSFT timeframe=1m
2026-01-14 19:03:56 [debug    ] bar_saved                      bar_index=29473679 component=bar_repository symbol=MSFT timeframe=1m
2026-01-14 19:03:56 [debug    ] bar_saved                      bar_index=29473680 component=bar_repository symbol=MSFT timeframe=1m
2026-01-14 19:03:56 [debug    ] bar_saved                      bar_index=29473681 component=bar_repository symbol=MSFT timeframe=1m
2026-01-14 19:03:56 [debug    ] bar_saved                      bar_index=29473682 component=bar_repository symbol=MSFT timeframe=1m
2026-01-14 19:03:56 [debug    ] bar_saved                      bar_index=29473683 component=bar_repository symbol=MSFT timeframe=1m
2026-01-14 19:03:56 [debug    ] bar_saved                      bar_index=29473684 component=bar_repository symbol=MSFT timeframe=1m
2026-01-14 19:03:56 [debug    ] bar_saved                      bar_index=29473685 component=bar_repository symbol=MSFT timeframe=1m
2026-01-14 19:03:56 [debug    ] bar_saved                      bar_index=29473686 component=bar_repository symbol=MSFT timeframe=1m
2026-01-14 19:03:56 [debug    ] bar_saved                      bar_index=29473687 component=bar_repository symbol=MSFT timeframe=1m
2026-01-14 19:03:56 [debug    ] bar_saved                      bar_index=29473688 component=bar_repository symbol=MSFT timeframe=1m
2026-01-14 19:03:56 [debug    ] bar_saved                      bar_index=29473689 component=bar_repository symbol=MSFT timeframe=1m
2026-01-14 19:03:56 [debug    ] bar_saved                      bar_index=29473690 component=bar_repository symbol=MSFT timeframe=1m
2026-01-14 19:03:56 [debug    ] bar_saved                      bar_index=29473691 component=bar_repository symbol=MSFT timeframe=1m
2026-01-14 19:03:56 [debug    ] bar_saved                      bar_index=29473692 component=bar_repository symbol=MSFT timeframe=1m
2026-01-14 19:03:56 [debug    ] bar_saved                      bar_index=29473693 component=bar_repository symbol=MSFT timeframe=1m
2026-01-14 19:03:56 [debug    ] bar_saved                      bar_index=29473694 component=bar_repository symbol=MSFT timeframe=1m
2026-01-14 19:03:56 [debug    ] bar_saved                      bar_index=29473695 component=bar_repository symbol=MSFT timeframe=1m
2026-01-14 19:03:56 [debug    ] bar_saved                      bar_index=29473696 component=bar_repository symbol=MSFT timeframe=1m
2026-01-14 19:03:56 [debug    ] bar_saved                      bar_index=29473697 component=bar_repository symbol=MSFT timeframe=1m
2026-01-14 19:03:56 [debug    ] bar_saved                      bar_index=29473698 component=bar_repository symbol=MSFT timeframe=1m
2026-01-14 19:03:56 [debug    ] bar_saved                      bar_index=29473699 component=bar_repository symbol=MSFT timeframe=1m
2026-01-14 19:03:56 [debug    ] bar_saved                      bar_index=29473700 component=bar_repository symbol=MSFT timeframe=1m
2026-01-14 19:03:56 [debug    ] bar_saved                      bar_index=29473701 component=bar_repository symbol=MSFT timeframe=1m
2026-01-14 19:03:56 [debug    ] bar_saved                      bar_index=29473702 component=bar_repository symbol=MSFT timeframe=1m
2026-01-14 19:03:56 [debug    ] bar_saved                      bar_index=29473703 component=bar_repository symbol=MSFT timeframe=1m
2026-01-14 19:03:56 [debug    ] bar_saved                      bar_index=29473704 component=bar_repository symbol=MSFT timeframe=1m
2026-01-14 19:03:56 [debug    ] bar_saved                      bar_index=29473705 component=bar_repository symbol=MSFT timeframe=1m
2026-01-14 19:03:56 [debug    ] bar_saved                      bar_index=29473706 component=bar_repository symbol=MSFT timeframe=1m
2026-01-14 19:03:56 [debug    ] bar_saved                      bar_index=29473707 component=bar_repository symbol=MSFT timeframe=1m
2026-01-14 19:03:56 [debug    ] bar_saved                      bar_index=29473708 component=bar_repository symbol=MSFT timeframe=1m
2026-01-14 19:03:56 [debug    ] bar_saved                      bar_index=29473709 component=bar_repository symbol=MSFT timeframe=1m
2026-01-14 19:03:56 [debug    ] bar_saved                      bar_index=29473710 component=bar_repository symbol=MSFT timeframe=1m
2026-01-14 19:03:56 [debug    ] bar_saved                      bar_index=29473711 component=bar_repository symbol=MSFT timeframe=1m
2026-01-14 19:03:56 [debug    ] bar_saved                      bar_index=29473712 component=bar_repository symbol=MSFT timeframe=1m
2026-01-14 19:03:56 [debug    ] bar_saved                      bar_index=29473713 component=bar_repository symbol=MSFT timeframe=1m
2026-01-14 19:03:56 [debug    ] bar_saved                      bar_index=29473714 component=bar_repository symbol=MSFT timeframe=1m
2026-01-14 19:03:56 [debug    ] bar_saved                      bar_index=29473715 component=bar_repository symbol=MSFT timeframe=1m
2026-01-14 19:03:56 [debug    ] bar_saved                      bar_index=29473716 component=bar_repository symbol=MSFT timeframe=1m
2026-01-14 19:03:56 [debug    ] bar_saved                      bar_index=29473717 component=bar_repository symbol=MSFT timeframe=1m
2026-01-14 19:03:56 [debug    ] bar_saved                      bar_index=29473718 component=bar_repository symbol=MSFT timeframe=1m
2026-01-14 19:03:56 [debug    ] bar_saved                      bar_index=29473719 component=bar_repository symbol=MSFT timeframe=1m
2026-01-14 19:03:56 [debug    ] bar_saved                      bar_index=29473720 component=bar_repository symbol=MSFT timeframe=1m
2026-01-14 19:03:56 [debug    ] bar_saved                      bar_index=29473721 component=bar_repository symbol=MSFT timeframe=1m
2026-01-14 19:03:56 [debug    ] bar_saved                      bar_index=29473722 component=bar_repository symbol=MSFT timeframe=1m
2026-01-14 19:03:56 [debug    ] bar_saved                      bar_index=29473723 component=bar_repository symbol=MSFT timeframe=1m
2026-01-14 19:03:56 [debug    ] bar_saved                      bar_index=29473724 component=bar_repository symbol=MSFT timeframe=1m
2026-01-14 19:03:56 [debug    ] bar_saved                      bar_index=29473725 component=bar_repository symbol=MSFT timeframe=1m
2026-01-14 19:03:56 [debug    ] bar_saved                      bar_index=29473726 component=bar_repository symbol=MSFT timeframe=1m
2026-01-14 19:03:56 [debug    ] bar_saved                      bar_index=29473727 component=bar_repository symbol=MSFT timeframe=1m
2026-01-14 19:03:56 [debug    ] bar_saved                      bar_index=29473728 component=bar_repository symbol=MSFT timeframe=1m
2026-01-14 19:03:56 [debug    ] bar_saved                      bar_index=29473729 component=bar_repository symbol=MSFT timeframe=1m
2026-01-14 19:03:56 [debug    ] bar_saved                      bar_index=29473730 component=bar_repository symbol=MSFT timeframe=1m
2026-01-14 19:03:56 [debug    ] bar_saved                      bar_index=29473731 component=bar_repository symbol=MSFT timeframe=1m
2026-01-14 19:03:56 [debug    ] bar_saved                      bar_index=29473732 component=bar_repository symbol=MSFT timeframe=1m
2026-01-14 19:03:56 [debug    ] bar_saved                      bar_index=29473733 component=bar_repository symbol=MSFT timeframe=1m
2026-01-14 19:03:56 [debug    ] bar_saved                      bar_index=29473734 component=bar_repository symbol=MSFT timeframe=1m
2026-01-14 19:03:56 [debug    ] bar_saved                      bar_index=29473735 component=bar_repository symbol=MSFT timeframe=1m
2026-01-14 19:03:56 [debug    ] bar_saved                      bar_index=29473736 component=bar_repository symbol=MSFT timeframe=1m
2026-01-14 19:03:56 [debug    ] bar_saved                      bar_index=29473737 component=bar_repository symbol=MSFT timeframe=1m
2026-01-14 19:03:56 [debug    ] bar_saved                      bar_index=29473738 component=bar_repository symbol=MSFT timeframe=1m
2026-01-14 19:03:56 [debug    ] bar_saved                      bar_index=29473739 component=bar_repository symbol=MSFT timeframe=1m
2026-01-14 19:03:56 [debug    ] bar_saved                      bar_index=29473740 component=bar_repository symbol=MSFT timeframe=1m
2026-01-14 19:03:56 [debug    ] bar_saved                      bar_index=29473741 component=bar_repository symbol=MSFT timeframe=1m
2026-01-14 19:03:56 [debug    ] bar_saved                      bar_index=29473742 component=bar_repository symbol=MSFT timeframe=1m
2026-01-14 19:03:56 [debug    ] bar_saved                      bar_index=29473743 component=bar_repository symbol=MSFT timeframe=1m
2026-01-14 19:03:56 [debug    ] bar_saved                      bar_index=29473744 component=bar_repository symbol=MSFT timeframe=1m
2026-01-14 19:03:56 [debug    ] bar_saved                      bar_index=29473745 component=bar_repository symbol=MSFT timeframe=1m
2026-01-14 19:03:56 [debug    ] bar_saved                      bar_index=29473746 component=bar_repository symbol=MSFT timeframe=1m
2026-01-14 19:03:56 [debug    ] bar_saved                      bar_index=29473747 component=bar_repository symbol=MSFT timeframe=1m
2026-01-14 19:03:56 [debug    ] bar_saved                      bar_index=29473748 component=bar_repository symbol=MSFT timeframe=1m
2026-01-14 19:03:56 [debug    ] bar_saved                      bar_index=29473749 component=bar_repository symbol=MSFT timeframe=1m
2026-01-14 19:03:56 [debug    ] bar_saved                      bar_index=29473750 component=bar_repository symbol=MSFT timeframe=1m
2026-01-14 19:03:56 [debug    ] bar_saved                      bar_index=29473751 component=bar_repository symbol=MSFT timeframe=1m
2026-01-14 19:03:56 [debug    ] bar_saved                      bar_index=29473752 component=bar_repository symbol=MSFT timeframe=1m
2026-01-14 19:03:56 [debug    ] bar_saved                      bar_index=29473753 component=bar_repository symbol=MSFT timeframe=1m
2026-01-14 19:03:56 [debug    ] bar_saved                      bar_index=29473754 component=bar_repository symbol=MSFT timeframe=1m
2026-01-14 19:03:56 [debug    ] bar_saved                      bar_index=29473755 component=bar_repository symbol=MSFT timeframe=1m
2026-01-14 19:03:56 [debug    ] bar_saved                      bar_index=29473756 component=bar_repository symbol=MSFT timeframe=1m
2026-01-14 19:03:56 [debug    ] bar_saved                      bar_index=29473757 component=bar_repository symbol=MSFT timeframe=1m
2026-01-14 19:03:56 [debug    ] bar_saved                      bar_index=29473758 component=bar_repository symbol=MSFT timeframe=1m
2026-01-14 19:03:56 [debug    ] bar_saved                      bar_index=29473759 component=bar_repository symbol=MSFT timeframe=1m
2026-01-14 19:03:56 [debug    ] bar_saved                      bar_index=29473760 component=bar_repository symbol=MSFT timeframe=1m
2026-01-14 19:03:56 [debug    ] bar_saved                      bar_index=29473761 component=bar_repository symbol=MSFT timeframe=1m
2026-01-14 19:03:56 [debug    ] bar_saved                      bar_index=29473762 component=bar_repository symbol=MSFT timeframe=1m
2026-01-14 19:03:56 [debug    ] bar_saved                      bar_index=29473763 component=bar_repository symbol=MSFT timeframe=1m
2026-01-14 19:03:56 [debug    ] bar_saved                      bar_index=29473764 component=bar_repository symbol=MSFT timeframe=1m
2026-01-14 19:03:56 [debug    ] bar_saved                      bar_index=29473765 component=bar_repository symbol=MSFT timeframe=1m
2026-01-14 19:03:56 [debug    ] bar_saved                      bar_index=29473766 component=bar_repository symbol=MSFT timeframe=1m
2026-01-14 19:03:56 [debug    ] bar_saved                      bar_index=29473767 component=bar_repository symbol=MSFT timeframe=1m
2026-01-14 19:03:56 [debug    ] bar_saved                      bar_index=29473768 component=bar_repository symbol=MSFT timeframe=1m
2026-01-14 19:03:56 [debug    ] bar_saved                      bar_index=29473769 component=bar_repository symbol=MSFT timeframe=1m
2026-01-14 19:03:56 [debug    ] bar_saved                      bar_index=29473770 component=bar_repository symbol=MSFT timeframe=1m
2026-01-14 19:03:56 [debug    ] bar_saved                      bar_index=29473771 component=bar_repository symbol=MSFT timeframe=1m
2026-01-14 19:03:56 [debug    ] bar_saved                      bar_index=29473772 component=bar_repository symbol=MSFT timeframe=1m
2026-01-14 19:03:56 [debug    ] bar_saved                      bar_index=29473773 component=bar_repository symbol=MSFT timeframe=1m
2026-01-14 19:03:56 [debug    ] bar_saved                      bar_index=29473774 component=bar_repository symbol=MSFT timeframe=1m
2026-01-14 19:03:56 [debug    ] bar_saved                      bar_index=29473775 component=bar_repository symbol=MSFT timeframe=1m
2026-01-14 19:03:56 [debug    ] bar_saved                      bar_index=29473776 component=bar_repository symbol=MSFT timeframe=1m
2026-01-14 19:03:56 [debug    ] bar_saved                      bar_index=29473777 component=bar_repository symbol=MSFT timeframe=1m
2026-01-14 19:03:56 [debug    ] bar_saved                      bar_index=29473778 component=bar_repository symbol=MSFT timeframe=1m
2026-01-14 19:03:56 [debug    ] bar_saved                      bar_index=29473779 component=bar_repository symbol=MSFT timeframe=1m
2026-01-14 19:03:56 [debug    ] bar_saved                      bar_index=29473780 component=bar_repository symbol=MSFT timeframe=1m
2026-01-14 19:03:56 [debug    ] bar_saved                      bar_index=29473781 component=bar_repository symbol=MSFT timeframe=1m
2026-01-14 19:03:56 [debug    ] bar_saved                      bar_index=29473782 component=bar_repository symbol=MSFT timeframe=1m
2026-01-14 19:03:56 [debug    ] bar_saved                      bar_index=29473783 component=bar_repository symbol=MSFT timeframe=1m
2026-01-14 19:03:56 [debug    ] bar_saved                      bar_index=29473784 component=bar_repository symbol=MSFT timeframe=1m
2026-01-14 19:03:56 [debug    ] bar_saved                      bar_index=29473785 component=bar_repository symbol=MSFT timeframe=1m
2026-01-14 19:03:56 [debug    ] bar_saved                      bar_index=29473786 component=bar_repository symbol=MSFT timeframe=1m
2026-01-14 19:03:56 [debug    ] bar_saved                      bar_index=29473787 component=bar_repository symbol=MSFT timeframe=1m
2026-01-14 19:03:56 [debug    ] bar_saved                      bar_index=29473788 component=bar_repository symbol=MSFT timeframe=1m
2026-01-14 19:03:56 [debug    ] bar_saved                      bar_index=29473789 component=bar_repository symbol=MSFT timeframe=1m
2026-01-14 19:03:56 [debug    ] bar_saved                      bar_index=29473790 component=bar_repository symbol=MSFT timeframe=1m
2026-01-14 19:03:56 [debug    ] bar_saved                      bar_index=29473791 component=bar_repository symbol=MSFT timeframe=1m
2026-01-14 19:03:56 [debug    ] bar_saved                      bar_index=29473792 component=bar_repository symbol=MSFT timeframe=1m
2026-01-14 19:03:56 [debug    ] bar_saved                      bar_index=29473793 component=bar_repository symbol=MSFT timeframe=1m
2026-01-14 19:03:56 [debug    ] bar_saved                      bar_index=29473794 component=bar_repository symbol=MSFT timeframe=1m
2026-01-14 19:03:56 [debug    ] bar_saved                      bar_index=29473795 component=bar_repository symbol=MSFT timeframe=1m
2026-01-14 19:03:56 [debug    ] bar_saved                      bar_index=29473796 component=bar_repository symbol=MSFT timeframe=1m
2026-01-14 19:03:56 [debug    ] bar_saved                      bar_index=29473797 component=bar_repository symbol=MSFT timeframe=1m
2026-01-14 19:03:56 [debug    ] bar_saved                      bar_index=29473798 component=bar_repository symbol=MSFT timeframe=1m
2026-01-14 19:03:56 [debug    ] bar_saved                      bar_index=29473799 component=bar_repository symbol=MSFT timeframe=1m
2026-01-14 19:03:56 [debug    ] bar_saved                      bar_index=29473800 component=bar_repository symbol=MSFT timeframe=1m
2026-01-14 19:03:56 [debug    ] bar_saved                      bar_index=29473801 component=bar_repository symbol=MSFT timeframe=1m
2026-01-14 19:03:56 [debug    ] bar_saved                      bar_index=29473802 component=bar_repository symbol=MSFT timeframe=1m
2026-01-14 19:03:56 [debug    ] bar_saved                      bar_index=29473803 component=bar_repository symbol=MSFT timeframe=1m
2026-01-14 19:03:56 [debug    ] bar_saved                      bar_index=29473804 component=bar_repository symbol=MSFT timeframe=1m
2026-01-14 19:03:56 [debug    ] bar_saved                      bar_index=29473805 component=bar_repository symbol=MSFT timeframe=1m
2026-01-14 19:03:56 [debug    ] bar_saved                      bar_index=29473806 component=bar_repository symbol=MSFT timeframe=1m
2026-01-14 19:03:56 [debug    ] bar_saved                      bar_index=29473807 component=bar_repository symbol=MSFT timeframe=1m
2026-01-14 19:03:56 [debug    ] bar_saved                      bar_index=29473808 component=bar_repository symbol=MSFT timeframe=1m
2026-01-14 19:03:56 [debug    ] bar_saved                      bar_index=29473809 component=bar_repository symbol=MSFT timeframe=1m
2026-01-14 19:03:56 [debug    ] bar_saved                      bar_index=29473810 component=bar_repository symbol=MSFT timeframe=1m
2026-01-14 19:03:56 [debug    ] bar_saved                      bar_index=29473811 component=bar_repository symbol=MSFT timeframe=1m
2026-01-14 19:03:56 [debug    ] bar_saved                      bar_index=29473812 component=bar_repository symbol=MSFT timeframe=1m
2026-01-14 19:03:56 [debug    ] bar_saved                      bar_index=29473813 component=bar_repository symbol=MSFT timeframe=1m
2026-01-14 19:03:56 [debug    ] bar_saved                      bar_index=29473814 component=bar_repository symbol=MSFT timeframe=1m
2026-01-14 19:03:56 [debug    ] bar_saved                      bar_index=29473815 component=bar_repository symbol=MSFT timeframe=1m
2026-01-14 19:03:56 [debug    ] bar_saved                      bar_index=29473816 component=bar_repository symbol=MSFT timeframe=1m
2026-01-14 19:03:56 [debug    ] bar_saved                      bar_index=29473817 component=bar_repository symbol=MSFT timeframe=1m
2026-01-14 19:03:56 [debug    ] bar_saved                      bar_index=29473818 component=bar_repository symbol=MSFT timeframe=1m
2026-01-14 19:03:56 [debug    ] bar_saved                      bar_index=29473819 component=bar_repository symbol=MSFT timeframe=1m
2026-01-14 19:03:56 [debug    ] bar_saved                      bar_index=29473820 component=bar_repository symbol=MSFT timeframe=1m
2026-01-14 19:03:56 [debug    ] bar_saved                      bar_index=29473821 component=bar_repository symbol=MSFT timeframe=1m
2026-01-14 19:03:56 [debug    ] bar_saved                      bar_index=29473822 component=bar_repository symbol=MSFT timeframe=1m
2026-01-14 19:03:56 [debug    ] bar_saved                      bar_index=29473823 component=bar_repository symbol=MSFT timeframe=1m
2026-01-14 19:03:56 [debug    ] bar_saved                      bar_index=29473824 component=bar_repository symbol=MSFT timeframe=1m
2026-01-14 19:03:56 [debug    ] bar_saved                      bar_index=29473825 component=bar_repository symbol=MSFT timeframe=1m
2026-01-14 19:03:56 [debug    ] bar_saved                      bar_index=29473826 component=bar_repository symbol=MSFT timeframe=1m
2026-01-14 19:03:56 [debug    ] bar_saved                      bar_index=29473827 component=bar_repository symbol=MSFT timeframe=1m
2026-01-14 19:03:56 [debug    ] bar_saved                      bar_index=29473828 component=bar_repository symbol=MSFT timeframe=1m
2026-01-14 19:03:56 [debug    ] bar_saved                      bar_index=29473829 component=bar_repository symbol=MSFT timeframe=1m
2026-01-14 19:03:56 [debug    ] bar_saved                      bar_index=29473830 component=bar_repository symbol=MSFT timeframe=1m
2026-01-14 19:03:56 [debug    ] bar_saved                      bar_index=29473831 component=bar_repository symbol=MSFT timeframe=1m
2026-01-14 19:03:56 [debug    ] bar_saved                      bar_index=29473832 component=bar_repository symbol=MSFT timeframe=1m
2026-01-14 19:03:56 [debug    ] bar_saved                      bar_index=29473833 component=bar_repository symbol=MSFT timeframe=1m
2026-01-14 19:03:56 [debug    ] bar_saved                      bar_index=29473834 component=bar_repository symbol=MSFT timeframe=1m
2026-01-14 19:03:56 [debug    ] bar_saved                      bar_index=29473835 component=bar_repository symbol=MSFT timeframe=1m
2026-01-14 19:03:56 [debug    ] bar_saved                      bar_index=29473836 component=bar_repository symbol=MSFT timeframe=1m
2026-01-14 19:03:56 [debug    ] bar_saved                      bar_index=29473837 component=bar_repository symbol=MSFT timeframe=1m
2026-01-14 19:03:56 [debug    ] bar_saved                      bar_index=29473838 component=bar_repository symbol=MSFT timeframe=1m
2026-01-14 19:03:56 [debug    ] bar_saved                      bar_index=29473839 component=bar_repository symbol=MSFT timeframe=1m
2026-01-14 19:03:56 [debug    ] bar_saved                      bar_index=29473840 component=bar_repository symbol=MSFT timeframe=1m
2026-01-14 19:03:56 [debug    ] bar_saved                      bar_index=29473841 component=bar_repository symbol=MSFT timeframe=1m
2026-01-14 19:03:56 [debug    ] bar_saved                      bar_index=29473842 component=bar_repository symbol=MSFT timeframe=1m
2026-01-14 19:03:56 [debug    ] bar_saved                      bar_index=29473843 component=bar_repository symbol=MSFT timeframe=1m
2026-01-14 19:03:56 [debug    ] bar_saved                      bar_index=29473922 component=bar_repository symbol=MSFT timeframe=1m
2026-01-14 19:03:56 [debug    ] bar_saved                      bar_index=29473923 component=bar_repository symbol=MSFT timeframe=1m
2026-01-14 19:03:56 [info     ] backfill_completed             bars_inserted=1797 component=ingestion_service mode=live provider=alpaca
2026-01-14 19:03:56 [info     ] yfinance_disconnected          connector=yfinance
INFO:     127.0.0.1:60982 - "GET /health HTTP/1.1" 200 OK
INFO:     127.0.0.1:40616 - "GET /api/v1/autopilot/status HTTP/1.1" 200 OK
INFO:     127.0.0.1:40630 - "GET /api/v1/autopilot/status HTTP/1.1" 200 OK
Failed to submit leg TLT260116C00088500: {"code":42210000,"message":"options market orders are only allowed during market hours"}
Failed to submit leg TLT260116C00090500: {"code":42210000,"message":"options market orders are only allowed during market hours"}
Alpaca submission failed: No legs submitted. Errors: Failed to submit leg TLT260116C00088500: {"code":42210000,"message":"options market orders are only allowed during market hours"}; Failed to submit leg TLT260116C00090500: {"code":42210000,"message":"options market orders are only allowed during market hours"} (paper order still valid)
Failed to submit leg XLF260116P00054000: {"code":42210000,"message":"options market orders are only allowed during market hours"}
Failed to submit leg XLF260116P00052000: {"code":42210000,"message":"options market orders are only allowed during market hours"}
Alpaca submission failed: No legs submitted. Errors: Failed to submit leg XLF260116P00054000: {"code":42210000,"message":"options market orders are only allowed during market hours"}; Failed to submit leg XLF260116P00052000: {"code":42210000,"message":"options market orders are only allowed during market hours"} (paper order still valid)
Failed to submit leg TLT260116P00088500: {"code":42210000,"message":"options market orders are only allowed during market hours"}
Failed to submit leg TLT260116P00086500: {"code":42210000,"message":"options market orders are only allowed during market hours"}
Alpaca submission failed: No legs submitted. Errors: Failed to submit leg TLT260116P00088500: {"code":42210000,"message":"options market orders are only allowed during market hours"}; Failed to submit leg TLT260116P00086500: {"code":42210000,"message":"options market orders are only allowed during market hours"} (paper order still valid)
Failed to submit leg XLF260116C00054000: {"code":42210000,"message":"options market orders are only allowed during market hours"}
Failed to submit leg XLF260116C00056000: {"code":42210000,"message":"options market orders are only allowed during market hours"}
Alpaca submission failed: No legs submitted. Errors: Failed to submit leg XLF260116C00054000: {"code":42210000,"message":"options market orders are only allowed during market hours"}; Failed to submit leg XLF260116C00056000: {"code":42210000,"message":"options market orders are only allowed during market hours"} (paper order still valid)
Failed to submit leg XLE260116P00048000: {"code":42210000,"message":"options market orders are only allowed during market hours"}
INFO:     127.0.0.1:36304 - "WebSocket /ws/bars/AAPL/1m" [accepted]
2026-01-14 19:04:19 [info     ] ws_connected                   client=133849168215008 component=ws_manager
2026-01-14 19:04:19 [info     ] ws_subscribed                  component=ws_manager symbol=AAPL timeframe=1m
INFO:     connection open
Failed to submit leg XLE260116P00046000: {"code":42210000,"message":"options market orders are only allowed during market hours"}
Alpaca submission failed: No legs submitted. Errors: Failed to submit leg XLE260116P00048000: {"code":42210000,"message":"options market orders are only allowed during market hours"}; Failed to submit leg XLE260116P00046000: {"code":42210000,"message":"options market orders are only allowed during market hours"} (paper order still valid)
2026-01-14 19:04:19 [info     ] ws_sent_history                count=1000 symbol=AAPL
2026-01-14 19:04:19 [info     ] ws_disconnected                client=133849168215008 component=ws_manager
INFO:     connection closed
Failed to submit leg XLE260116P00048000: {"code":42210000,"message":"options market orders are only allowed during market hours"}
Failed to submit leg XLE260116P00046000: {"code":42210000,"message":"options market orders are only allowed during market hours"}
Alpaca submission failed: No legs submitted. Errors: Failed to submit leg XLE260116P00048000: {"code":42210000,"message":"options market orders are only allowed during market hours"}; Failed to submit leg XLE260116P00046000: {"code":42210000,"message":"options market orders are only allowed during market hours"} (paper order still valid)
INFO:     127.0.0.1:53464 - "GET /api/v1/autopilot/status HTTP/1.1" 200 OK
INFO:     127.0.0.1:53474 - "GET /api/v1/autopilot/broker/metrics HTTP/1.1" 200 OK
INFO:     127.0.0.1:53482 - "GET /api/v1/autopilot/logs?limit=20 HTTP/1.1" 200 OK
INFO:     127.0.0.1:53464 - "GET /api/v1/autopilot/report HTTP/1.1" 200 OK
INFO:     127.0.0.1:53496 - "GET /api/v1/autopilot/proposals HTTP/1.1" 200 OK
INFO:     127.0.0.1:53482 - "GET /api/v1/autopilot/positions?status=open HTTP/1.1" 200 OK
INFO:     127.0.0.1:53474 - "GET /api/v1/portfolio/orders?status=open HTTP/1.1" 200 OK
INFO:     127.0.0.1:53498 - "GET /api/v1/autopilot/logs?limit=50&level=warning HTTP/1.1" 200 OK
INFO:     127.0.0.1:53496 - "GET /api/v1/autopilot/config HTTP/1.1" 200 OK
INFO:     127.0.0.1:53464 - "GET /api/v1/ingest/status HTTP/1.1" 200 OK
INFO:     127.0.0.1:53500 - "GET /api/v1/autopilot/status HTTP/1.1" 200 OK
INFO:     127.0.0.1:53498 - "GET /health HTTP/1.1" 200 OK
INFO:     127.0.0.1:53474 - "GET /api/v1/autopilot/logs?limit=20 HTTP/1.1" 200 OK
INFO:     127.0.0.1:53482 - "GET /api/v1/autopilot/broker/metrics HTTP/1.1" 200 OK
INFO:     127.0.0.1:53500 - "GET /api/v1/autopilot/proposals HTTP/1.1" 200 OK
INFO:     127.0.0.1:53496 - "GET /api/v1/autopilot/report HTTP/1.1" 200 OK
INFO:     127.0.0.1:53464 - "GET /api/v1/autopilot/logs?limit=50&level=warning HTTP/1.1" 200 OK
INFO:     127.0.0.1:53482 - "GET /api/v1/portfolio/orders?status=open HTTP/1.1" 200 OK
INFO:     127.0.0.1:53498 - "GET /api/v1/autopilot/positions?status=open HTTP/1.1" 200 OK
INFO:     127.0.0.1:53474 - "GET /api/v1/autopilot/status HTTP/1.1" 200 OK
INFO:     127.0.0.1:53500 - "GET /api/v1/autopilot/config HTTP/1.1" 200 OK
INFO:     127.0.0.1:53496 - "GET /api/v1/ingest/status HTTP/1.1" 200 OK
INFO:     127.0.0.1:53464 - "GET /api/v1/autopilot/broker/metrics HTTP/1.1" 200 OK
INFO:     127.0.0.1:53474 - "GET /health HTTP/1.1" 200 OK
INFO:     127.0.0.1:53482 - "GET /api/v1/autopilot/logs?limit=20 HTTP/1.1" 200 OK
INFO:     127.0.0.1:53498 - "GET /api/v1/autopilot/proposals HTTP/1.1" 200 OK
INFO:     127.0.0.1:53500 - "GET /api/v1/autopilot/status HTTP/1.1" 200 OK
INFO:     127.0.0.1:53496 - "GET /api/v1/autopilot/broker/metrics HTTP/1.1" 200 OK
INFO:     127.0.0.1:53464 - "GET /api/v1/autopilot/proposals HTTP/1.1" 200 OK
INFO:     127.0.0.1:53498 - "GET /api/v1/autopilot/logs?limit=20 HTTP/1.1" 200 OK
INFO:     127.0.0.1:53464 - "GET /api/v1/ingest/status HTTP/1.1" 200 OK
INFO:     127.0.0.1:53464 - "GET /api/v1/ingest/status HTTP/1.1" 200 OK
INFO:     127.0.0.1:53464 - "GET /api/v1/ingest/provider-status HTTP/1.1" 200 OK
INFO:     127.0.0.1:53498 - "GET /api/v1/ingest/provider-status HTTP/1.1" 200 OK
INFO:     127.0.0.1:53464 - "GET /api/v1/autopilot/status HTTP/1.1" 200 OK
INFO:     127.0.0.1:53464 - "GET /api/v1/autopilot/positions?status=open HTTP/1.1" 200 OK
INFO:     127.0.0.1:53498 - "GET /health HTTP/1.1" 200 OK
INFO:     127.0.0.1:53496 - "GET /api/v1/autopilot/status HTTP/1.1" 200 OK
INFO:     127.0.0.1:53500 - "GET /api/v1/autopilot/positions?status=open HTTP/1.1" 200 OK
INFO:     127.0.0.1:53482 - "GET /api/v1/autopilot/broker/metrics HTTP/1.1" 200 OK
INFO:     127.0.0.1:53464 - "GET /health HTTP/1.1" 200 OK
INFO:     127.0.0.1:53498 - "GET /api/v1/autopilot/status HTTP/1.1" 200 OK
INFO:     127.0.0.1:53498 - "GET /api/v1/autopilot/status HTTP/1.1" 200 OK
INFO:     127.0.0.1:53498 - "GET /api/v1/autopilot/config HTTP/1.1" 200 OK
INFO:     127.0.0.1:53464 - "GET /api/v1/autopilot/config HTTP/1.1" 200 OK
INFO:     127.0.0.1:53464 - "GET /api/v1/autopilot/broker/metrics HTTP/1.1" 200 OK
INFO:     127.0.0.1:53464 - "GET /api/v1/ingest/status HTTP/1.1" 200 OK
INFO:     127.0.0.1:53464 - "GET /api/v1/ingest/status HTTP/1.1" 200 OK
INFO:     127.0.0.1:53464 - "GET /api/v1/autopilot/config HTTP/1.1" 200 OK
INFO:     127.0.0.1:53498 - "GET /health HTTP/1.1" 200 OK
INFO:     127.0.0.1:53500 - "GET /api/v1/autopilot/config HTTP/1.1" 200 OK
INFO:     127.0.0.1:53500 - "GET /health HTTP/1.1" 200 OK
INFO:     127.0.0.1:53498 - "GET /api/v1/autopilot/config HTTP/1.1" 200 OK
INFO:     127.0.0.1:53498 - "GET /api/v1/autopilot/config HTTP/1.1" 200 OK
INFO:     127.0.0.1:53506 - "GET /api/v1/autopilot/config HTTP/1.1" 200 OK
INFO:     127.0.0.1:53510 - "GET /api/v1/autopilot/status HTTP/1.1" 200 OK
INFO:     127.0.0.1:53514 - "GET /api/v1/autopilot/positions?status=open HTTP/1.1" 200 OK
INFO:     127.0.0.1:53526 - "GET /api/v1/autopilot/config HTTP/1.1" 200 OK
INFO:     127.0.0.1:53536 - "GET /api/v1/autopilot/status HTTP/1.1" 200 OK
INFO:     127.0.0.1:53546 - "GET /api/v1/autopilot/positions?status=open HTTP/1.1" 200 OK
INFO:     127.0.0.1:53498 - "GET /api/v1/ingest/status HTTP/1.1" 200 OK
INFO:     127.0.0.1:41304 - "GET /api/v1/autopilot/status HTTP/1.1" 200 OK
INFO:     127.0.0.1:41306 - "GET /api/v1/autopilot/broker/metrics HTTP/1.1" 200 OK
INFO:     127.0.0.1:41314 - "GET /api/v1/autopilot/logs?limit=20 HTTP/1.1" 200 OK
INFO:     127.0.0.1:41330 - "GET /api/v1/autopilot/proposals HTTP/1.1" 200 OK
INFO:     127.0.0.1:41344 - "GET /api/v1/autopilot/logs?limit=50&level=warning HTTP/1.1" 200 OK
INFO:     127.0.0.1:41304 - "GET /api/v1/autopilot/positions?status=open HTTP/1.1" 200 OK
INFO:     127.0.0.1:41314 - "GET /api/v1/autopilot/config HTTP/1.1" 200 OK
INFO:     127.0.0.1:41306 - "GET /api/v1/portfolio/orders?status=open HTTP/1.1" 200 OK
INFO:     127.0.0.1:41330 - "GET /api/v1/ingest/status HTTP/1.1" 200 OK
INFO:     127.0.0.1:41344 - "GET /health HTTP/1.1" 200 OK
INFO:     127.0.0.1:41350 - "GET /api/v1/autopilot/report HTTP/1.1" 200 OK
INFO:     127.0.0.1:41304 - "GET /api/v1/autopilot/status HTTP/1.1" 200 OK
INFO:     127.0.0.1:41306 - "GET /api/v1/autopilot/broker/metrics HTTP/1.1" 200 OK
INFO:     127.0.0.1:41314 - "GET /api/v1/autopilot/logs?limit=20 HTTP/1.1" 200 OK
INFO:     127.0.0.1:41344 - "GET /api/v1/autopilot/proposals HTTP/1.1" 200 OK
INFO:     127.0.0.1:41350 - "GET /api/v1/autopilot/logs?limit=50&level=warning HTTP/1.1" 200 OK
INFO:     127.0.0.1:41330 - "GET /api/v1/autopilot/positions?status=open HTTP/1.1" 200 OK
INFO:     127.0.0.1:41304 - "GET /api/v1/portfolio/orders?status=open HTTP/1.1" 200 OK
INFO:     127.0.0.1:41306 - "GET /api/v1/autopilot/config HTTP/1.1" 200 OK
INFO:     127.0.0.1:41314 - "GET /health HTTP/1.1" 200 OK
INFO:     127.0.0.1:41344 - "GET /api/v1/autopilot/report HTTP/1.1" 200 OK
INFO:     127.0.0.1:41350 - "GET /api/v1/ingest/status HTTP/1.1" 200 OK
INFO:     127.0.0.1:41330 - "GET /api/v1/autopilot/status HTTP/1.1" 200 OK
INFO:     127.0.0.1:41306 - "GET /api/v1/autopilot/logs?limit=20 HTTP/1.1" 200 OK
INFO:     127.0.0.1:41314 - "GET /api/v1/autopilot/broker/metrics HTTP/1.1" 200 OK
INFO:     127.0.0.1:41304 - "GET /api/v1/autopilot/proposals HTTP/1.1" 200 OK
INFO:     127.0.0.1:41344 - "GET /api/v1/autopilot/status HTTP/1.1" 200 OK
INFO:     127.0.0.1:41350 - "GET /api/v1/autopilot/broker/metrics HTTP/1.1" 200 OK
INFO:     127.0.0.1:41330 - "GET /api/v1/autopilot/logs?limit=20 HTTP/1.1" 200 OK
INFO:     127.0.0.1:41314 - "GET /api/v1/autopilot/status HTTP/1.1" 200 OK
INFO:     127.0.0.1:41306 - "GET /api/v1/autopilot/proposals HTTP/1.1" 200 OK
INFO:     127.0.0.1:41304 - "GET /api/v1/autopilot/broker/metrics HTTP/1.1" 200 OK
INFO:     127.0.0.1:41306 - "GET /api/v1/ingest/status HTTP/1.1" 200 OK
INFO:     127.0.0.1:41304 - "GET /api/v1/ingest/provider-status HTTP/1.1" 200 OK
INFO:     127.0.0.1:41304 - "GET /api/v1/ingest/status HTTP/1.1" 200 OK
INFO:     127.0.0.1:41304 - "GET /api/v1/ingest/provider-status HTTP/1.1" 200 OK
INFO:     127.0.0.1:41306 - "GET /api/v1/autopilot/positions?status=open HTTP/1.1" 200 OK
INFO:     127.0.0.1:41304 - "GET /health HTTP/1.1" 200 OK
INFO:     127.0.0.1:41330 - "GET /api/v1/autopilot/status HTTP/1.1" 200 OK
INFO:     127.0.0.1:41330 - "GET /api/v1/autopilot/status HTTP/1.1" 200 OK
INFO:     127.0.0.1:41304 - "GET /api/v1/autopilot/positions?status=open HTTP/1.1" 200 OK
INFO:     127.0.0.1:41306 - "GET /health HTTP/1.1" 200 OK
INFO:     127.0.0.1:41314 - "GET /api/v1/autopilot/config HTTP/1.1" 200 OK
INFO:     127.0.0.1:41350 - "GET /health HTTP/1.1" 200 OK
INFO:     127.0.0.1:41344 - "GET /api/v1/autopilot/status HTTP/1.1" 200 OK
INFO:     127.0.0.1:41350 - "GET /api/v1/autopilot/broker/metrics HTTP/1.1" 200 OK
INFO:     127.0.0.1:41350 - "GET /api/v1/ingest/status HTTP/1.1" 200 OK
INFO:     127.0.0.1:41344 - "GET /api/v1/autopilot/config HTTP/1.1" 200 OK
INFO:     127.0.0.1:41350 - "GET /api/v1/autopilot/config HTTP/1.1" 200 OK
INFO:     127.0.0.1:41350 - "GET /api/v1/ingest/status HTTP/1.1" 200 OK
INFO:     127.0.0.1:41344 - "GET /api/v1/autopilot/config HTTP/1.1" 200 OK
INFO:     127.0.0.1:41344 - "GET /api/v1/autopilot/config HTTP/1.1" 200 OK
INFO:     127.0.0.1:41344 - "GET /health HTTP/1.1" 200 OK
INFO:     127.0.0.1:41344 - "GET /api/v1/autopilot/config HTTP/1.1" 200 OK
INFO:     127.0.0.1:57932 - "GET /api/v1/autopilot/status HTTP/1.1" 200 OK
INFO:     127.0.0.1:57942 - "GET /api/v1/autopilot/config HTTP/1.1" 200 OK
INFO:     127.0.0.1:57950 - "GET /api/v1/autopilot/positions?status=open HTTP/1.1" 200 OK
INFO:     127.0.0.1:57964 - "GET /api/v1/autopilot/status HTTP/1.1" 200 OK
INFO:     127.0.0.1:57980 - "GET /api/v1/autopilot/config HTTP/1.1" 200 OK
INFO:     127.0.0.1:57988 - "GET /api/v1/autopilot/positions?status=open HTTP/1.1" 200 OK
INFO:     127.0.0.1:41344 - "GET /api/v1/ingest/status HTTP/1.1" 200 OK
INFO:     127.0.0.1:41344 - "GET /api/v1/ingest/status HTTP/1.1" 200 OK
2026-01-14 19:10:51 [info     ] options_chain_request          expiration=None symbol=AAPL
INFO:     127.0.0.1:41344 - "GET /api/v1/options/chain/AAPL HTTP/1.1" 200 OK
2026-01-14 19:10:52 [info     ] term_structure_request         symbol=AAPL
INFO:     127.0.0.1:58002 - "GET /api/v1/options/term-structure/AAPL HTTP/1.1" 200 OK
2026-01-14 19:10:52 [info     ] options_chain_request          expiration=None symbol=AAPL
INFO:     127.0.0.1:41344 - "GET /api/v1/options/chain/AAPL HTTP/1.1" 200 OK
2026-01-14 19:10:53 [info     ] pcr_request                    symbol=AAPL
INFO:     127.0.0.1:58004 - "GET /api/v1/options/pcr/AAPL HTTP/1.1" 200 OK
2026-01-14 19:10:54 [info     ] iv_analytics_request           lookback_days=252 symbol=AAPL
INFO:     127.0.0.1:58012 - "GET /api/v1/options/iv/AAPL?lookback_days=252 HTTP/1.1" 200 OK
2026-01-14 19:10:54 [info     ] pcr_request                    symbol=AAPL
INFO:     127.0.0.1:58002 - "GET /api/v1/options/pcr/AAPL HTTP/1.1" 200 OK
2026-01-14 19:10:55 [info     ] term_structure_request         symbol=AAPL
INFO:     127.0.0.1:58016 - "GET /api/v1/options/term-structure/AAPL HTTP/1.1" 200 OK
2026-01-14 19:10:56 [info     ] iv_analytics_request           lookback_days=252 symbol=AAPL
INFO:     127.0.0.1:41344 - "GET /api/v1/options/iv/AAPL?lookback_days=252 HTTP/1.1" 200 OK
INFO:     127.0.0.1:58002 - "GET /api/v1/ingest/status HTTP/1.1" 200 OK
INFO:     127.0.0.1:58002 - "GET /api/v1/alerts HTTP/1.1" 200 OK
INFO:     127.0.0.1:41344 - "GET /api/v1/alerts HTTP/1.1" 200 OK
INFO:     127.0.0.1:41344 - "GET /api/v1/alerts HTTP/1.1" 200 OK
INFO:     127.0.0.1:58002 - "GET /api/v1/alerts HTTP/1.1" 200 OK
INFO:     127.0.0.1:58002 - "GET /api/v1/ingest/status HTTP/1.1" 200 OK
2026-01-14 19:11:01 [info     ] clock_initialized              component=market_clock mode=live start_time_ms=None
INFO:     127.0.0.1:58002 - "GET /api/v1/clock/ HTTP/1.1" 200 OK
INFO:     127.0.0.1:41344 - "GET /api/v1/debug/config HTTP/1.1" 200 OK
INFO:     127.0.0.1:58002 - "GET /api/v1/bars/AAPL/1m/latest HTTP/1.1" 200 OK
INFO:     127.0.0.1:41344 - "GET /api/v1/clock/ HTTP/1.1" 200 OK
INFO:     127.0.0.1:58002 - "GET /api/v1/debug/config HTTP/1.1" 200 OK
INFO:     127.0.0.1:41344 - "GET /api/v1/bars/AAPL/1m/latest HTTP/1.1" 200 OK
INFO:     127.0.0.1:41344 - "GET /api/v1/ingest/status HTTP/1.1" 200 OK
INFO:     127.0.0.1:47958 - "WebSocket /ws/bars/AAPL/1m" [accepted]
2026-01-14 19:11:01 [info     ] ws_connected                   client=133849171524384 component=ws_manager
2026-01-14 19:11:01 [info     ] ws_subscribed                  component=ws_manager symbol=AAPL timeframe=1m
INFO:     connection open
2026-01-14 19:11:01 [info     ] ws_sent_history                count=1000 symbol=AAPL
2026-01-14 19:11:01 [info     ] options_chain_request          expiration=None symbol=AAPL
INFO:     127.0.0.1:41344 - "GET /api/v1/options/chain/AAPL HTTP/1.1" 200 OK
2026-01-14 19:11:02 [info     ] iv_analytics_request           lookback_days=252 symbol=AAPL
INFO:     127.0.0.1:58002 - "GET /api/v1/options/iv/AAPL?lookback_days=252 HTTP/1.1" 200 OK
2026-01-14 19:11:02 [info     ] term_structure_request         symbol=AAPL
INFO:     127.0.0.1:47952 - "GET /api/v1/options/term-structure/AAPL HTTP/1.1" 200 OK
2026-01-14 19:11:03 [info     ] pcr_request                    symbol=AAPL
INFO:     127.0.0.1:47960 - "GET /api/v1/options/pcr/AAPL HTTP/1.1" 200 OK
INFO:     127.0.0.1:47976 - "GET /api/v1/strategies HTTP/1.1" 200 OK
INFO:     127.0.0.1:47990 - "GET /api/v1/autopilot/runs HTTP/1.1" 200 OK
2026-01-14 19:11:04 [info     ] ws_disconnected                client=133849171524384 component=ws_manager
INFO:     connection closed
INFO:     127.0.0.1:41344 - "GET /api/v1/autopilot/logs?limit=200 HTTP/1.1" 200 OK
INFO:     127.0.0.1:58002 - "GET /api/v1/portfolio/orders HTTP/1.1" 200 OK
2026-01-14 19:11:04 [info     ] options_chain_request          expiration=None symbol=AAPL
INFO:     127.0.0.1:47952 - "GET /api/v1/options/chain/AAPL HTTP/1.1" 200 OK
2026-01-14 19:11:04 [info     ] iv_analytics_request           lookback_days=252 symbol=AAPL
INFO:     127.0.0.1:47960 - "GET /api/v1/options/iv/AAPL?lookback_days=252 HTTP/1.1" 200 OK
2026-01-14 19:11:05 [info     ] term_structure_request         symbol=AAPL
INFO:     127.0.0.1:47976 - "GET /api/v1/options/term-structure/AAPL HTTP/1.1" 200 OK
2026-01-14 19:11:06 [info     ] pcr_request                    symbol=AAPL
INFO:     127.0.0.1:47990 - "GET /api/v1/options/pcr/AAPL HTTP/1.1" 200 OK
INFO:     127.0.0.1:41344 - "GET /api/v1/strategies HTTP/1.1" 200 OK
INFO:     127.0.0.1:58002 - "GET /api/v1/autopilot/runs HTTP/1.1" 200 OK
INFO:     127.0.0.1:47960 - "GET /api/v1/portfolio/unified HTTP/1.1" 200 OK
INFO:     127.0.0.1:47976 - "GET /api/v1/autopilot/logs?limit=200 HTTP/1.1" 200 OK
INFO:     127.0.0.1:41344 - "GET /api/v1/portfolio/orders HTTP/1.1" 200 OK
INFO:     127.0.0.1:47990 - "GET /api/v1/ingest/status HTTP/1.1" 200 OK
INFO:     127.0.0.1:58002 - "GET /api/v1/portfolio/unified HTTP/1.1" 200 OK
INFO:     127.0.0.1:47952 - "GET /api/v1/verification/broker HTTP/1.1" 200 OK
INFO:     127.0.0.1:58002 - "GET /api/v1/verification/broker HTTP/1.1" 200 OK
INFO:     127.0.0.1:58002 - "GET /api/v1/autopilot/proposals HTTP/1.1" 200 OK
INFO:     127.0.0.1:47952 - "GET /api/v1/autopilot/status HTTP/1.1" 200 OK
INFO:     127.0.0.1:47990 - "GET /api/v1/autopilot/logs?limit=50&level=warning HTTP/1.1" 200 OK
INFO:     127.0.0.1:41344 - "GET /api/v1/autopilot/report HTTP/1.1" 200 OK
INFO:     127.0.0.1:47960 - "GET /api/v1/portfolio/orders?status=open HTTP/1.1" 200 OK
INFO:     127.0.0.1:47976 - "GET /api/v1/autopilot/positions?status=open HTTP/1.1" 200 OK
INFO:     127.0.0.1:58002 - "GET /api/v1/autopilot/logs?limit=20 HTTP/1.1" 200 OK
INFO:     127.0.0.1:41344 - "GET /api/v1/autopilot/config HTTP/1.1" 200 OK
INFO:     127.0.0.1:47976 - "GET /api/v1/autopilot/proposals HTTP/1.1" 200 OK
INFO:     127.0.0.1:47990 - "GET /api/v1/autopilot/report HTTP/1.1" 200 OK
INFO:     127.0.0.1:47960 - "GET /api/v1/autopilot/positions?status=open HTTP/1.1" 200 OK
INFO:     127.0.0.1:47952 - "GET /api/v1/autopilot/logs?limit=50&level=warning HTTP/1.1" 200 OK
INFO:     127.0.0.1:58002 - "GET /api/v1/portfolio/orders?status=open HTTP/1.1" 200 OK
INFO:     127.0.0.1:47976 - "GET /api/v1/autopilot/status HTTP/1.1" 200 OK
INFO:     127.0.0.1:47960 - "GET /api/v1/autopilot/logs?limit=20 HTTP/1.1" 200 OK
INFO:     127.0.0.1:41344 - "GET /api/v1/autopilot/proposals HTTP/1.1" 200 OK
INFO:     127.0.0.1:47990 - "GET /api/v1/autopilot/config HTTP/1.1" 200 OK
INFO:     127.0.0.1:47976 - "GET /api/v1/autopilot/status HTTP/1.1" 200 OK
INFO:     127.0.0.1:58002 - "GET /api/v1/autopilot/positions?status=open HTTP/1.1" 200 OK
INFO:     127.0.0.1:47952 - "GET /api/v1/autopilot/proposals HTTP/1.1" 200 OK
INFO:     127.0.0.1:58002 - "GET /api/v1/autopilot/status HTTP/1.1" 200 OK
INFO:     127.0.0.1:58002 - "GET /api/v1/autopilot/status HTTP/1.1" 200 OK
INFO:     127.0.0.1:47952 - "GET /api/v1/autopilot/positions?status=open HTTP/1.1" 200 OK
INFO:     127.0.0.1:47976 - "GET /api/v1/autopilot/config HTTP/1.1" 200 OK
INFO:     127.0.0.1:47990 - "GET /api/v1/autopilot/status HTTP/1.1" 200 OK
INFO:     127.0.0.1:47990 - "GET /api/v1/autopilot/config HTTP/1.1" 200 OK
INFO:     127.0.0.1:47990 - "GET /api/v1/autopilot/broker/metrics HTTP/1.1" 200 OK
INFO:     127.0.0.1:47990 - "GET /health HTTP/1.1" 200 OK
INFO:     127.0.0.1:47990 - "GET /api/v1/autopilot/config HTTP/1.1" 200 OK
INFO:     127.0.0.1:54770 - "GET /api/v1/autopilot/status HTTP/1.1" 200 OK
INFO:     127.0.0.1:54784 - "GET /api/v1/autopilot/broker/metrics HTTP/1.1" 200 OK
INFO:     127.0.0.1:54796 - "GET /api/v1/autopilot/logs?limit=20 HTTP/1.1" 200 OK
INFO:     127.0.0.1:54806 - "GET /api/v1/autopilot/proposals HTTP/1.1" 200 OK
INFO:     127.0.0.1:54816 - "GET /api/v1/autopilot/logs?limit=50&level=warning HTTP/1.1" 200 OK
INFO:     127.0.0.1:54820 - "GET /api/v1/autopilot/report HTTP/1.1" 200 OK
INFO:     127.0.0.1:54784 - "GET /api/v1/autopilot/positions?status=open HTTP/1.1" 200 OK
INFO:     127.0.0.1:54796 - "GET /api/v1/portfolio/orders?status=open HTTP/1.1" 200 OK
INFO:     127.0.0.1:54770 - "GET /api/v1/autopilot/config HTTP/1.1" 200 OK
INFO:     127.0.0.1:54806 - "GET /api/v1/ingest/status HTTP/1.1" 200 OK
INFO:     127.0.0.1:54816 - "GET /health HTTP/1.1" 200 OK
INFO:     127.0.0.1:54806 - "GET /api/v1/autopilot/logs?limit=20 HTTP/1.1" 200 OK
INFO:     127.0.0.1:54770 - "GET /api/v1/autopilot/broker/metrics HTTP/1.1" 200 OK
INFO:     127.0.0.1:54820 - "GET /api/v1/autopilot/status HTTP/1.1" 200 OK
INFO:     127.0.0.1:54796 - "GET /api/v1/autopilot/proposals HTTP/1.1" 200 OK
INFO:     127.0.0.1:54816 - "GET /api/v1/autopilot/logs?limit=50&level=warning HTTP/1.1" 200 OK
INFO:     127.0.0.1:54784 - "GET /api/v1/autopilot/positions?status=open HTTP/1.1" 200 OK
INFO:     127.0.0.1:54806 - "GET /api/v1/ingest/status HTTP/1.1" 200 OK
INFO:     127.0.0.1:54770 - "GET /api/v1/autopilot/config HTTP/1.1" 200 OK
INFO:     127.0.0.1:54820 - "GET /api/v1/autopilot/report HTTP/1.1" 200 OK
INFO:     127.0.0.1:54816 - "GET /api/v1/portfolio/orders?status=open HTTP/1.1" 200 OK
INFO:     127.0.0.1:54796 - "GET /health HTTP/1.1" 200 OK
INFO:     127.0.0.1:54806 - "GET /api/v1/autopilot/logs?limit=20 HTTP/1.1" 200 OK
INFO:     127.0.0.1:54784 - "GET /api/v1/autopilot/broker/metrics HTTP/1.1" 200 OK
INFO:     127.0.0.1:54770 - "GET /api/v1/autopilot/status HTTP/1.1" 200 OK
INFO:     127.0.0.1:54806 - "GET /api/v1/autopilot/proposals HTTP/1.1" 200 OK
INFO:     127.0.0.1:54796 - "GET /api/v1/autopilot/status HTTP/1.1" 200 OK
INFO:     127.0.0.1:54784 - "GET /api/v1/autopilot/logs?limit=20 HTTP/1.1" 200 OK
INFO:     127.0.0.1:54820 - "GET /api/v1/autopilot/broker/metrics HTTP/1.1" 200 OK
INFO:     127.0.0.1:54770 - "GET /api/v1/autopilot/proposals HTTP/1.1" 200 OK
INFO:     127.0.0.1:54770 - "GET /api/v1/ingest/status HTTP/1.1" 200 OK
INFO:     127.0.0.1:54770 - "GET /api/v1/ingest/status HTTP/1.1" 200 OK
INFO:     127.0.0.1:54770 - "GET /api/v1/ingest/provider-status HTTP/1.1" 200 OK
INFO:     127.0.0.1:54770 - "GET /api/v1/autopilot/status HTTP/1.1" 200 OK
INFO:     127.0.0.1:54820 - "GET /api/v1/ingest/provider-status HTTP/1.1" 200 OK
INFO:     127.0.0.1:54820 - "GET /health HTTP/1.1" 200 OK
INFO:     127.0.0.1:54770 - "GET /api/v1/autopilot/positions?status=open HTTP/1.1" 200 OK
INFO:     127.0.0.1:54784 - "GET /api/v1/autopilot/status HTTP/1.1" 200 OK
INFO:     127.0.0.1:54820 - "GET /api/v1/autopilot/broker/metrics HTTP/1.1" 200 OK
INFO:     127.0.0.1:54796 - "GET /api/v1/autopilot/status HTTP/1.1" 200 OK
INFO:     127.0.0.1:54796 - "GET /api/v1/autopilot/positions?status=open HTTP/1.1" 200 OK
INFO:     127.0.0.1:54770 - "GET /health HTTP/1.1" 200 OK
INFO:     127.0.0.1:54820 - "GET /api/v1/autopilot/status HTTP/1.1" 200 OK
INFO:     127.0.0.1:54784 - "GET /api/v1/autopilot/config HTTP/1.1" 200 OK
INFO:     127.0.0.1:54820 - "GET /api/v1/autopilot/broker/metrics HTTP/1.1" 200 OK
INFO:     127.0.0.1:54820 - "GET /api/v1/ingest/status HTTP/1.1" 200 OK
INFO:     127.0.0.1:54820 - "GET /api/v1/ingest/status HTTP/1.1" 200 OK
INFO:     127.0.0.1:54770 - "GET /api/v1/autopilot/config HTTP/1.1" 200 OK
INFO:     127.0.0.1:54770 - "GET /api/v1/autopilot/config HTTP/1.1" 200 OK
INFO:     127.0.0.1:54820 - "GET /health HTTP/1.1" 200 OK
INFO:     127.0.0.1:54820 - "GET /api/v1/autopilot/config HTTP/1.1" 200 OK
INFO:     127.0.0.1:54770 - "GET /health HTTP/1.1" 200 OK
INFO:     127.0.0.1:54784 - "GET /api/v1/autopilot/config HTTP/1.1" 200 OK
INFO:     127.0.0.1:54784 - "GET /api/v1/autopilot/config HTTP/1.1" 200 OK
