symbol,ts_ms,price,size,side
TSLA,1736928000121,198.36,60,buy
AAPL,1736928000975,149.85,44,sell
SPY,1736928001118,401.18,20,buy
SPY,1736928001827,400.36,22,sell
AAPL,1736928002497,151.93,71,sell
TSLA,1736928003380,200.1,29,buy
NVDA,1736928006977,500.07,70,sell
SPY,1736928009495,399.64,26,buy
TSLA,1736928010059,197.75,9,sell
NVDA,1736928012671,500.49,61,sell
AAPL,1736928013617,150.06,60,sell
SPY,1736928014155,401.43,77,sell
TSLA,1736928014637,195.69,37,buy
MSFT,1736928015321,299.4,81,buy
SPY,1736928015593,399.26,81,buy
MSFT,1736928015802,297.8,23,sell
AAPL,1736928016350,150.45,29,buy
MSFT,1736928018659,299.24,39,buy
NVDA,1736928021412,503.99,63,buy
MSFT,1736928022418,299.38,11,sell
NVDA,1736928022442,499.44,57,sell
AAPL,1736928022741,152.09,80,buy
MSFT,1736928023484,299.47,17,sell
AAPL,1736928023564,149.44,84,buy
TSLA,1736928025203,196.25,41,buy
SPY,1736928025249,399.71,94,buy
TSLA,1736928028132,197.6,3,buy
MSFT,1736928029589,298.83,96,sell
TSLA,1736928029660,196.91,94,buy
AAPL,1736928031500,152.38,9,sell
MSFT,1736928032088,298.13,14,buy
NVDA,1736928032181,503.24,99,buy
TSLA,1736928032385,193.26,33,buy
TSLA,1736928032656,198.49,2,sell
SPY,1736928032776,401.1,93,buy
MSFT,1736928033080,301.49,85,sell
AAPL,1736928033889,152.14,55,sell
NVDA,1736928034308,503.85,40,buy
NVDA,1736928035216,500.03,81,sell
TSLA,1736928035874,194.17,61,sell
MSFT,1736928036663,297.62,95,sell
TSLA,1736928038021,194.45,34,buy
SPY,1736928040026,399.72,57,buy
TSLA,1736928040527,195.09,35,buy
TSLA,1736928041258,199.0,65,sell
NVDA,1736928041818,499.13,26,sell
TSLA,1736928045010,198.36,10,sell
SPY,1736928046016,398.69,33,sell
SPY,1736928047327,400.8,76,sell
AAPL,1736928048187,151.71,33,buy
NVDA,1736928048434,501.79,11,sell
TSLA,1736928049336,196.17,45,sell
AAPL,1736928049463,150.72,68,buy
MSFT,1736928049820,300.4,88,sell
MSFT,1736928049990,299.11,61,buy
AAPL,1736928050100,150.88,56,buy
NVDA,1736928050625,504.25,53,sell
MSFT,1736928051142,298.44,1,sell
NVDA,1736928052449,504.08,74,sell
NVDA,1736928052811,499.66,13,sell
TSLA,1736928052882,194.61,13,sell
NVDA,1736928054777,499.14,47,sell
MSFT,1736928054805,298.85,98,sell
SPY,1736928054842,400.72,37,buy
MSFT,1736928055889,300.17,89,buy
AAPL,1736928056046,151.94,56,buy
AAPL,1736928056243,151.68,38,buy
MSFT,1736928056799,298.98,49,buy
MSFT,1736928057363,296.68,64,buy
NVDA,1736928058374,502.72,86,buy
AAPL,1736928058414,150.24,90,sell
NVDA,1736928058451,500.58,100,sell
TSLA,1736928058809,196.29,56,buy
AAPL,1736928060852,152.03,30,sell
TSLA,1736928061059,195.01,21,sell
TSLA,1736928061168,197.66,64,buy
TSLA,1736928063749,194.67,15,sell
SPY,1736928064289,401.05,3,sell
MSFT,1736928065232,300.64,54,sell
NVDA,1736928065659,501.15,64,buy
SPY,1736928066028,400.7,44,buy
AAPL,1736928066663,151.5,63,sell
MSFT,1736928067172,302.99,9,buy
AAPL,1736928069140,152.55,34,buy
NVDA,1736928069165,501.73,35,buy
AAPL,1736928069999,151.45,24,sell
TSLA,1736928070571,194.92,89,buy
AAPL,1736928071585,151.16,95,sell
MSFT,1736928071617,297.82,70,buy
MSFT,1736928072997,296.63,72,buy
SPY,1736928073085,401.76,13,buy
AAPL,1736928073986,151.69,39,sell
SPY,1736928074929,399.04,92,buy
MSFT,1736928075044,301.35,29,buy
AAPL,1736928075077,152.07,48,sell
MSFT,1736928075914,299.03,37,buy
SPY,1736928075999,400.33,48,sell
AAPL,1736928077258,149.95,49,buy
AAPL,1736928077827,151.94,27,sell
MSFT,1736928078075,299.37,22,buy
NVDA,1736928078844,502.12,58,buy
AAPL,1736928079222,151.99,91,sell
MSFT,1736928079380,298.07,31,sell
AAPL,1736928079516,149.77,88,sell
AAPL,1736928080217,151.63,51,sell
AAPL,1736928080548,149.13,35,buy
NVDA,1736928081268,501.57,83,sell
NVDA,1736928081923,502.61,31,buy
TSLA,1736928082741,198.89,65,sell
NVDA,1736928082805,499.5,73,buy
MSFT,1736928083128,296.71,34,sell
TSLA,1736928084112,199.29,21,buy
AAPL,1736928084253,152.0,93,buy
SPY,1736928084360,400.68,11,buy
MSFT,1736928085363,299.29,8,buy
TSLA,1736928088916,194.04,83,buy
SPY,1736928089502,400.61,1,sell
NVDA,1736928089717,499.09,73,buy
NVDA,1736928092554,501.63,34,sell
SPY,1736928093204,399.74,44,buy
SPY,1736928093495,399.2,14,sell
TSLA,1736928093731,194.24,99,sell
SPY,1736928094472,399.21,64,buy
MSFT,1736928095678,302.41,53,buy
TSLA,1736928096012,195.44,2,buy
SPY,1736928096139,399.79,65,buy
MSFT,1736928096886,297.57,84,sell
TSLA,1736928097094,194.51,59,buy
TSLA,1736928098257,197.06,80,buy
AAPL,1736928099328,152.99,52,buy
NVDA,1736928099956,499.17,74,sell
MSFT,1736928100141,299.73,16,buy
AAPL,1736928100642,151.58,41,sell
MSFT,1736928100802,300.35,55,buy
SPY,1736928102620,400.72,63,sell
TSLA,1736928102810,196.28,36,buy
MSFT,1736928103618,296.78,58,buy
TSLA,1736928103665,199.96,36,buy
MSFT,1736928106600,297.42,24,buy
SPY,1736928108532,401.16,66,sell
NVDA,1736928108716,501.28,84,sell
NVDA,1736928109535,503.46,61,buy
TSLA,1736928110909,197.75,85,sell
AAPL,1736928111242,151.43,80,sell
SPY,1736928111620,399.0,38,sell
SPY,1736928111773,399.26,21,buy
NVDA,1736928112471,503.19,84,buy
TSLA,1736928113335,199.12,66,sell
AAPL,1736928113822,151.32,81,buy
TSLA,1736928114102,195.36,1,buy
NVDA,1736928114630,500.32,66,buy
TSLA,1736928116152,199.17,61,sell
MSFT,1736928116422,298.55,31,sell
TSLA,1736928116770,199.51,66,sell
NVDA,1736928117651,500.3,60,buy
TSLA,1736928117780,195.6,16,buy
SPY,1736928118556,400.83,40,sell
TSLA,1736928123534,198.33,2,buy
MSFT,1736928123920,300.31,36,sell
MSFT,1736928124924,303.23,30,buy
TSLA,1736928124985,198.12,76,buy
NVDA,1736928126582,499.52,20,buy
SPY,1736928126686,399.06,73,buy
AAPL,1736928126776,151.99,4,sell
NVDA,1736928127936,500.48,2,buy
TSLA,1736928128096,196.52,58,buy
SPY,1736928128271,400.89,99,sell
MSFT,1736928128364,300.05,4,sell
SPY,1736928128839,399.02,17,buy
SPY,1736928129772,399.38,31,buy
MSFT,1736928130689,297.54,23,sell
SPY,1736928130712,400.93,5,sell
MSFT,1736928130854,299.48,32,buy
MSFT,1736928132205,300.05,15,sell
NVDA,1736928133394,501.74,23,buy
MSFT,1736928134547,297.61,95,sell
AAPL,1736928134734,152.46,55,sell
TSLA,1736928134992,195.36,93,sell
AAPL,1736928135492,153.21,80,sell
SPY,1736928135697,400.72,100,sell
NVDA,1736928136825,503.58,66,sell
AAPL,1736928137011,151.09,48,buy
SPY,1736928137040,399.56,31,buy
AAPL,1736928137700,151.89,44,sell
SPY,1736928137729,399.51,5,buy
AAPL,1736928138416,151.29,79,buy
MSFT,1736928138960,299.07,70,buy
MSFT,1736928139111,298.14,75,buy
SPY,1736928139819,400.56,14,sell
MSFT,1736928140178,302.68,17,buy
NVDA,1736928140246,500.04,77,sell
AAPL,1736928141418,151.8,30,sell
SPY,1736928142183,399.19,76,buy
SPY,1736928142594,400.31,32,buy
MSFT,1736928142749,299.32,85,sell
TSLA,1736928142793,198.25,71,sell
SPY,1736928144638,399.83,98,buy
NVDA,1736928145316,504.24,60,sell
NVDA,1736928145501,499.64,30,buy
SPY,1736928145727,399.44,24,buy
SPY,1736928145918,399.67,87,buy
TSLA,1736928147217,199.35,60,sell
NVDA,1736928147465,500.66,20,buy
AAPL,1736928147887,149.57,17,sell
AAPL,1736928148785,151.87,12,sell
NVDA,1736928153381,501.74,72,sell
AAPL,1736928153706,151.88,89,sell
NVDA,1736928153793,502.02,15,sell
SPY,1736928154229,401.34,36,sell
SPY,1736928154419,400.38,87,sell
NVDA,1736928154867,504.07,10,sell
NVDA,1736928157566,499.46,17,buy
AAPL,1736928157810,152.4,100,buy
NVDA,1736928159125,503.93,54,buy
MSFT,1736928159736,299.67,30,sell
MSFT,1736928162009,301.84,49,buy
AAPL,1736928162490,153.16,98,buy
SPY,1736928163532,400.97,56,buy
MSFT,1736928163908,303.28,99,buy
NVDA,1736928165822,499.09,76,sell
SPY,1736928165926,399.34,45,buy
AAPL,1736928166480,150.46,100,buy
MSFT,1736928167540,297.32,8,buy
TSLA,1736928168183,199.17,37,buy
NVDA,1736928170542,500.38,51,sell
AAPL,1736928170647,151.72,63,buy
MSFT,1736928171386,297.0,72,sell
NVDA,1736928171463,501.88,34,buy
TSLA,1736928172811,199.74,50,buy
SPY,1736928173252,400.41,44,buy
SPY,1736928174197,399.67,4,sell
MSFT,1736928174352,300.02,31,buy
TSLA,1736928175632,195.58,14,sell
TSLA,1736928175937,198.22,19,buy
MSFT,1736928176994,298.63,3,sell
TSLA,1736928178792,200.11,99,sell
AAPL,1736928181584,151.68,10,sell
TSLA,1736928182452,194.9,37,buy
SPY,1736928183103,399.61,81,sell
AAPL,1736928184553,150.59,41,sell
MSFT,1736928189362,302.57,17,sell
MSFT,1736928191416,297.66,31,sell
TSLA,1736928191640,195.48,9,sell
SPY,1736928192219,399.83,68,buy
TSLA,1736928192884,198.94,33,sell
MSFT,1736928194117,296.87,97,buy
AAPL,1736928194741,149.84,100,buy
AAPL,1736928198379,149.42,69,buy
AAPL,1736928199409,149.83,82,sell
SPY,1736928200825,400.84,90,sell
SPY,1736928202858,399.27,66,sell
NVDA,1736928204162,499.73,68,buy
TSLA,1736928204181,195.36,5,sell
MSFT,1736928204838,298.3,80,sell
AAPL,1736928205538,150.24,18,sell
AAPL,1736928205745,152.34,60,buy
SPY,1736928206916,398.94,43,buy
NVDA,1736928207683,499.89,8,buy
NVDA,1736928208297,500.07,91,buy
SPY,1736928208392,399.97,36,buy
MSFT,1736928209008,297.47,44,buy
NVDA,1736928210570,498.61,55,sell
SPY,1736928210646,400.44,69,buy
AAPL,1736928211659,150.73,22,buy
MSFT,1736928211941,298.35,94,sell
SPY,1736928212323,399.62,3,buy
SPY,1736928213875,401.32,11,sell
AAPL,1736928214408,152.18,6,buy
AAPL,1736928214974,151.81,49,sell
SPY,1736928216169,399.99,2,sell
NVDA,1736928217268,500.83,60,sell
SPY,1736928217726,399.69,43,buy
NVDA,1736928219486,500.65,100,sell
AAPL,1736928219682,151.77,62,sell
MSFT,1736928220035,299.07,96,sell
AAPL,1736928220678,150.73,36,sell
NVDA,1736928220827,502.52,7,sell
AAPL,1736928221341,152.62,56,sell
MSFT,1736928221564,299.58,82,buy
MSFT,1736928222023,297.24,19,sell
MSFT,1736928222989,301.79,56,sell
AAPL,1736928223227,149.76,39,buy
AAPL,1736928223888,149.5,71,sell
AAPL,1736928224730,151.19,93,sell
AAPL,1736928227142,152.54,53,buy
AAPL,1736928228396,150.32,75,sell
SPY,1736928228464,400.0,18,sell
SPY,1736928229487,399.09,77,sell
AAPL,1736928229736,151.73,42,sell
MSFT,1736928231325,299.45,10,sell
TSLA,1736928234508,198.92,12,sell
MSFT,1736928235025,297.17,71,buy
SPY,1736928235818,400.67,89,sell
TSLA,1736928238836,197.22,9,sell
AAPL,1736928239548,150.37,81,sell
SPY,1736928239817,400.88,61,buy
NVDA,1736928240287,500.74,95,buy
AAPL,1736928241142,150.35,95,buy
TSLA,1736928241868,197.31,34,sell
MSFT,1736928242426,297.09,90,sell
MSFT,1736928242508,299.02,13,sell
AAPL,1736928242886,149.53,77,buy
AAPL,1736928244371,152.91,38,buy
SPY,1736928245751,400.03,44,buy
NVDA,1736928245762,502.65,44,buy
MSFT,1736928246133,299.39,34,buy
TSLA,1736928247475,196.11,86,sell
TSLA,1736928248225,195.42,43,sell
TSLA,1736928248334,195.05,18,sell
SPY,1736928248462,399.07,47,buy
MSFT,1736928249578,301.97,28,buy
MSFT,1736928250393,299.13,64,buy
MSFT,1736928250618,301.02,41,sell
MSFT,1736928250729,299.94,43,sell
NVDA,1736928250800,499.67,98,sell
TSLA,1736928252535,194.06,86,sell
SPY,1736928253323,400.76,84,sell
NVDA,1736928253949,500.31,17,buy
MSFT,1736928254674,301.6,32,buy
NVDA,1736928255846,500.29,98,sell
MSFT,1736928255877,299.16,74,sell
NVDA,1736928256633,502.02,92,sell
TSLA,1736928256909,197.65,73,sell
MSFT,1736928257494,296.76,99,buy
SPY,1736928258645,399.38,27,sell
AAPL,1736928260056,149.36,7,buy
TSLA,1736928261494,197.35,77,buy
AAPL,1736928264499,150.6,80,sell
TSLA,1736928264638,195.51,11,buy
TSLA,1736928266393,199.21,39,sell
AAPL,1736928266981,149.24,72,buy
MSFT,1736928267852,297.03,50,buy
NVDA,1736928270853,499.46,6,buy
AAPL,1736928272258,149.46,61,sell
SPY,1736928273356,400.05,34,sell
SPY,1736928274985,399.52,55,sell
AAPL,1736928275398,149.49,51,sell
TSLA,1736928276458,197.05,39,buy
SPY,1736928276918,401.29,48,buy
AAPL,1736928279084,149.7,24,sell
NVDA,1736928279270,501.53,17,buy
TSLA,1736928279664,199.85,13,buy
MSFT,1736928280503,299.08,59,buy
SPY,1736928280685,399.72,48,buy
AAPL,1736928281550,150.6,11,buy
NVDA,1736928281600,503.41,15,sell
TSLA,1736928281953,199.17,62,buy
AAPL,1736928282572,152.77,91,sell
MSFT,1736928283325,300.95,52,sell
TSLA,1736928284793,197.55,90,buy
SPY,1736928288354,399.67,9,sell
SPY,1736928288469,400.98,27,sell
TSLA,1736928289617,198.71,100,buy
SPY,1736928289806,400.92,30,buy
NVDA,1736928291867,503.68,25,buy
SPY,1736928293720,399.12,34,buy
NVDA,1736928296564,500.63,37,buy
SPY,1736928297145,398.92,55,sell
AAPL,1736928299499,151.84,2,buy
TSLA,1736928300584,195.45,52,sell
AAPL,1736928301701,152.58,4,sell
AAPL,1736928301792,151.24,69,sell
TSLA,1736928302254,194.86,73,buy
MSFT,1736928302992,297.84,6,buy
SPY,1736928303481,400.64,75,buy
SPY,1736928303681,399.68,23,buy
TSLA,1736928303948,194.59,10,sell
SPY,1736928307131,401.59,81,sell
TSLA,1736928308100,195.74,22,buy
NVDA,1736928308298,501.57,62,sell
NVDA,1736928308670,500.25,74,sell
TSLA,1736928308908,195.53,42,sell
MSFT,1736928309357,296.87,77,buy
TSLA,1736928309869,197.88,4,sell
NVDA,1736928310699,500.39,87,sell
MSFT,1736928310870,297.14,93,buy
AAPL,1736928311848,150.78,99,sell
MSFT,1736928312215,298.21,80,sell
TSLA,1736928313409,199.01,42,buy
AAPL,1736928313490,152.93,51,buy
TSLA,1736928313850,197.88,80,sell
MSFT,1736928314095,299.44,100,buy
SPY,1736928315515,399.56,41,buy
AAPL,1736928315546,152.5,6,sell
SPY,1736928316110,401.23,73,sell
AAPL,1736928316313,152.66,38,buy
MSFT,1736928316336,298.97,99,sell
TSLA,1736928316806,199.94,74,sell
SPY,1736928318167,399.54,82,buy
TSLA,1736928318368,196.46,20,sell
SPY,1736928319214,399.72,14,buy
MSFT,1736928319986,297.57,98,buy
TSLA,1736928320094,199.05,83,sell
NVDA,1736928320302,501.56,70,buy
AAPL,1736928320426,152.73,25,buy
TSLA,1736928321900,200.34,6,sell
AAPL,1736928323223,152.16,84,sell
MSFT,1736928324130,299.37,76,sell
SPY,1736928324202,401.06,99,buy
TSLA,1736928324415,195.05,27,buy
SPY,1736928325199,401.58,64,sell
NVDA,1736928325630,499.71,85,sell
NVDA,1736928325795,499.04,22,buy
SPY,1736928327088,399.45,29,buy
NVDA,1736928327325,500.86,64,sell
MSFT,1736928327903,299.0,72,buy
NVDA,1736928328721,500.35,33,buy
AAPL,1736928328874,151.29,35,buy
NVDA,1736928330674,500.03,25,sell
MSFT,1736928330756,301.62,5,buy
MSFT,1736928331190,300.2,54,sell
NVDA,1736928331854,499.76,79,sell
TSLA,1736928332910,195.54,66,sell
SPY,1736928333219,401.2,70,sell
NVDA,1736928334289,503.67,24,sell
NVDA,1736928334619,503.7,95,sell
AAPL,1736928334895,150.21,85,buy
TSLA,1736928334948,195.22,63,buy
TSLA,1736928335064,197.58,60,buy
MSFT,1736928335731,297.65,3,buy
AAPL,1736928336052,151.9,85,buy
AAPL,1736928337759,152.55,14,sell
TSLA,1736928339803,199.04,13,sell
SPY,1736928340404,399.39,63,sell
AAPL,1736928340628,149.47,22,buy
SPY,1736928342224,401.35,17,sell
SPY,1736928343112,400.34,89,sell
TSLA,1736928344455,197.97,84,sell
AAPL,1736928344986,149.87,68,buy
AAPL,1736928345757,150.07,34,buy
NVDA,1736928348482,502.32,37,buy
TSLA,1736928348833,195.24,57,buy
AAPL,1736928349108,150.91,68,buy
SPY,1736928350475,399.16,86,buy
NVDA,1736928350990,500.73,84,sell
NVDA,1736928352796,499.4,41,buy
TSLA,1736928353007,195.32,71,buy
TSLA,1736928353065,198.41,95,sell
NVDA,1736928353727,500.72,87,buy
NVDA,1736928354228,502.33,57,sell
SPY,1736928355044,399.64,76,buy
TSLA,1736928356859,195.52,33,buy
TSLA,1736928358044,200.07,66,sell
AAPL,1736928359917,149.91,68,buy
AAPL,1736928360242,151.5,64,sell
TSLA,1736928360245,196.92,92,sell
SPY,1736928361522,399.57,33,buy
MSFT,1736928362266,298.9,99,sell
SPY,1736928362561,400.7,61,buy
MSFT,1736928363352,297.12,46,sell
AAPL,1736928365223,151.66,44,buy
AAPL,1736928366496,150.6,48,buy
TSLA,1736928366957,195.23,66,buy
SPY,1736928368169,401.13,92,buy
SPY,1736928369425,400.78,28,buy
AAPL,1736928370306,149.31,71,sell
MSFT,1736928371321,301.52,21,buy
NVDA,1736928371571,501.45,66,buy
TSLA,1736928372269,194.61,12,sell
MSFT,1736928372899,297.52,77,sell
TSLA,1736928373130,197.54,32,buy
TSLA,1736928373461,195.48,84,sell
TSLA,1736928373551,194.79,54,buy
SPY,1736928373889,400.06,64,buy
AAPL,1736928375276,152.81,97,buy
SPY,1736928375403,399.52,50,buy
NVDA,1736928375501,500.34,77,sell
SPY,1736928375626,400.69,71,sell
MSFT,1736928376045,298.67,41,sell
AAPL,1736928376987,152.86,39,sell
AAPL,1736928377744,150.56,15,buy
NVDA,1736928378580,501.36,37,sell
NVDA,1736928379557,502.74,24,buy
SPY,1736928380772,399.69,47,buy
MSFT,1736928380877,302.16,29,buy
AAPL,1736928380904,150.54,6,buy
TSLA,1736928381143,195.28,47,buy
TSLA,1736928382123,200.01,59,buy
MSFT,1736928382921,297.95,11,sell
SPY,1736928382981,399.03,90,buy
NVDA,1736928383363,498.61,21,buy
TSLA,1736928384077,197.95,11,buy
AAPL,1736928384245,152.62,18,sell
NVDA,1736928384874,498.83,91,sell
TSLA,1736928385105,199.14,81,buy
SPY,1736928385523,399.75,34,buy
MSFT,1736928385693,297.36,87,buy
SPY,1736928385965,399.56,28,sell
SPY,1736928386553,400.79,11,buy
NVDA,1736928387080,500.41,98,sell
TSLA,1736928387166,196.46,70,buy
TSLA,1736928388237,195.35,100,buy
AAPL,1736928388394,150.83,48,buy
TSLA,1736928388946,196.33,38,buy
MSFT,1736928389053,297.19,63,sell
NVDA,1736928389407,501.6,32,buy
SPY,1736928390053,399.6,83,buy
NVDA,1736928390589,501.32,62,buy
NVDA,1736928391181,500.16,13,buy
MSFT,1736928391377,298.76,23,sell
NVDA,1736928391422,500.02,11,sell
NVDA,1736928393341,502.66,83,buy
AAPL,1736928393650,150.36,52,sell
AAPL,1736928394338,151.79,70,sell
TSLA,1736928394728,194.83,26,buy
TSLA,1736928395067,199.42,42,sell
TSLA,1736928395917,198.73,60,buy
SPY,1736928396126,400.41,39,sell
MSFT,1736928397359,297.47,74,sell
SPY,1736928398642,400.75,12,sell
SPY,1736928400457,400.61,43,sell
TSLA,1736928401877,195.46,53,buy
AAPL,1736928404216,149.96,78,buy
MSFT,1736928405281,301.1,62,buy
AAPL,1736928405568,150.59,53,buy
TSLA,1736928405576,198.86,82,buy
SPY,1736928406080,400.35,69,buy
NVDA,1736928406131,500.68,1,sell
AAPL,1736928407129,151.16,48,buy
SPY,1736928409128,399.78,70,buy
NVDA,1736928409864,501.24,27,buy
AAPL,1736928410075,150.88,7,buy
NVDA,1736928411954,502.0,49,buy
MSFT,1736928412724,297.07,47,sell
TSLA,1736928413085,195.0,53,sell
SPY,1736928413172,398.79,37,sell
MSFT,1736928415774,301.54,55,sell
NVDA,1736928415931,501.83,71,sell
TSLA,1736928417366,198.64,99,sell
AAPL,1736928417909,152.47,1,buy
AAPL,1736928418058,153.08,30,sell
NVDA,1736928418178,498.56,94,sell
TSLA,1736928418255,198.52,96,buy
SPY,1736928420232,399.87,65,buy
MSFT,1736928420308,297.59,58,sell
TSLA,1736928421418,195.1,85,sell
MSFT,1736928424265,300.07,5,sell
TSLA,1736928424639,194.45,71,sell
NVDA,1736928425533,498.44,13,sell
TSLA,1736928425582,195.12,95,buy
SPY,1736928425908,399.99,1,sell
MSFT,1736928428574,299.14,55,buy
MSFT,1736928428581,297.15,36,sell
TSLA,1736928429598,198.89,29,sell
NVDA,1736928429936,498.99,70,buy
TSLA,1736928430625,198.36,17,buy
MSFT,1736928430923,302.98,53,buy
AAPL,1736928430958,150.21,8,buy
MSFT,1736928431261,299.68,94,sell
NVDA,1736928431676,501.95,53,sell
SPY,1736928431876,400.98,60,sell
AAPL,1736928432554,152.26,92,buy
TSLA,1736928434817,198.8,51,buy
AAPL,1736928435470,152.46,40,sell
TSLA,1736928436288,195.18,69,buy
MSFT,1736928436384,301.61,78,sell
AAPL,1736928437042,152.27,30,buy
NVDA,1736928437470,501.05,75,sell
SPY,1736928438130,399.78,55,buy
SPY,1736928438189,400.9,97,sell
SPY,1736928438902,400.46,39,buy
MSFT,1736928439058,300.93,33,buy
NVDA,1736928439480,499.3,27,sell
AAPL,1736928440496,149.72,47,buy
TSLA,1736928440809,199.06,34,sell
TSLA,1736928442357,194.13,47,buy
MSFT,1736928443027,300.25,79,sell
MSFT,1736928444067,297.57,60,sell
AAPL,1736928444082,149.41,22,buy
NVDA,1736928444466,499.66,44,buy
MSFT,1736928446791,297.85,24,buy
AAPL,1736928447113,149.2,77,sell
AAPL,1736928448341,151.94,13,buy
MSFT,1736928448469,299.19,82,sell
TSLA,1736928449180,198.12,46,sell
MSFT,1736928449512,299.1,77,sell
SPY,1736928450776,399.5,41,buy
AAPL,1736928451334,150.85,31,buy
NVDA,1736928452712,500.59,56,sell
TSLA,1736928453448,193.7,19,sell
TSLA,1736928453449,198.05,19,sell
NVDA,1736928453705,498.83,45,buy
NVDA,1736928454995,500.87,16,buy
MSFT,1736928455106,299.41,2,buy
SPY,1736928455566,399.42,8,sell
AAPL,1736928457024,149.08,40,sell
NVDA,1736928457099,500.31,3,buy
SPY,1736928458236,399.31,6,sell
TSLA,1736928460348,195.04,62,buy
AAPL,1736928460446,151.84,87,buy
SPY,1736928461296,399.49,91,sell
AAPL,1736928461348,151.61,65,buy
TSLA,1736928461512,198.81,70,buy
AAPL,1736928462241,151.28,31,sell
SPY,1736928465185,399.69,97,buy
NVDA,1736928465657,502.72,96,sell
TSLA,1736928465753,198.53,85,buy
NVDA,1736928466021,499.21,13,buy
AAPL,1736928466629,152.01,98,sell
NVDA,1736928467376,502.59,68,buy
SPY,1736928467910,399.25,62,buy
NVDA,1736928468881,498.63,55,buy
AAPL,1736928469715,150.79,8,buy
AAPL,1736928469914,151.26,66,buy
SPY,1736928472007,399.48,23,sell
MSFT,1736928472804,300.8,25,buy
TSLA,1736928473359,196.19,28,sell
NVDA,1736928473852,499.59,93,sell
SPY,1736928475540,400.87,4,buy
MSFT,1736928476371,299.34,26,sell
SPY,1736928477503,399.53,51,sell
AAPL,1736928477962,149.83,63,buy
NVDA,1736928478132,499.82,28,sell
MSFT,1736928479918,297.25,41,sell
AAPL,1736928480063,152.08,98,buy
TSLA,1736928480101,198.53,12,sell
AAPL,1736928481421,151.29,11,buy
MSFT,1736928482353,300.32,27,buy
NVDA,1736928482546,501.9,4,sell
TSLA,1736928483652,195.5,60,buy
MSFT,1736928484708,301.63,58,buy
AAPL,1736928484744,152.15,79,sell
NVDA,1736928484963,501.8,55,sell
MSFT,1736928485609,297.71,6,sell
TSLA,1736928486249,194.76,29,sell
NVDA,1736928486882,501.68,69,buy
MSFT,1736928487274,297.74,47,buy
MSFT,1736928487778,298.89,87,sell
NVDA,1736928488324,502.69,35,buy
MSFT,1736928488755,297.42,62,sell
TSLA,1736928488974,198.32,96,buy
NVDA,1736928490097,499.13,7,sell
NVDA,1736928490100,502.81,81,sell
NVDA,1736928490300,502.85,72,buy
NVDA,1736928491262,502.12,10,buy
NVDA,1736928491281,499.59,69,buy
SPY,1736928491448,399.4,22,buy
AAPL,1736928491671,149.99,10,sell
MSFT,1736928491843,297.82,41,buy
NVDA,1736928491969,502.82,64,buy
TSLA,1736928492240,198.25,68,sell
MSFT,1736928494322,298.59,20,buy
SPY,1736928494354,400.43,46,buy
AAPL,1736928494874,151.95,88,sell
TSLA,1736928495251,198.54,3,buy
MSFT,1736928495299,300.37,42,buy
NVDA,1736928495876,500.04,75,buy
AAPL,1736928495907,151.4,22,sell
AAPL,1736928497784,150.97,79,buy
NVDA,1736928499524,502.7,47,sell
TSLA,1736928499784,195.46,95,buy
TSLA,1736928500163,194.0,28,buy
TSLA,1736928502153,198.1,4,sell
MSFT,1736928502682,301.45,99,sell
TSLA,1736928502889,196.03,27,buy
TSLA,1736928503669,196.58,75,buy
AAPL,1736928503834,150.8,58,buy
AAPL,1736928504285,150.09,59,buy
TSLA,1736928506120,195.19,80,sell
AAPL,1736928506251,152.39,25,buy
SPY,1736928506477,399.25,100,sell
TSLA,1736928506553,193.88,61,sell
SPY,1736928507505,399.37,83,buy
TSLA,1736928507984,194.84,56,sell
AAPL,1736928510029,152.43,22,sell
MSFT,1736928510477,297.84,24,buy
NVDA,1736928511106,500.59,45,buy
NVDA,1736928511343,500.92,55,buy
NVDA,1736928512783,499.69,88,sell
MSFT,1736928513359,300.35,44,sell
NVDA,1736928514297,501.64,31,sell
TSLA,1736928516118,196.07,23,buy
TSLA,1736928517859,198.51,12,buy
TSLA,1736928518143,195.88,29,sell
AAPL,1736928518526,152.83,42,buy
NVDA,1736928518577,499.21,22,sell
MSFT,1736928521232,297.51,16,sell
TSLA,1736928522509,199.23,39,buy
TSLA,1736928522648,200.38,69,sell
SPY,1736928524472,400.25,81,sell
TSLA,1736928525634,198.74,94,sell
SPY,1736928525640,399.73,70,buy
SPY,1736928525706,399.85,83,buy
TSLA,1736928525988,195.54,57,buy
NVDA,1736928526155,501.5,64,sell
AAPL,1736928526412,152.73,68,buy
SPY,1736928526863,399.72,5,buy
NVDA,1736928527281,501.49,60,buy
NVDA,1736928527681,501.48,59,sell
MSFT,1736928528262,300.88,52,buy
NVDA,1736928528809,503.23,76,buy
SPY,1736928529035,401.73,100,buy
AAPL,1736928531175,149.61,96,sell
NVDA,1736928532408,502.15,70,sell
NVDA,1736928535408,502.61,19,sell
SPY,1736928536602,399.69,60,sell
AAPL,1736928537977,152.5,7,buy
SPY,1736928539926,401.34,4,sell
MSFT,1736928542352,299.03,96,buy
TSLA,1736928542376,197.28,5,buy
SPY,1736928543649,399.25,7,sell
AAPL,1736928543934,151.88,77,buy
MSFT,1736928544356,300.08,69,sell
TSLA,1736928544520,198.96,11,buy
AAPL,1736928544940,151.8,80,buy
MSFT,1736928545367,297.54,3,sell
AAPL,1736928547280,150.39,8,sell
SPY,1736928548023,399.23,13,sell
SPY,1736928548477,401.16,66,sell
AAPL,1736928550107,151.94,3,buy
TSLA,1736928550324,198.59,18,buy
TSLA,1736928551876,195.09,15,sell
MSFT,1736928551890,299.77,2,sell
TSLA,1736928552133,199.12,28,sell
AAPL,1736928552297,152.64,10,buy
AAPL,1736928553911,149.91,38,sell
SPY,1736928554765,400.59,36,sell
NVDA,1736928554943,501.92,15,buy
TSLA,1736928555439,195.12,49,buy
SPY,1736928557097,401.4,26,buy
TSLA,1736928558521,195.15,55,buy
TSLA,1736928558530,194.97,91,buy
AAPL,1736928558828,149.52,5,buy
NVDA,1736928559705,499.7,18,buy
NVDA,1736928559922,501.62,23,buy
NVDA,1736928560005,500.66,27,sell
NVDA,1736928560236,498.66,22,buy
MSFT,1736928562937,297.35,92,sell
NVDA,1736928563277,501.17,47,sell
TSLA,1736928565651,198.92,15,sell
AAPL,1736928565660,149.74,67,sell
MSFT,1736928565845,299.26,90,buy
NVDA,1736928566310,500.84,100,sell
AAPL,1736928567022,149.97,39,buy
SPY,1736928567424,399.89,73,sell
AAPL,1736928567450,152.31,85,sell
SPY,1736928568032,401.23,20,buy
TSLA,1736928568814,198.62,89,buy
TSLA,1736928569442,199.21,44,buy
AAPL,1736928570757,152.58,95,sell
NVDA,1736928571317,500.72,28,buy
AAPL,1736928573886,149.7,3,sell
SPY,1736928576288,399.39,27,sell
TSLA,1736928577262,195.29,93,sell
NVDA,1736928577525,501.23,87,sell
NVDA,1736928577656,502.77,44,buy
AAPL,1736928578106,151.34,24,sell
NVDA,1736928579138,500.36,13,buy
TSLA,1736928580001,194.04,21,sell
TSLA,1736928580084,198.95,34,sell
SPY,1736928580296,400.34,75,buy
AAPL,1736928581207,149.94,61,sell
NVDA,1736928583386,500.59,2,buy
AAPL,1736928584322,151.6,51,sell
NVDA,1736928585061,500.57,11,sell
SPY,1736928585683,401.61,87,buy
MSFT,1736928585688,299.03,1,sell
SPY,1736928585736,400.54,85,buy
AAPL,1736928585981,151.54,54,buy
SPY,1736928586979,399.33,30,sell
SPY,1736928587218,399.52,37,sell
TSLA,1736928587587,198.34,23,sell
SPY,1736928587789,399.56,80,buy
TSLA,1736928588160,195.48,91,buy
MSFT,1736928591132,301.82,49,sell
TSLA,1736928591702,198.54,42,buy
SPY,1736928592033,399.77,36,buy
MSFT,1736928592125,299.09,4,sell
TSLA,1736928594210,199.96,16,buy
NVDA,1736928594406,501.84,16,sell
NVDA,1736928598102,502.25,86,buy
SPY,1736928598694,400.64,47,buy
SPY,1736928599369,399.64,95,sell
TSLA,1736928599409,195.69,70,buy
AAPL,1736928601011,151.26,57,sell
NVDA,1736928601804,499.85,97,sell
AAPL,1736928602318,150.43,44,sell
AAPL,1736928603321,150.64,59,sell
TSLA,1736928605462,198.87,51,buy
SPY,1736928605752,400.81,81,sell
AAPL,1736928605997,153.22,56,sell
AAPL,1736928606030,150.97,31,buy
TSLA,1736928606336,199.32,32,buy
AAPL,1736928606806,149.41,27,buy
AAPL,1736928608975,149.74,73,sell
NVDA,1736928609828,499.19,90,sell
NVDA,1736928609830,499.59,15,sell
NVDA,1736928610952,499.4,83,buy
SPY,1736928611895,399.61,46,sell
AAPL,1736928611951,150.53,74,sell
NVDA,1736928612035,503.9,87,sell
MSFT,1736928613150,296.79,11,sell
AAPL,1736928614215,149.36,82,sell
NVDA,1736928615320,499.61,92,buy
MSFT,1736928615901,299.02,25,sell
MSFT,1736928620208,299.38,33,sell
MSFT,1736928621584,299.65,7,buy
TSLA,1736928621790,197.97,30,buy
AAPL,1736928624576,151.23,83,buy
NVDA,1736928624592,500.59,23,sell
NVDA,1736928624834,503.54,13,sell
TSLA,1736928625154,196.38,13,buy
SPY,1736928626731,399.76,55,buy
AAPL,1736928626838,152.23,65,sell
NVDA,1736928627073,500.14,32,buy
AAPL,1736928627861,151.66,97,sell
NVDA,1736928627928,503.62,16,buy
TSLA,1736928628217,198.15,52,sell
TSLA,1736928630110,199.7,26,buy
TSLA,1736928630796,196.15,20,buy
MSFT,1736928631315,299.07,94,buy
NVDA,1736928632404,502.67,62,sell
SPY,1736928633128,400.86,25,sell
AAPL,1736928633578,150.51,10,sell
SPY,1736928633781,401.19,53,buy
TSLA,1736928634028,200.15,2,buy
MSFT,1736928634035,298.57,27,buy
MSFT,1736928634316,298.82,55,sell
AAPL,1736928635223,151.22,45,sell
AAPL,1736928635814,152.4,42,sell
TSLA,1736928636138,198.12,55,sell
NVDA,1736928636319,499.27,50,sell
AAPL,1736928637168,151.3,52,sell
SPY,1736928637453,399.47,66,buy
AAPL,1736928638446,150.41,72,sell
MSFT,1736928639615,298.65,58,buy
MSFT,1736928640226,297.56,78,buy
MSFT,1736928640854,298.4,41,sell
AAPL,1736928641219,149.95,2,buy
SPY,1736928642668,399.23,5,buy
MSFT,1736928643382,303.06,28,sell
NVDA,1736928644252,500.27,16,buy
TSLA,1736928644288,199.17,43,buy
TSLA,1736928646058,194.75,42,buy
MSFT,1736928647002,302.9,13,sell
SPY,1736928648632,399.23,3,sell
NVDA,1736928649252,499.67,66,sell
NVDA,1736928649313,502.13,8,sell
SPY,1736928650220,401.4,80,sell
NVDA,1736928650850,501.37,20,buy
SPY,1736928651532,399.83,9,sell
AAPL,1736928655005,150.41,49,sell
MSFT,1736928655583,298.8,16,buy
SPY,1736928655687,400.56,66,buy
SPY,1736928657557,400.78,8,buy
NVDA,1736928657621,501.5,83,sell
TSLA,1736928660070,197.98,97,buy
TSLA,1736928660195,198.14,95,sell
NVDA,1736928660407,499.35,24,buy
SPY,1736928661414,400.14,59,sell
AAPL,1736928661506,151.2,4,buy
MSFT,1736928661627,297.65,86,sell
SPY,1736928662345,400.69,56,sell
AAPL,1736928663198,150.16,81,buy
AAPL,1736928663608,150.89,48,buy
NVDA,1736928665281,498.82,31,sell
SPY,1736928668132,399.4,81,buy
TSLA,1736928668710,195.44,35,buy
SPY,1736928669107,399.85,45,buy
MSFT,1736928669882,299.09,21,buy
NVDA,1736928671614,501.83,66,sell
AAPL,1736928672409,151.75,10,sell
TSLA,1736928672441,200.18,58,buy
SPY,1736928672938,399.03,89,sell
AAPL,1736928673256,149.38,7,buy
AAPL,1736928675159,152.13,25,sell
TSLA,1736928675202,198.11,88,buy
AAPL,1736928675613,149.85,63,buy
SPY,1736928677037,399.81,15,buy
TSLA,1736928677078,195.18,50,buy
MSFT,1736928678265,297.37,95,sell
TSLA,1736928679081,193.56,46,sell
MSFT,1736928680275,302.85,70,buy
TSLA,1736928680906,200.18,90,sell
NVDA,1736928681250,500.38,62,buy
TSLA,1736928681996,194.71,39,buy
NVDA,1736928682358,499.32,84,buy
AAPL,1736928682483,153.08,84,buy
SPY,1736928682782,399.19,8,buy
NVDA,1736928682872,503.61,15,sell
TSLA,1736928684852,199.55,52,sell
AAPL,1736928685364,150.2,23,sell
NVDA,1736928685649,500.86,16,buy
SPY,1736928686205,399.87,58,buy
TSLA,1736928687301,200.12,83,buy
MSFT,1736928687828,301.54,47,buy
NVDA,1736928687886,499.71,19,buy
TSLA,1736928688739,195.93,2,sell
TSLA,1736928689931,194.5,5,sell
SPY,1736928691229,399.74,69,buy
TSLA,1736928691882,198.84,60,sell
MSFT,1736928691902,299.79,25,buy
TSLA,1736928692051,198.82,31,buy
TSLA,1736928692381,200.02,98,sell
SPY,1736928693218,399.14,26,buy
MSFT,1736928693398,298.86,79,sell
SPY,1736928695612,401.72,18,sell
MSFT,1736928695825,301.96,65,buy
MSFT,1736928696086,299.35,91,buy
MSFT,1736928696157,303.08,59,sell
SPY,1736928697019,400.97,23,buy
SPY,1736928698213,399.74,95,sell
SPY,1736928698797,399.64,90,sell
NVDA,1736928699218,499.67,1,sell
AAPL,1736928700381,152.2,16,buy
TSLA,1736928701076,196.22,16,buy
NVDA,1736928701212,499.8,93,sell
TSLA,1736928702232,198.02,93,buy
AAPL,1736928702450,151.67,7,sell
SPY,1736928703421,400.11,14,buy
AAPL,1736928705232,150.6,26,buy
MSFT,1736928706065,296.91,83,buy
MSFT,1736928706336,302.05,5,buy
SPY,1736928706722,401.55,3,sell
AAPL,1736928708523,152.28,19,sell
AAPL,1736928708616,152.57,93,buy
MSFT,1736928710477,301.63,31,buy
TSLA,1736928711931,200.0,9,sell
NVDA,1736928713235,502.43,45,sell
SPY,1736928716337,401.47,23,buy
AAPL,1736928716514,150.3,78,sell
TSLA,1736928717499,195.18,75,sell
MSFT,1736928717576,297.63,12,sell
NVDA,1736928718171,499.91,24,buy
TSLA,1736928718180,195.01,90,buy
TSLA,1736928718586,193.96,75,sell
MSFT,1736928718984,297.0,81,sell
MSFT,1736928719052,300.86,34,sell
MSFT,1736928719978,300.17,36,buy
NVDA,1736928720192,502.68,68,sell
MSFT,1736928721545,299.12,79,buy
AAPL,1736928722005,149.8,72,sell
AAPL,1736928723906,152.39,80,sell
AAPL,1736928726062,151.9,78,buy
NVDA,1736928727018,499.29,96,buy
MSFT,1736928727082,297.42,68,buy
NVDA,1736928727636,500.94,28,buy
NVDA,1736928728344,503.69,13,buy
NVDA,1736928729079,503.48,91,buy
MSFT,1736928729518,301.53,65,buy
TSLA,1736928730255,195.8,40,buy
NVDA,1736928731795,502.37,37,sell
MSFT,1736928732957,302.04,94,buy
NVDA,1736928733708,499.01,61,sell
SPY,1736928733939,400.35,50,sell
NVDA,1736928734540,500.6,21,sell
MSFT,1736928734940,297.21,32,sell
SPY,1736928736553,400.7,91,sell
AAPL,1736928738710,152.37,53,sell
AAPL,1736928739086,152.17,100,sell
MSFT,1736928739495,299.34,20,sell
TSLA,1736928739786,199.14,4,sell
TSLA,1736928740227,198.75,69,buy
SPY,1736928740471,401.81,21,buy
AAPL,1736928740914,152.79,96,buy
NVDA,1736928741974,502.37,31,buy
MSFT,1736928742473,299.19,6,buy
TSLA,1736928742626,195.32,62,buy
SPY,1736928743136,399.85,9,sell
TSLA,1736928744123,195.31,99,buy
SPY,1736928744295,398.8,37,buy
AAPL,1736928746213,150.28,41,sell
TSLA,1736928747232,194.57,69,buy
AAPL,1736928748792,152.8,99,buy
NVDA,1736928749025,502.89,13,sell
SPY,1736928749467,400.53,56,sell
MSFT,1736928749512,299.46,1,buy
SPY,1736928749520,399.75,22,buy
NVDA,1736928749756,502.97,92,buy
MSFT,1736928750431,297.5,14,buy
SPY,1736928751905,399.72,72,buy
TSLA,1736928752385,197.0,42,buy
MSFT,1736928754004,298.25,21,sell
NVDA,1736928756422,501.8,56,buy
TSLA,1736928758011,195.26,5,buy
AAPL,1736928758962,150.54,52,sell
TSLA,1736928759231,199.01,5,sell
AAPL,1736928759517,151.68,72,buy
SPY,1736928761594,399.9,62,sell
TSLA,1736928761754,195.49,59,sell
SPY,1736928762477,399.39,75,buy
NVDA,1736928764076,499.56,91,sell
SPY,1736928765129,399.57,18,buy
AAPL,1736928765559,150.97,9,buy
AAPL,1736928766936,149.98,61,buy
SPY,1736928767539,399.22,25,buy
TSLA,1736928767583,194.45,21,buy
NVDA,1736928768322,502.34,89,sell
TSLA,1736928768872,199.83,53,sell
AAPL,1736928769431,150.8,26,buy
MSFT,1736928770794,299.53,2,buy
AAPL,1736928771022,150.21,66,sell
MSFT,1736928772563,298.96,1,buy
TSLA,1736928772851,200.34,45,sell
NVDA,1736928773605,499.44,67,sell
SPY,1736928775243,399.43,41,buy
TSLA,1736928776191,195.28,90,buy
AAPL,1736928776281,150.95,76,buy
MSFT,1736928776506,296.66,41,buy
NVDA,1736928777153,503.69,18,buy
SPY,1736928778493,400.06,18,buy
AAPL,1736928778896,149.31,40,sell
AAPL,1736928778919,150.04,18,buy
SPY,1736928779362,401.08,63,buy
NVDA,1736928779837,504.19,47,buy
MSFT,1736928781873,301.07,18,buy
TSLA,1736928783248,200.13,70,buy
TSLA,1736928783413,195.06,27,buy
NVDA,1736928783693,498.81,73,buy
MSFT,1736928784569,298.85,79,sell
AAPL,1736928784681,151.91,98,sell
NVDA,1736928787592,499.67,86,buy
AAPL,1736928788296,150.55,35,buy
TSLA,1736928788393,195.21,14,sell
TSLA,1736928788471,198.98,51,sell
SPY,1736928790005,399.33,32,sell
SPY,1736928790229,400.54,22,sell
AAPL,1736928790410,151.88,87,buy
NVDA,1736928790470,501.84,59,sell
SPY,1736928790857,399.63,12,sell
AAPL,1736928790978,151.89,69,buy
TSLA,1736928792006,198.99,54,buy
TSLA,1736928792263,198.87,87,buy
TSLA,1736928792798,194.97,95,buy
NVDA,1736928793955,501.51,99,buy
SPY,1736928794055,401.48,8,buy
NVDA,1736928794187,499.58,9,buy
NVDA,1736928794292,499.99,69,buy
MSFT,1736928796909,299.84,77,buy
AAPL,1736928797158,151.92,88,sell
AAPL,1736928797446,149.28,45,buy
SPY,1736928798274,400.72,36,sell
AAPL,1736928800620,152.14,31,sell
TSLA,1736928801229,195.62,61,sell
NVDA,1736928801312,499.7,78,sell
NVDA,1736928801433,501.13,71,buy
NVDA,1736928801559,502.6,67,buy
NVDA,1736928803159,498.54,26,buy
NVDA,1736928803340,499.51,8,sell
SPY,1736928803924,399.87,11,sell
MSFT,1736928804063,296.61,47,sell
NVDA,1736928804069,501.19,2,buy
TSLA,1736928804377,195.03,14,buy
SPY,1736928804458,399.92,66,buy
MSFT,1736928804747,297.21,72,sell
AAPL,1736928804907,151.92,89,sell
TSLA,1736928805815,198.59,14,sell
NVDA,1736928806065,502.61,70,buy
TSLA,1736928806241,198.64,91,buy
SPY,1736928807414,399.38,68,sell
SPY,1736928807692,399.32,83,buy
MSFT,1736928808516,298.49,94,sell
NVDA,1736928808633,500.41,32,buy
MSFT,1736928808842,297.25,64,buy
TSLA,1736928809070,198.67,43,sell
SPY,1736928809212,399.8,3,sell
NVDA,1736928809360,499.81,57,sell
TSLA,1736928809528,198.46,39,buy
MSFT,1736928809644,297.33,74,buy
MSFT,1736928813317,300.18,50,buy
SPY,1736928813752,399.24,2,buy
NVDA,1736928814004,499.1,67,sell
MSFT,1736928814431,297.35,57,sell
TSLA,1736928817163,199.37,7,buy
AAPL,1736928817599,152.45,45,sell
NVDA,1736928818402,501.17,48,sell
TSLA,1736928818407,195.24,2,buy
NVDA,1736928818881,498.91,96,buy
AAPL,1736928819133,152.03,72,sell
NVDA,1736928819267,501.15,19,buy
NVDA,1736928819376,502.3,3,sell
NVDA,1736928821704,499.54,52,buy
SPY,1736928821955,400.18,50,buy
MSFT,1736928822539,299.05,17,sell
MSFT,1736928822920,301.04,75,buy
MSFT,1736928823511,298.17,3,buy
MSFT,1736928824514,299.99,49,sell
AAPL,1736928826039,151.98,47,buy
AAPL,1736928826082,153.26,72,sell
SPY,1736928828317,401.11,98,sell
SPY,1736928828843,399.45,76,buy
NVDA,1736928829168,500.37,98,buy
AAPL,1736928830222,152.19,38,buy
SPY,1736928831169,401.46,81,sell
MSFT,1736928831681,298.58,52,buy
AAPL,1736928831708,152.7,9,sell
MSFT,1736928832415,300.2,59,sell
AAPL,1736928832685,150.8,34,sell
NVDA,1736928833483,501.57,90,sell
SPY,1736928833493,401.59,89,sell
TSLA,1736928833576,197.63,3,buy
NVDA,1736928834146,498.71,73,sell
AAPL,1736928835496,149.8,89,buy
SPY,1736928835499,399.57,63,buy
SPY,1736928835931,401.16,20,sell
SPY,1736928836419,400.51,41,buy
SPY,1736928836540,401.59,78,sell
SPY,1736928837649,399.23,99,sell
TSLA,1736928837832,200.01,88,buy
TSLA,1736928838718,198.65,17,buy
SPY,1736928839390,400.84,73,buy
SPY,1736928839805,399.38,35,sell
NVDA,1736928839860,501.32,31,buy
AAPL,1736928840012,149.78,49,buy
TSLA,1736928840054,194.5,45,buy
AAPL,1736928840246,150.45,21,sell
AAPL,1736928841761,149.13,75,buy
TSLA,1736928841857,195.03,16,buy
MSFT,1736928843724,297.26,82,sell
TSLA,1736928843746,198.19,47,sell
AAPL,1736928843762,150.19,88,sell
TSLA,1736928844346,198.7,85,buy
AAPL,1736928844532,150.41,21,sell
NVDA,1736928844804,501.06,95,buy
NVDA,1736928845263,499.18,67,buy
AAPL,1736928845567,150.83,70,buy
NVDA,1736928845715,499.75,77,sell
NVDA,1736928846197,502.57,30,buy
MSFT,1736928846379,297.18,18,sell
MSFT,1736928847018,298.92,9,buy
AAPL,1736928847230,151.54,48,sell
SPY,1736928848279,401.33,68,buy
TSLA,1736928848463,198.35,2,sell
TSLA,1736928848570,198.14,21,sell
MSFT,1736928848809,298.85,55,sell
MSFT,1736928849058,298.82,14,buy
SPY,1736928849273,399.44,3,buy
MSFT,1736928850949,301.38,71,buy
TSLA,1736928851327,194.74,66,buy
MSFT,1736928852546,297.12,84,sell
SPY,1736928853570,400.61,42,buy
NVDA,1736928854977,499.65,12,buy
NVDA,1736928855588,500.7,90,sell
AAPL,1736928856885,150.91,22,buy
NVDA,1736928857770,501.91,31,buy
SPY,1736928857888,400.55,15,sell
NVDA,1736928857902,504.06,43,sell
TSLA,1736928858546,198.33,76,buy
MSFT,1736928859188,297.83,27,sell
MSFT,1736928860211,301.08,3,buy
TSLA,1736928860971,198.58,21,buy
SPY,1736928865096,400.04,91,sell
NVDA,1736928866194,499.57,20,buy
AAPL,1736928867706,151.54,26,sell
AAPL,1736928868170,153.02,78,sell
SPY,1736928868290,399.41,68,sell
SPY,1736928868361,400.03,49,buy
TSLA,1736928868928,195.22,23,sell
TSLA,1736928869581,195.55,39,buy
NVDA,1736928869766,500.78,92,sell
NVDA,1736928869906,502.03,58,buy
SPY,1736928870044,400.8,65,sell
MSFT,1736928870693,299.19,28,buy
AAPL,1736928870924,152.28,53,sell
SPY,1736928871607,399.92,31,sell
SPY,1736928872939,399.46,12,sell
SPY,1736928873436,400.63,66,buy
TSLA,1736928874108,195.13,30,sell
TSLA,1736928874274,199.09,8,buy
NVDA,1736928875127,499.57,93,sell
AAPL,1736928876427,149.86,49,sell
MSFT,1736928879045,300.91,24,buy
AAPL,1736928880032,151.0,64,buy
NVDA,1736928881176,500.1,14,sell
AAPL,1736928881406,151.89,1,buy
NVDA,1736928881941,501.92,30,buy
MSFT,1736928882036,299.73,96,buy
SPY,1736928882149,399.68,20,buy
NVDA,1736928882271,503.55,54,sell
MSFT,1736928882678,296.93,82,sell
AAPL,1736928882998,152.58,1,sell
SPY,1736928884473,399.88,86,buy
MSFT,1736928884743,298.91,8,buy
MSFT,1736928885182,298.39,12,sell
TSLA,1736928887149,199.18,50,buy
TSLA,1736928888459,198.75,91,sell
MSFT,1736928889145,300.25,15,sell
AAPL,1736928889650,152.71,88,sell
TSLA,1736928891662,197.06,20,sell
AAPL,1736928893286,151.91,16,sell
AAPL,1736928894753,150.8,46,sell
MSFT,1736928895817,301.52,78,buy
SPY,1736928896212,400.8,71,sell
NVDA,1736928896702,499.08,16,buy
MSFT,1736928897300,298.6,66,buy
MSFT,1736928897720,300.76,86,sell
TSLA,1736928898535,200.19,50,sell
AAPL,1736928899316,151.67,77,sell
SPY,1736928899613,400.79,72,sell
TSLA,1736928899689,195.56,51,buy
NVDA,1736928900438,502.67,32,sell
MSFT,1736928900463,298.08,65,buy
AAPL,1736928900552,151.77,11,sell
AAPL,1736928901068,150.22,73,sell
TSLA,1736928901159,198.94,3,buy
MSFT,1736928901523,299.19,8,buy
NVDA,1736928901785,502.33,85,buy
AAPL,1736928902064,151.02,62,sell
NVDA,1736928902241,501.91,86,buy
MSFT,1736928902572,296.66,4,buy
AAPL,1736928902720,152.26,3,sell
TSLA,1736928904728,198.47,77,buy
SPY,1736928904819,400.09,17,buy
MSFT,1736928904829,297.86,83,buy
NVDA,1736928904906,501.47,61,buy
MSFT,1736928905117,296.97,43,buy
NVDA,1736928906329,501.85,49,buy
TSLA,1736928906892,200.09,75,buy
NVDA,1736928907411,501.47,38,sell
TSLA,1736928908433,198.54,17,sell
MSFT,1736928911442,297.03,94,buy
NVDA,1736928912760,502.28,26,sell
TSLA,1736928913336,195.91,91,sell
TSLA,1736928913860,195.54,39,sell
NVDA,1736928914264,500.47,54,buy
TSLA,1736928914795,200.06,11,buy
NVDA,1736928915642,500.73,44,sell
MSFT,1736928916052,300.29,53,buy
NVDA,1736928916387,501.71,43,sell
TSLA,1736928916629,197.78,97,buy
MSFT,1736928917050,299.28,82,sell
AAPL,1736928918370,152.24,45,buy
SPY,1736928918502,399.52,34,buy
TSLA,1736928919826,198.16,22,sell
AAPL,1736928920512,150.86,38,buy
AAPL,1736928921637,150.04,64,buy
AAPL,1736928922111,150.38,79,buy
MSFT,1736928922921,299.24,99,buy
SPY,1736928924229,400.07,92,buy
MSFT,1736928924935,298.49,28,sell
MSFT,1736928925215,301.04,39,sell
MSFT,1736928925498,297.7,28,buy
SPY,1736928926503,400.38,14,sell
MSFT,1736928926598,301.23,99,buy
NVDA,1736928926929,502.47,1,sell
SPY,1736928927022,399.92,50,buy
NVDA,1736928927279,501.32,33,buy
NVDA,1736928927326,501.73,41,sell
AAPL,1736928927819,152.53,15,buy
TSLA,1736928927865,197.74,47,buy
MSFT,1736928928872,299.42,18,sell
SPY,1736928929255,399.6,70,sell
AAPL,1736928929305,152.99,96,sell
AAPL,1736928929911,152.64,75,sell
AAPL,1736928932215,151.96,93,sell
MSFT,1736928935305,302.27,25,buy
MSFT,1736928935356,299.18,27,sell
NVDA,1736928936312,501.96,11,sell
MSFT,1736928937748,297.91,35,buy
TSLA,1736928938150,199.35,13,buy
AAPL,1736928938811,151.86,58,buy
TSLA,1736928939348,195.78,26,buy
TSLA,1736928939695,198.49,3,buy
MSFT,1736928940594,299.41,25,buy
MSFT,1736928940800,302.9,88,buy
NVDA,1736928941501,502.53,19,buy
MSFT,1736928941980,299.19,28,buy
SPY,1736928942136,399.07,58,sell
TSLA,1736928942465,195.21,72,sell
AAPL,1736928942585,152.19,87,sell
AAPL,1736928942826,151.65,79,buy
MSFT,1736928943255,298.57,37,buy
SPY,1736928943332,400.0,10,buy
SPY,1736928944246,399.2,84,buy
TSLA,1736928944803,194.03,83,buy
TSLA,1736928945133,200.02,51,buy
SPY,1736928945472,399.38,74,buy
MSFT,1736928945952,300.06,11,buy
NVDA,1736928946690,500.39,73,sell
TSLA,1736928946763,199.54,81,buy
SPY,1736928947815,401.56,16,sell
NVDA,1736928948768,502.32,1,buy
NVDA,1736928949608,501.69,1,buy
NVDA,1736928949643,503.32,13,sell
TSLA,1736928950163,197.8,98,sell
NVDA,1736928950221,499.88,8,sell
NVDA,1736928951287,499.24,13,sell
MSFT,1736928953231,298.3,19,sell
NVDA,1736928954262,503.62,39,buy
NVDA,1736928954447,499.68,64,sell
TSLA,1736928955373,197.9,78,buy
MSFT,1736928955796,297.06,63,buy
MSFT,1736928955952,299.4,5,buy
NVDA,1736928956123,503.04,45,buy
SPY,1736928956161,399.24,69,buy
SPY,1736928957064,400.89,46,buy
NVDA,1736928957222,501.76,14,buy
SPY,1736928957476,399.49,83,sell
NVDA,1736928958740,503.39,98,sell
AAPL,1736928958926,151.96,69,buy
MSFT,1736928959864,300.05,43,buy
NVDA,1736928960581,500.52,59,buy
TSLA,1736928960762,196.88,13,sell
TSLA,1736928961505,198.94,42,sell
MSFT,1736928961819,301.13,2,buy
TSLA,1736928961895,197.53,29,buy
MSFT,1736928961973,297.46,100,sell
AAPL,1736928964788,152.1,61,sell
NVDA,1736928965062,499.01,73,sell
MSFT,1736928966241,297.33,46,buy
MSFT,1736928968343,300.17,1,buy
AAPL,1736928969374,151.81,38,sell
MSFT,1736928970401,299.29,19,buy
NVDA,1736928970961,503.25,66,buy
TSLA,1736928971570,195.07,59,buy
TSLA,1736928972474,198.38,89,buy
SPY,1736928972491,399.43,3,buy
NVDA,1736928972520,503.62,69,buy
TSLA,1736928972593,198.86,69,sell
NVDA,1736928972973,501.1,86,buy
MSFT,1736928973486,299.21,76,buy
MSFT,1736928974188,296.72,78,sell
TSLA,1736928974262,195.43,48,buy
SPY,1736928979103,400.34,45,sell
SPY,1736928980729,401.17,19,sell
SPY,1736928982316,399.59,10,sell
SPY,1736928983822,399.54,29,buy
NVDA,1736928984043,501.94,51,sell
AAPL,1736928984050,149.43,55,buy
TSLA,1736928984422,196.94,72,buy
MSFT,1736928985388,303.19,79,buy
AAPL,1736928985760,152.25,66,buy
MSFT,1736928986776,298.22,12,sell
SPY,1736928987037,399.92,67,buy
MSFT,1736928987043,298.88,69,sell
MSFT,1736928987565,299.46,70,sell
MSFT,1736928988117,296.91,86,sell
AAPL,1736928988717,152.5,15,sell
SPY,1736928988963,400.48,78,sell
SPY,1736928989106,400.79,16,buy
NVDA,1736928989862,501.98,96,sell
MSFT,1736928990095,298.8,36,sell
MSFT,1736928990170,298.11,19,buy
AAPL,1736928990772,151.88,89,buy
SPY,1736928991912,398.72,5,buy
TSLA,1736928993423,194.6,62,buy
MSFT,1736928993907,299.06,1,buy
MSFT,1736928994431,300.08,18,sell
MSFT,1736928995426,303.12,48,buy
AAPL,1736928995532,150.1,48,sell
NVDA,1736928995722,502.1,93,sell
NVDA,1736928995727,498.63,1,buy
MSFT,1736928995778,297.11,86,buy
NVDA,1736928995804,499.48,10,sell
MSFT,1736928997733,296.8,29,buy
AAPL,1736928998557,149.42,8,buy
NVDA,1736928998624,499.21,44,sell
NVDA,1736928999012,503.1,47,sell
AAPL,1736929003020,149.31,36,sell
SPY,1736929003643,399.76,59,buy
NVDA,1736929004201,500.48,6,sell
SPY,1736929004476,399.82,53,buy
MSFT,1736929005413,299.1,55,buy
MSFT,1736929006032,303.18,82,sell
MSFT,1736929008397,300.0,88,sell
SPY,1736929010351,400.57,32,sell
SPY,1736929010524,401.24,58,sell
MSFT,1736929011446,299.95,73,buy
AAPL,1736929011769,151.72,21,buy
TSLA,1736929012562,197.28,36,buy
NVDA,1736929012837,503.15,40,sell
MSFT,1736929012971,297.46,73,buy
SPY,1736929013299,399.72,56,buy
MSFT,1736929014031,300.05,67,buy
MSFT,1736929014198,301.42,56,sell
SPY,1736929014549,400.84,14,sell
SPY,1736929014579,398.97,54,buy
SPY,1736929015317,399.84,69,buy
SPY,1736929015979,399.77,97,sell
NVDA,1736929016215,501.05,91,sell
AAPL,1736929016276,150.85,79,sell
SPY,1736929016389,398.74,54,buy
MSFT,1736929017014,298.62,15,buy
AAPL,1736929017726,150.84,75,buy
SPY,1736929018228,400.59,24,buy
NVDA,1736929018546,499.69,2,buy
AAPL,1736929018870,152.18,6,sell
AAPL,1736929019146,152.12,63,buy
AAPL,1736929019544,151.92,28,sell
SPY,1736929019802,399.64,32,buy
AAPL,1736929019939,149.07,1,sell
SPY,1736929020562,399.84,12,sell
TSLA,1736929021436,198.35,89,sell
MSFT,1736929021568,300.1,78,buy
MSFT,1736929023823,299.3,69,buy
TSLA,1736929025684,198.09,46,sell
TSLA,1736929029488,198.43,11,sell
MSFT,1736929031004,303.07,26,sell
NVDA,1736929031370,499.44,4,sell
TSLA,1736929031541,194.95,57,sell
AAPL,1736929031592,151.16,39,sell
TSLA,1736929032535,197.92,50,buy
AAPL,1736929032754,149.53,18,buy
NVDA,1736929033112,502.65,32,buy
TSLA,1736929033455,195.16,6,sell
TSLA,1736929033564,198.27,81,sell
MSFT,1736929033632,296.84,24,sell
TSLA,1736929034325,195.53,75,buy
SPY,1736929034695,400.49,82,buy
AAPL,1736929036444,152.12,36,sell
MSFT,1736929036644,298.8,39,buy
NVDA,1736929037479,501.53,29,buy
MSFT,1736929038528,298.61,87,sell
TSLA,1736929038809,193.68,11,sell
AAPL,1736929039561,151.94,60,buy
MSFT,1736929040089,298.34,85,buy
NVDA,1736929040525,500.41,74,sell
TSLA,1736929042530,198.69,80,sell
AAPL,1736929042635,150.37,27,buy
SPY,1736929042947,401.19,69,sell
AAPL,1736929043781,153.14,86,sell
SPY,1736929044036,399.46,27,sell
AAPL,1736929044755,152.47,8,buy
SPY,1736929045333,401.32,12,sell
MSFT,1736929045480,297.18,26,sell
MSFT,1736929046278,297.29,14,sell
MSFT,1736929046784,298.21,53,sell
SPY,1736929046911,399.21,60,sell
TSLA,1736929047075,195.92,34,buy
MSFT,1736929048544,297.63,31,sell
AAPL,1736929048739,151.8,20,sell
AAPL,1736929048812,152.14,43,sell
TSLA,1736929048888,193.17,55,buy
SPY,1736929049255,401.24,53,buy
AAPL,1736929049527,152.01,84,sell
MSFT,1736929050189,297.43,5,buy
NVDA,1736929050293,501.84,83,sell
NVDA,1736929050356,502.22,17,buy
MSFT,1736929051996,299.33,50,buy
SPY,1736929053120,399.54,7,sell
MSFT,1736929053705,300.07,47,buy
NVDA,1736929055137,498.81,51,sell
MSFT,1736929055434,298.55,72,sell
NVDA,1736929056708,501.02,98,sell
TSLA,1736929057222,197.7,50,buy
NVDA,1736929057495,501.98,20,sell
SPY,1736929057777,400.88,48,buy
TSLA,1736929057980,196.41,44,sell
SPY,1736929058290,399.12,100,buy
TSLA,1736929058461,199.46,96,buy
TSLA,1736929058809,198.12,100,sell
MSFT,1736929060335,298.67,21,buy
MSFT,1736929060571,300.34,33,sell
AAPL,1736929060744,152.65,28,sell
TSLA,1736929061738,197.03,78,sell
SPY,1736929061852,401.15,94,buy
SPY,1736929062043,400.76,80,sell
TSLA,1736929063192,195.08,100,buy
TSLA,1736929063322,194.74,97,sell
TSLA,1736929063451,197.14,52,buy
MSFT,1736929064386,298.09,68,sell
NVDA,1736929064503,503.4,48,buy
AAPL,1736929067314,151.71,16,sell
AAPL,1736929067564,152.13,94,sell
MSFT,1736929067586,297.4,55,buy
NVDA,1736929067775,502.37,25,sell
TSLA,1736929068458,193.58,8,buy
MSFT,1736929068629,301.39,33,buy
AAPL,1736929070891,150.28,26,buy
SPY,1736929071681,399.42,64,sell
TSLA,1736929071857,198.88,95,buy
NVDA,1736929072061,499.17,63,sell
SPY,1736929075353,401.42,2,buy
TSLA,1736929075355,199.39,11,sell
SPY,1736929075981,401.41,20,sell
SPY,1736929076399,399.01,93,sell
TSLA,1736929076547,198.03,97,buy
SPY,1736929076620,400.6,19,buy
AAPL,1736929077487,149.83,49,buy
SPY,1736929078413,399.57,6,sell
NVDA,1736929079034,503.52,82,buy
NVDA,1736929079507,499.84,28,sell
SPY,1736929079852,399.04,59,sell
MSFT,1736929080155,297.32,27,sell
TSLA,1736929080739,193.74,39,buy
NVDA,1736929081546,501.89,9,sell
NVDA,1736929081776,500.78,86,buy
MSFT,1736929081851,298.56,85,buy
SPY,1736929082895,400.76,9,sell
AAPL,1736929084212,149.2,29,sell
NVDA,1736929084769,502.94,67,buy
SPY,1736929085980,399.53,23,sell
TSLA,1736929086940,195.08,56,sell
SPY,1736929087406,399.93,4,sell
TSLA,1736929087422,195.21,89,buy
TSLA,1736929089591,198.48,25,buy
MSFT,1736929090132,299.15,22,buy
AAPL,1736929090201,150.52,34,sell
MSFT,1736929090332,296.6,45,buy
TSLA,1736929091822,199.58,71,buy
AAPL,1736929091828,150.19,11,sell
SPY,1736929092161,401.22,81,sell
AAPL,1736929092263,152.0,26,buy
NVDA,1736929092477,498.63,41,sell
NVDA,1736929092665,499.33,21,sell
MSFT,1736929093816,301.64,92,buy
SPY,1736929093901,400.71,97,buy
AAPL,1736929095122,150.48,42,sell
TSLA,1736929095220,195.24,13,buy
TSLA,1736929096357,197.72,53,sell
SPY,1736929097370,400.79,80,buy
AAPL,1736929098460,152.2,84,buy
SPY,1736929098910,400.63,4,buy
NVDA,1736929101164,500.76,46,sell
SPY,1736929101715,399.13,59,sell
MSFT,1736929101865,299.6,54,sell
SPY,1736929102133,399.69,89,buy
TSLA,1736929102984,195.6,12,buy
MSFT,1736929103149,297.21,90,buy
SPY,1736929104075,398.81,38,buy
AAPL,1736929104575,150.9,46,buy
TSLA,1736929105202,198.26,29,sell
AAPL,1736929105562,150.52,22,buy
SPY,1736929105925,400.54,53,sell
SPY,1736929107620,399.7,76,sell
MSFT,1736929107861,297.3,23,buy
MSFT,1736929108038,296.59,18,sell
SPY,1736929108212,399.28,57,buy
AAPL,1736929109602,149.52,55,buy
TSLA,1736929109734,195.43,25,sell
NVDA,1736929109986,504.0,56,buy
MSFT,1736929110027,297.52,55,sell
TSLA,1736929111230,195.02,82,sell
SPY,1736929111348,399.38,53,sell
NVDA,1736929111755,500.4,65,buy
NVDA,1736929112920,501.47,75,sell
MSFT,1736929113793,299.92,71,buy
NVDA,1736929114245,501.4,94,buy
AAPL,1736929116578,151.4,2,sell
TSLA,1736929118037,200.47,11,sell
NVDA,1736929118181,501.74,4,buy
NVDA,1736929118248,499.95,61,sell
AAPL,1736929118970,152.74,12,sell
NVDA,1736929119299,501.18,7,sell
NVDA,1736929119343,503.73,46,sell
SPY,1736929119585,401.25,16,buy
NVDA,1736929119651,499.61,90,buy
MSFT,1736929121972,301.96,1,buy
NVDA,1736929122931,498.65,71,sell
NVDA,1736929123357,499.84,70,sell
TSLA,1736929124209,198.56,65,buy
NVDA,1736929125798,502.54,99,sell
MSFT,1736929125822,301.55,99,buy
AAPL,1736929126427,149.71,90,buy
SPY,1736929127346,400.55,1,buy
NVDA,1736929128151,500.59,85,sell
TSLA,1736929128306,196.32,55,sell
MSFT,1736929128496,303.09,37,buy
MSFT,1736929128666,300.21,69,sell
SPY,1736929128870,401.87,31,sell
AAPL,1736929131455,150.57,17,sell
TSLA,1736929131754,194.67,82,sell
SPY,1736929133041,400.17,43,sell
TSLA,1736929133379,195.46,7,buy
SPY,1736929135055,401.58,13,sell
AAPL,1736929135134,150.38,96,sell
SPY,1736929135936,399.66,75,sell
MSFT,1736929136044,299.32,88,buy
AAPL,1736929137048,150.03,8,sell
NVDA,1736929137279,502.26,21,sell
SPY,1736929144114,400.13,100,buy
AAPL,1736929144440,150.67,30,sell
AAPL,1736929144847,149.22,2,buy
SPY,1736929145118,400.98,45,buy
NVDA,1736929145599,499.17,56,buy
NVDA,1736929145709,501.58,43,buy
AAPL,1736929146499,149.43,17,sell
NVDA,1736929147753,500.61,89,sell
MSFT,1736929148096,298.4,17,buy
SPY,1736929148252,401.63,41,sell
MSFT,1736929148854,299.5,23,buy
NVDA,1736929149321,499.24,42,sell
NVDA,1736929149995,500.35,56,sell
NVDA,1736929150268,499.01,7,buy
AAPL,1736929150451,152.24,17,buy
SPY,1736929150749,400.0,1,sell
AAPL,1736929151115,150.77,61,sell
NVDA,1736929151527,501.84,29,buy
TSLA,1736929151872,198.93,95,buy
SPY,1736929151880,401.09,94,sell
MSFT,1736929152245,301.1,19,buy
TSLA,1736929152612,195.57,35,buy
SPY,1736929155703,399.69,11,sell
NVDA,1736929155707,501.81,100,buy
NVDA,1736929156470,502.24,88,sell
SPY,1736929156749,400.15,88,buy
TSLA,1736929156772,195.57,92,buy
AAPL,1736929157696,151.83,48,buy
AAPL,1736929157719,151.24,40,sell
AAPL,1736929158325,150.8,62,buy
AAPL,1736929158442,150.9,1,sell
AAPL,1736929158690,150.57,22,buy
AAPL,1736929159092,152.59,8,sell
AAPL,1736929159710,149.82,88,sell
AAPL,1736929160118,151.92,20,buy
TSLA,1736929160384,194.87,25,sell
AAPL,1736929161172,149.42,69,sell
SPY,1736929161331,399.21,79,sell
MSFT,1736929161363,299.04,40,buy
NVDA,1736929163152,502.53,62,sell
NVDA,1736929163463,500.51,59,buy
TSLA,1736929164007,194.05,55,buy
AAPL,1736929164492,150.05,5,sell
MSFT,1736929164842,299.68,66,sell
MSFT,1736929166328,300.11,18,sell
NVDA,1736929166748,503.55,4,buy
TSLA,1736929167305,195.25,65,buy
AAPL,1736929168030,152.64,24,buy
AAPL,1736929169709,152.02,34,buy
AAPL,1736929170854,151.57,27,sell
MSFT,1736929171414,299.08,97,buy
MSFT,1736929173182,297.54,67,buy
SPY,1736929173324,400.9,93,buy
AAPL,1736929173460,150.38,77,sell
MSFT,1736929174550,301.8,98,buy
NVDA,1736929176294,499.63,40,buy
SPY,1736929176315,400.06,95,sell
SPY,1736929178849,399.84,91,sell
SPY,1736929179177,400.78,54,buy
AAPL,1736929179640,152.25,90,buy
MSFT,1736929180568,297.08,57,sell
SPY,1736929180979,401.49,74,buy
AAPL,1736929181249,152.27,7,sell
TSLA,1736929182453,194.21,1,buy
SPY,1736929182876,400.18,49,buy
SPY,1736929183023,399.2,2,buy
TSLA,1736929183238,195.6,56,buy
AAPL,1736929183473,150.1,13,sell
MSFT,1736929183892,300.82,8,sell
TSLA,1736929184125,193.63,69,sell
NVDA,1736929184475,499.08,55,buy
AAPL,1736929185609,150.49,49,buy
AAPL,1736929185850,152.25,5,sell
NVDA,1736929187448,500.6,14,buy
SPY,1736929187741,400.91,83,buy
SPY,1736929188270,400.35,92,buy
AAPL,1736929190253,153.23,56,sell
NVDA,1736929190297,502.78,35,buy
TSLA,1736929190729,199.49,19,sell
MSFT,1736929192460,298.16,35,sell
MSFT,1736929192824,298.91,34,sell
SPY,1736929193558,398.91,65,buy
AAPL,1736929194763,152.02,32,sell
MSFT,1736929194939,299.1,34,sell
NVDA,1736929195741,501.77,62,buy
MSFT,1736929195920,301.44,34,buy
SPY,1736929196681,399.28,15,buy
AAPL,1736929197429,152.27,71,sell
SPY,1736929197547,399.3,66,buy
MSFT,1736929197923,298.41,91,buy
MSFT,1736929199182,296.79,86,sell
NVDA,1736929199999,500.88,26,buy
SPY,1736929200748,400.87,12,sell
NVDA,1736929200969,501.57,94,buy
NVDA,1736929201714,500.49,17,sell
AAPL,1736929202221,149.74,43,sell
TSLA,1736929202224,194.99,84,buy
AAPL,1736929202285,152.73,27,sell
TSLA,1736929202431,195.71,61,sell
MSFT,1736929202614,297.18,71,buy
SPY,1736929203463,398.93,12,buy
NVDA,1736929204118,502.25,28,sell
SPY,1736929204235,400.52,4,sell
SPY,1736929205424,400.47,63,buy
AAPL,1736929206523,151.83,19,sell
TSLA,1736929207374,198.5,29,buy
MSFT,1736929207808,298.86,54,sell
TSLA,1736929208719,199.12,89,sell
TSLA,1736929208783,198.45,8,sell
MSFT,1736929210240,297.69,16,sell
TSLA,1736929210925,195.36,75,sell
NVDA,1736929212067,500.44,90,sell
AAPL,1736929212132,151.87,77,buy
MSFT,1736929212557,300.21,41,sell
NVDA,1736929212662,504.2,59,buy
AAPL,1736929212988,152.12,77,buy
MSFT,1736929216570,299.18,60,buy
MSFT,1736929216638,302.65,45,sell
SPY,1736929216874,398.79,62,sell
NVDA,1736929217496,502.86,2,buy
AAPL,1736929217782,150.09,13,sell
MSFT,1736929218144,298.58,78,sell
MSFT,1736929219583,302.04,41,buy
TSLA,1736929219828,200.23,56,sell
NVDA,1736929220133,500.37,19,sell
NVDA,1736929220181,499.7,90,buy
MSFT,1736929221038,301.03,58,buy
MSFT,1736929221530,299.09,75,sell
SPY,1736929221987,400.43,29,buy
MSFT,1736929222242,296.67,39,buy
AAPL,1736929222738,150.47,56,sell
TSLA,1736929223816,193.22,86,buy
TSLA,1736929224527,197.94,41,buy
NVDA,1736929224621,500.58,48,sell
TSLA,1736929225284,198.88,47,buy
MSFT,1736929225570,297.02,91,buy
TSLA,1736929226403,198.25,18,sell
SPY,1736929226455,399.56,74,sell
NVDA,1736929226750,501.84,11,buy
MSFT,1736929228973,299.61,87,buy
NVDA,1736929229031,502.88,37,buy
TSLA,1736929229575,194.47,61,sell
TSLA,1736929229576,200.05,44,buy
NVDA,1736929229581,499.6,33,buy
NVDA,1736929230435,501.98,8,buy
AAPL,1736929230950,149.5,96,buy
AAPL,1736929231649,153.08,64,sell
SPY,1736929231653,399.08,20,sell
TSLA,1736929232832,197.21,56,sell
TSLA,1736929234595,193.2,51,sell
SPY,1736929236154,400.91,32,buy
AAPL,1736929238665,151.4,65,buy
AAPL,1736929238828,152.61,80,buy
MSFT,1736929239212,301.42,25,sell
SPY,1736929239449,399.64,56,buy
TSLA,1736929240213,199.35,38,sell
NVDA,1736929240345,502.66,32,sell
NVDA,1736929241045,499.51,61,buy
NVDA,1736929241349,501.39,21,buy
SPY,1736929242165,401.38,64,sell
TSLA,1736929242656,197.71,29,buy
MSFT,1736929243265,299.21,58,buy
MSFT,1736929244297,299.2,7,buy
TSLA,1736929245063,195.5,9,buy
MSFT,1736929245090,296.98,20,sell
SPY,1736929245826,399.89,20,buy
NVDA,1736929246572,499.45,90,buy
AAPL,1736929247096,149.85,31,sell
AAPL,1736929247358,151.89,31,sell
AAPL,1736929247966,152.07,48,sell
AAPL,1736929248984,151.7,68,buy
NVDA,1736929249051,500.44,80,buy
AAPL,1736929249754,152.43,94,buy
TSLA,1736929250083,197.18,3,buy
AAPL,1736929250318,149.38,42,buy
NVDA,1736929250424,501.41,72,sell
SPY,1736929250566,399.63,60,buy
AAPL,1736929253248,150.53,34,sell
SPY,1736929253390,401.08,34,sell
TSLA,1736929254153,195.49,34,sell
MSFT,1736929254652,296.74,65,sell
NVDA,1736929254688,501.81,58,sell
MSFT,1736929255054,297.78,16,buy
AAPL,1736929255755,151.67,87,buy
AAPL,1736929256684,153.08,6,sell
AAPL,1736929258490,150.83,16,sell
SPY,1736929259902,399.18,23,buy
NVDA,1736929260742,502.69,66,sell
MSFT,1736929263124,298.59,48,buy
SPY,1736929263650,400.74,10,buy
AAPL,1736929263787,149.53,6,buy
SPY,1736929264406,399.77,18,buy
SPY,1736929264753,400.43,100,buy
NVDA,1736929264781,501.41,3,buy
MSFT,1736929264889,298.49,1,sell
NVDA,1736929266029,501.61,37,buy
AAPL,1736929267366,152.69,66,buy
AAPL,1736929268078,153.24,87,sell
AAPL,1736929268537,151.22,56,sell
SPY,1736929270405,400.55,85,sell
AAPL,1736929270573,149.21,68,buy
AAPL,1736929272169,151.5,53,sell
MSFT,1736929272731,298.89,91,buy
AAPL,1736929273646,151.89,63,buy
NVDA,1736929274331,502.74,65,sell
TSLA,1736929274508,199.2,26,buy
SPY,1736929274949,399.03,17,sell
TSLA,1736929275061,194.97,65,buy
MSFT,1736929276870,301.86,82,buy
AAPL,1736929278356,151.76,58,buy
MSFT,1736929278652,297.61,80,buy
TSLA,1736929278680,198.41,31,buy
MSFT,1736929279788,299.2,26,sell
MSFT,1736929280830,298.69,86,buy
TSLA,1736929281338,198.48,52,buy
SPY,1736929281870,399.81,24,sell
MSFT,1736929282172,298.9,87,sell
TSLA,1736929282743,195.17,4,sell
AAPL,1736929284643,152.68,62,buy
AAPL,1736929285921,151.83,4,buy
SPY,1736929287361,400.48,65,buy
TSLA,1736929292235,196.05,85,buy
AAPL,1736929294465,151.21,65,buy
MSFT,1736929294575,298.76,100,buy
NVDA,1736929295504,503.53,94,buy
SPY,1736929297631,401.0,25,buy
AAPL,1736929297878,149.93,86,buy
AAPL,1736929298133,152.44,54,buy
MSFT,1736929299328,300.41,89,sell
SPY,1736929299606,400.63,12,sell
TSLA,1736929300045,195.18,96,buy
AAPL,1736929300643,152.51,9,buy
NVDA,1736929300851,498.93,12,buy
TSLA,1736929302382,195.55,51,buy
MSFT,1736929302433,300.85,50,sell
NVDA,1736929302514,499.45,8,sell
NVDA,1736929304227,500.5,59,buy
AAPL,1736929304258,152.0,55,buy
TSLA,1736929304435,194.69,100,sell
NVDA,1736929308469,501.77,97,buy
TSLA,1736929310300,197.88,49,sell
SPY,1736929310737,401.05,55,buy
MSFT,1736929312310,302.63,49,buy
SPY,1736929312364,399.8,12,buy
NVDA,1736929312956,502.76,36,buy
AAPL,1736929313771,152.33,78,sell
MSFT,1736929314435,299.11,48,sell
TSLA,1736929315155,198.47,91,sell
MSFT,1736929315419,298.71,64,buy
TSLA,1736929315978,199.95,43,buy
MSFT,1736929316036,301.96,37,sell
TSLA,1736929316180,198.46,19,buy
TSLA,1736929318161,194.0,86,sell
MSFT,1736929319330,299.85,4,buy
SPY,1736929319869,399.58,70,sell
AAPL,1736929319928,150.76,28,buy
MSFT,1736929319939,297.73,82,buy
TSLA,1736929320175,198.95,90,buy
NVDA,1736929320392,502.63,73,sell
NVDA,1736929323519,501.88,12,buy
NVDA,1736929324468,503.38,39,sell
TSLA,1736929324501,195.95,18,buy
NVDA,1736929324523,502.28,91,sell
TSLA,1736929325298,195.03,55,sell
MSFT,1736929326306,301.96,21,sell
MSFT,1736929327088,296.59,32,sell
AAPL,1736929327450,152.5,69,buy
TSLA,1736929328271,197.4,93,buy
SPY,1736929328759,401.56,76,sell
AAPL,1736929329348,152.34,54,sell
AAPL,1736929329529,152.83,15,sell
AAPL,1736929330139,153.19,79,buy
AAPL,1736929331554,152.16,76,buy
TSLA,1736929331903,199.78,24,sell
NVDA,1736929333908,501.31,43,sell
AAPL,1736929334839,149.31,88,buy
MSFT,1736929335047,300.62,53,sell
MSFT,1736929336126,301.09,52,sell
AAPL,1736929336137,151.12,60,buy
MSFT,1736929338459,297.73,38,buy
TSLA,1736929340333,198.4,75,sell
MSFT,1736929341245,297.66,44,buy
TSLA,1736929342105,199.6,85,buy
TSLA,1736929342603,200.39,68,sell
NVDA,1736929342821,500.84,60,buy
AAPL,1736929342911,150.8,77,buy
AAPL,1736929343073,149.81,33,buy
SPY,1736929344677,399.57,87,buy
SPY,1736929344778,400.46,15,buy
SPY,1736929344850,401.13,23,sell
TSLA,1736929345467,194.86,1,sell
TSLA,1736929345601,196.41,96,sell
TSLA,1736929345956,198.67,91,buy
TSLA,1736929346458,197.76,85,buy
TSLA,1736929346627,194.74,87,sell
AAPL,1736929347563,152.35,83,buy
SPY,1736929348049,400.17,57,buy
MSFT,1736929348276,296.72,76,buy
NVDA,1736929348651,499.69,35,buy
NVDA,1736929348734,501.87,44,buy
MSFT,1736929349671,298.53,32,sell
AAPL,1736929349733,152.06,96,buy
SPY,1736929350095,399.44,78,sell
SPY,1736929351381,399.74,95,sell
SPY,1736929352404,399.64,44,buy
NVDA,1736929352778,500.38,11,buy
NVDA,1736929353863,502.5,60,buy
AAPL,1736929354961,149.29,25,buy
MSFT,1736929355743,300.2,21,buy
MSFT,1736929355812,298.46,15,buy
NVDA,1736929356361,503.7,100,buy
TSLA,1736929358637,193.9,32,buy
SPY,1736929359499,401.1,95,buy
SPY,1736929359871,398.98,72,buy
AAPL,1736929361213,149.47,56,sell
NVDA,1736929361276,502.53,74,buy
AAPL,1736929361643,150.21,92,sell
SPY,1736929361740,399.64,78,buy
AAPL,1736929362805,151.92,46,sell
AAPL,1736929363021,151.57,15,buy
NVDA,1736929363774,502.8,11,sell
NVDA,1736929363901,499.78,31,sell
TSLA,1736929364081,199.88,17,buy
SPY,1736929364540,399.75,35,sell
TSLA,1736929365916,195.21,61,sell
MSFT,1736929367800,300.23,46,sell
SPY,1736929367973,399.89,76,sell
MSFT,1736929368414,297.53,3,buy
SPY,1736929369797,401.61,23,sell
AAPL,1736929370906,152.33,39,sell
TSLA,1736929371022,198.55,10,sell
MSFT,1736929371026,299.61,96,sell
TSLA,1736929371092,194.93,80,sell
SPY,1736929371717,399.5,96,buy
SPY,1736929372029,399.97,20,buy
MSFT,1736929372151,301.06,19,sell
SPY,1736929372447,400.55,47,sell
AAPL,1736929372916,150.81,12,buy
TSLA,1736929373570,194.96,52,sell
NVDA,1736929375020,502.15,12,buy
AAPL,1736929376326,150.3,90,sell
AAPL,1736929376670,150.64,31,buy
SPY,1736929376905,398.95,29,buy
TSLA,1736929377344,199.41,66,buy
TSLA,1736929378047,195.67,30,buy
SPY,1736929379271,399.21,78,buy
NVDA,1736929379704,499.36,95,buy
SPY,1736929380818,401.28,48,buy
NVDA,1736929381236,499.63,73,buy
SPY,1736929382269,400.58,66,sell
AAPL,1736929383640,152.55,42,buy
MSFT,1736929383864,297.78,3,sell
SPY,1736929385011,399.67,32,buy
TSLA,1736929385539,195.02,70,sell
MSFT,1736929385700,297.72,100,buy
SPY,1736929385829,400.58,48,buy
NVDA,1736929386406,501.68,32,buy
TSLA,1736929386647,195.3,44,buy
MSFT,1736929387097,298.72,62,buy
AAPL,1736929390848,152.95,62,sell
SPY,1736929392566,399.22,91,buy
TSLA,1736929392905,193.51,21,buy
NVDA,1736929393428,501.57,79,sell
NVDA,1736929393754,499.18,56,buy
MSFT,1736929393840,297.34,77,sell
NVDA,1736929394030,500.22,79,buy
AAPL,1736929394791,150.66,95,sell
NVDA,1736929395356,503.22,20,buy
AAPL,1736929395794,151.86,15,sell
NVDA,1736929398304,501.76,40,buy
SPY,1736929400264,399.66,28,buy
NVDA,1736929401358,501.59,86,sell
TSLA,1736929402254,199.24,79,buy
TSLA,1736929403237,195.47,65,sell
SPY,1736929403521,399.55,7,sell
SPY,1736929406369,399.83,16,buy
SPY,1736929407256,399.9,74,sell
NVDA,1736929407435,499.68,20,buy
TSLA,1736929408131,200.01,4,sell
SPY,1736929408256,400.69,39,buy
SPY,1736929409192,400.13,54,sell
NVDA,1736929409573,498.94,19,buy
AAPL,1736929409807,150.38,29,buy
MSFT,1736929410005,300.48,12,buy
NVDA,1736929411253,499.24,12,buy
NVDA,1736929411363,503.59,13,sell
SPY,1736929412095,399.75,21,buy
NVDA,1736929414102,501.39,3,sell
SPY,1736929415205,401.18,55,buy
MSFT,1736929415933,299.71,13,buy
TSLA,1736929417091,198.01,72,sell
AAPL,1736929418842,151.2,20,sell
AAPL,1736929419730,152.49,95,sell
NVDA,1736929420200,499.67,94,buy
TSLA,1736929421488,197.66,59,sell
TSLA,1736929423069,195.43,54,sell
MSFT,1736929423677,296.89,79,sell
TSLA,1736929425366,198.19,68,sell
NVDA,1736929425790,500.85,23,buy
AAPL,1736929426790,151.94,42,sell
TSLA,1736929426917,195.38,7,buy
SPY,1736929426956,399.54,58,buy
SPY,1736929427871,399.71,23,sell
SPY,1736929428594,400.75,32,sell
SPY,1736929429270,399.78,97,sell
MSFT,1736929431227,296.8,49,buy
AAPL,1736929431814,152.69,12,buy
AAPL,1736929433764,151.98,85,buy
TSLA,1736929433929,198.89,87,sell
AAPL,1736929434936,151.18,47,sell
TSLA,1736929435379,196.12,92,sell
AAPL,1736929435612,150.96,100,sell
MSFT,1736929436178,298.88,2,buy
SPY,1736929436843,399.33,38,sell
SPY,1736929438253,401.17,23,sell
MSFT,1736929440247,302.14,63,sell
MSFT,1736929440599,301.44,45,buy
SPY,1736929440774,399.07,52,buy
SPY,1736929440943,401.47,15,sell
MSFT,1736929442132,297.5,18,buy
NVDA,1736929442558,498.4,9,buy
MSFT,1736929443300,302.65,99,sell
TSLA,1736929444525,194.74,54,buy
TSLA,1736929445717,198.87,27,buy
SPY,1736929446488,400.8,52,buy
MSFT,1736929446811,298.4,37,buy
MSFT,1736929447204,296.74,75,sell
AAPL,1736929447950,150.34,5,sell
SPY,1736929448085,399.92,52,sell
TSLA,1736929451362,194.46,44,buy
TSLA,1736929452267,195.71,10,sell
NVDA,1736929454168,499.8,17,sell
TSLA,1736929454587,198.75,49,buy
SPY,1736929455069,399.32,91,sell
AAPL,1736929456561,151.31,95,buy
NVDA,1736929456913,499.04,53,sell
NVDA,1736929457858,500.65,80,sell
TSLA,1736929458670,195.73,46,buy
NVDA,1736929462958,502.86,32,buy
AAPL,1736929463035,149.93,63,buy
SPY,1736929465567,401.19,95,buy
NVDA,1736929466361,501.84,91,sell
AAPL,1736929466365,150.81,54,sell
MSFT,1736929466463,302.45,90,sell
MSFT,1736929466655,302.12,86,buy
MSFT,1736929466866,299.18,35,sell
TSLA,1736929467317,195.03,100,sell
TSLA,1736929467905,198.41,93,sell
MSFT,1736929468915,297.34,40,sell
TSLA,1736929469404,200.08,8,buy
SPY,1736929469581,399.59,13,sell
AAPL,1736929469980,149.05,60,sell
NVDA,1736929470070,502.55,29,sell
TSLA,1736929471327,195.17,27,buy
TSLA,1736929471696,195.91,24,buy
NVDA,1736929472804,501.93,45,buy
MSFT,1736929477089,297.34,27,buy
MSFT,1736929479170,296.96,43,sell
TSLA,1736929479744,198.9,31,buy
MSFT,1736929479891,301.98,64,buy
AAPL,1736929480384,150.83,79,buy
MSFT,1736929480539,298.26,64,buy
SPY,1736929481353,400.9,3,sell
MSFT,1736929482598,299.89,45,sell
SPY,1736929482986,399.74,71,buy
NVDA,1736929483786,499.52,15,sell
SPY,1736929484943,399.78,88,buy
SPY,1736929487899,400.8,67,sell
AAPL,1736929488141,151.74,99,sell
MSFT,1736929490339,297.74,47,buy
NVDA,1736929490622,501.91,86,sell
MSFT,1736929490963,299.21,44,buy
MSFT,1736929491840,299.68,35,sell
TSLA,1736929492418,198.43,25,buy
SPY,1736929493216,400.89,93,sell
MSFT,1736929493334,299.22,63,buy
TSLA,1736929494059,196.98,81,buy
AAPL,1736929494172,152.33,35,buy
NVDA,1736929495180,502.7,43,sell
MSFT,1736929495419,299.98,28,sell
NVDA,1736929496616,502.62,95,sell
SPY,1736929496679,399.4,96,sell
NVDA,1736929496818,501.77,59,sell
NVDA,1736929497388,500.83,82,buy
AAPL,1736929497953,150.53,96,sell
AAPL,1736929499151,150.73,18,buy
AAPL,1736929501288,151.91,1,sell
NVDA,1736929501701,502.72,48,buy
TSLA,1736929502076,195.52,50,buy
NVDA,1736929502265,499.7,40,buy
TSLA,1736929502648,198.21,43,sell
AAPL,1736929503207,152.58,70,buy
AAPL,1736929503512,150.42,11,buy
SPY,1736929504319,401.05,66,buy
NVDA,1736929504418,503.52,58,sell
TSLA,1736929505805,198.71,34,sell
AAPL,1736929506303,151.41,36,sell
SPY,1736929506707,399.61,40,buy
SPY,1736929506787,399.2,88,sell
TSLA,1736929507252,195.18,90,sell
SPY,1736929509035,400.82,87,sell
MSFT,1736929510739,297.89,88,buy
MSFT,1736929511407,299.03,13,sell
AAPL,1736929511949,152.58,81,sell
NVDA,1736929512361,499.76,74,buy
MSFT,1736929512524,299.58,41,sell
SPY,1736929513171,399.85,35,sell
AAPL,1736929513683,151.74,60,sell
MSFT,1736929513930,297.54,48,sell
SPY,1736929514843,399.73,34,buy
SPY,1736929515026,399.6,48,sell
NVDA,1736929515956,499.93,84,sell
TSLA,1736929517324,200.0,10,buy
AAPL,1736929517980,149.42,57,buy
MSFT,1736929518462,298.77,77,sell
TSLA,1736929519758,193.72,11,sell
NVDA,1736929521121,501.55,43,buy
MSFT,1736929521832,298.91,72,sell
MSFT,1736929522087,299.05,84,sell
TSLA,1736929522233,194.44,58,buy
TSLA,1736929523105,196.24,53,sell
MSFT,1736929524126,301.18,11,sell
SPY,1736929524799,399.41,39,buy
MSFT,1736929525700,299.57,49,sell
NVDA,1736929526828,501.8,76,buy
TSLA,1736929527025,198.97,13,sell
SPY,1736929527030,399.67,49,buy
NVDA,1736929527087,503.03,6,buy
AAPL,1736929527219,152.47,28,sell
AAPL,1736929527371,153.09,28,sell
AAPL,1736929527381,152.69,42,buy
TSLA,1736929527834,195.72,57,buy
SPY,1736929528013,400.28,36,sell
SPY,1736929528948,399.4,39,buy
NVDA,1736929530176,503.96,30,sell
TSLA,1736929530612,196.25,43,sell
TSLA,1736929531056,198.95,78,buy
MSFT,1736929531072,297.47,91,sell
AAPL,1736929531356,152.28,99,sell
MSFT,1736929532719,296.96,86,sell
SPY,1736929535456,399.18,46,buy
NVDA,1736929536027,500.09,79,sell
SPY,1736929536049,400.67,35,sell
TSLA,1736929536535,197.99,7,buy
MSFT,1736929536651,299.02,54,buy
NVDA,1736929536790,501.94,2,buy
AAPL,1736929537302,152.49,77,buy
NVDA,1736929537431,499.57,27,buy
SPY,1736929537744,399.89,7,buy
AAPL,1736929537874,151.84,84,sell
AAPL,1736929538188,153.14,48,buy
AAPL,1736929538342,149.47,69,sell
MSFT,1736929538488,298.76,91,sell
NVDA,1736929538902,501.97,78,sell
SPY,1736929539432,399.32,22,sell
SPY,1736929539530,399.64,91,buy
AAPL,1736929541118,150.49,19,sell
TSLA,1736929541259,200.04,22,sell
TSLA,1736929542038,200.0,20,sell
SPY,1736929542292,399.51,61,buy
SPY,1736929542946,399.21,4,buy
AAPL,1736929545655,149.51,30,buy
SPY,1736929546228,399.71,77,sell
SPY,1736929546392,400.44,45,buy
TSLA,1736929546872,194.45,57,sell
TSLA,1736929546933,198.46,68,sell
SPY,1736929549479,399.14,76,buy
NVDA,1736929549670,501.61,39,sell
SPY,1736929550193,399.18,69,sell
AAPL,1736929551003,149.77,3,buy
NVDA,1736929551003,501.63,52,buy
SPY,1736929551879,400.89,51,sell
MSFT,1736929552210,301.48,77,sell
SPY,1736929553307,399.67,68,sell
TSLA,1736929553548,199.24,69,sell
TSLA,1736929553638,198.86,77,buy
SPY,1736929553702,398.91,94,sell
NVDA,1736929555128,501.64,90,sell
AAPL,1736929555527,150.84,55,buy
MSFT,1736929557509,299.58,10,sell
NVDA,1736929558197,501.21,23,sell
AAPL,1736929558339,150.39,10,buy
MSFT,1736929559464,297.15,77,sell
AAPL,1736929560672,152.54,75,sell
SPY,1736929560946,399.87,10,buy
TSLA,1736929561101,197.8,37,sell
SPY,1736929561133,399.4,60,sell
TSLA,1736929561172,195.66,69,sell
NVDA,1736929561988,499.39,72,buy
TSLA,1736929562252,199.3,35,buy
TSLA,1736929568822,198.6,68,buy
SPY,1736929569220,399.55,47,sell
AAPL,1736929569463,150.79,18,sell
NVDA,1736929569596,503.58,29,buy
AAPL,1736929569938,152.04,82,sell
NVDA,1736929569944,503.19,74,sell
MSFT,1736929570246,301.11,39,buy
NVDA,1736929570831,500.66,16,sell
SPY,1736929571451,400.93,18,buy
SPY,1736929572527,401.1,74,buy
NVDA,1736929572799,502.62,39,sell
MSFT,1736929573216,297.58,54,sell
MSFT,1736929573731,299.31,63,buy
MSFT,1736929575238,297.88,23,buy
AAPL,1736929576562,153.05,37,sell
MSFT,1736929577251,300.36,56,sell
SPY,1736929578224,400.38,61,sell
SPY,1736929578341,399.88,33,buy
MSFT,1736929578559,301.09,55,buy
AAPL,1736929578622,150.38,91,sell
AAPL,1736929578788,151.61,72,buy
TSLA,1736929578834,198.79,5,buy
AAPL,1736929578883,149.8,29,buy
MSFT,1736929579497,298.29,86,buy
TSLA,1736929582126,194.82,55,buy
AAPL,1736929583260,152.52,23,sell
SPY,1736929583487,399.6,18,buy
MSFT,1736929584785,301.31,12,sell
SPY,1736929584807,399.72,50,buy
SPY,1736929586322,399.15,20,buy
AAPL,1736929586417,151.14,29,buy
NVDA,1736929587944,502.66,79,sell
MSFT,1736929588827,299.0,70,sell
MSFT,1736929590675,297.84,97,buy
MSFT,1736929592685,299.42,48,buy
SPY,1736929592703,399.93,45,sell
SPY,1736929596803,399.69,97,buy
MSFT,1736929597401,299.31,96,buy
NVDA,1736929597739,500.89,30,buy
TSLA,1736929597753,194.49,59,sell
SPY,1736929599180,399.59,26,buy
TSLA,1736929599451,199.25,49,buy
TSLA,1736929599871,195.67,44,buy
TSLA,1736929600045,198.75,15,buy
SPY,1736929600500,399.67,24,buy
NVDA,1736929601518,502.91,63,buy
NVDA,1736929602559,502.67,99,buy
AAPL,1736929602797,151.88,37,sell
MSFT,1736929603013,298.67,51,buy
AAPL,1736929603249,149.83,14,sell
TSLA,1736929605192,198.51,34,buy
AAPL,1736929608614,149.79,35,buy
TSLA,1736929608858,199.96,26,sell
SPY,1736929610196,399.67,30,buy
TSLA,1736929611002,198.17,17,buy
AAPL,1736929611442,149.46,19,sell
NVDA,1736929611665,504.19,70,sell
SPY,1736929612030,399.46,74,buy
TSLA,1736929612053,195.58,50,buy
AAPL,1736929613018,152.35,30,buy
MSFT,1736929613754,298.06,70,sell
MSFT,1736929613767,300.18,82,buy
SPY,1736929613864,400.02,98,buy
AAPL,1736929614265,151.46,18,buy
MSFT,1736929614355,297.06,92,sell
AAPL,1736929615044,150.21,65,sell
TSLA,1736929615061,195.25,65,sell
SPY,1736929615791,401.27,97,buy
NVDA,1736929616423,503.54,90,sell
NVDA,1736929616537,502.87,29,sell
AAPL,1736929617139,149.84,32,buy
TSLA,1736929617592,196.15,89,sell
TSLA,1736929618487,198.99,94,sell
TSLA,1736929618876,198.15,70,sell
MSFT,1736929621556,296.81,64,buy
MSFT,1736929622108,296.86,55,sell
SPY,1736929622625,400.49,22,sell
AAPL,1736929623307,150.07,53,buy
NVDA,1736929625097,501.34,35,sell
NVDA,1736929627563,502.4,36,buy
AAPL,1736929627742,149.94,88,sell
MSFT,1736929628087,300.62,45,buy
MSFT,1736929628126,301.16,48,buy
NVDA,1736929628261,500.34,94,buy
SPY,1736929629297,401.49,1,sell
TSLA,1736929629849,195.61,99,sell
MSFT,1736929629939,299.1,13,sell
MSFT,1736929630439,302.33,47,sell
NVDA,1736929630513,501.41,33,buy
TSLA,1736929631486,198.73,58,buy
NVDA,1736929632222,502.27,34,buy
SPY,1736929632793,400.63,15,sell
MSFT,1736929632796,301.41,35,sell
MSFT,1736929634387,298.27,81,buy
AAPL,1736929634888,152.16,67,buy
SPY,1736929637626,399.98,24,sell
TSLA,1736929637949,193.53,48,buy
MSFT,1736929638111,300.85,61,buy
AAPL,1736929638904,150.46,14,sell
TSLA,1736929639610,199.14,3,sell
MSFT,1736929641341,299.12,2,buy
NVDA,1736929641532,500.2,26,sell
SPY,1736929641589,398.81,90,sell
NVDA,1736929642444,502.01,38,sell
TSLA,1736929642538,195.3,43,sell
TSLA,1736929642584,194.77,79,sell
NVDA,1736929643621,498.98,25,sell
AAPL,1736929643788,150.89,83,buy
TSLA,1736929644705,194.82,43,buy
MSFT,1736929646034,300.33,16,buy
TSLA,1736929647167,195.44,83,buy
MSFT,1736929648031,297.91,26,buy
NVDA,1736929649504,500.39,56,buy
TSLA,1736929649820,197.69,22,buy
MSFT,1736929650428,299.62,66,sell
AAPL,1736929652752,152.39,68,sell
AAPL,1736929653562,152.19,84,buy
NVDA,1736929654108,502.63,66,sell
TSLA,1736929656025,198.59,91,sell
TSLA,1736929656104,197.42,81,sell
NVDA,1736929656171,500.94,33,sell
AAPL,1736929656863,151.84,5,sell
TSLA,1736929657280,197.94,79,sell
NVDA,1736929657762,499.07,82,buy
NVDA,1736929658286,501.34,6,buy
NVDA,1736929661293,499.81,86,sell
MSFT,1736929661372,297.79,62,sell
TSLA,1736929661399,199.65,84,buy
AAPL,1736929663874,149.35,75,buy
TSLA,1736929664151,200.23,78,buy
NVDA,1736929664222,499.89,25,buy
MSFT,1736929665012,301.13,45,buy
AAPL,1736929665508,151.91,92,buy
SPY,1736929665527,401.01,60,buy
TSLA,1736929665807,196.59,99,sell
MSFT,1736929667946,300.27,9,sell
AAPL,1736929668994,152.25,13,buy
TSLA,1736929669772,198.47,98,sell
NVDA,1736929670784,499.02,66,buy
SPY,1736929672461,399.71,74,sell
NVDA,1736929672506,501.64,7,sell
TSLA,1736929673557,198.02,81,sell
TSLA,1736929674460,199.92,16,buy
MSFT,1736929675396,296.97,49,buy
TSLA,1736929676249,199.84,60,sell
TSLA,1736929676307,194.47,46,buy
AAPL,1736929677062,151.53,41,buy
SPY,1736929678832,398.95,99,buy
NVDA,1736929681624,503.59,42,buy
AAPL,1736929682114,151.66,75,sell
MSFT,1736929682321,300.12,51,sell
SPY,1736929683139,400.96,27,sell
TSLA,1736929683283,198.43,44,buy
AAPL,1736929683911,152.28,55,buy
SPY,1736929683999,401.42,10,sell
TSLA,1736929684455,194.92,33,buy
SPY,1736929685709,401.1,60,sell
AAPL,1736929685808,152.05,15,buy
AAPL,1736929685811,151.97,3,buy
TSLA,1736929685932,195.28,6,buy
MSFT,1736929686047,297.5,28,buy
AAPL,1736929687903,150.31,81,buy
AAPL,1736929689419,152.51,62,buy
MSFT,1736929689678,299.42,42,sell
SPY,1736929689725,400.36,61,buy
TSLA,1736929690223,194.44,28,buy
AAPL,1736929690377,151.67,13,sell
NVDA,1736929690567,502.52,90,buy
TSLA,1736929690701,195.79,47,buy
AAPL,1736929690878,152.14,24,sell
NVDA,1736929691616,502.68,8,sell
MSFT,1736929693289,298.64,36,sell
AAPL,1736929693710,152.82,15,buy
TSLA,1736929695379,197.82,35,sell
MSFT,1736929696008,298.55,59,buy
MSFT,1736929696412,298.3,14,buy
AAPL,1736929696770,151.69,25,sell
AAPL,1736929696818,150.22,60,sell
NVDA,1736929696892,499.88,74,buy
NVDA,1736929697110,503.51,30,sell
SPY,1736929697767,399.32,6,sell
MSFT,1736929698182,302.96,69,sell
SPY,1736929699395,400.84,64,sell
AAPL,1736929699641,151.25,80,sell
NVDA,1736929700994,499.02,64,sell
MSFT,1736929701587,298.8,20,buy
TSLA,1736929702621,198.22,44,sell
MSFT,1736929703985,297.17,58,sell
MSFT,1736929704261,299.19,47,buy
AAPL,1736929704623,151.56,17,buy
MSFT,1736929705238,298.63,28,buy
AAPL,1736929706543,152.51,55,buy
NVDA,1736929706854,500.6,73,sell
TSLA,1736929707166,195.2,98,buy
SPY,1736929707978,401.32,38,buy
AAPL,1736929708142,151.97,26,sell
TSLA,1736929709498,199.92,73,buy
NVDA,1736929712248,502.04,92,buy
AAPL,1736929713506,150.45,38,sell
SPY,1736929713506,399.4,71,sell
TSLA,1736929713879,195.04,34,buy
SPY,1736929713938,399.52,16,sell
NVDA,1736929714243,501.36,97,buy
NVDA,1736929716101,500.7,53,sell
TSLA,1736929716592,195.05,43,buy
MSFT,1736929717795,297.4,97,sell
AAPL,1736929718290,149.72,94,buy
AAPL,1736929718723,152.6,13,sell
MSFT,1736929718835,299.49,63,buy
AAPL,1736929719497,153.17,58,buy
TSLA,1736929721224,197.73,82,buy
MSFT,1736929721940,297.68,71,buy
MSFT,1736929722080,300.1,83,sell
SPY,1736929722982,400.02,96,buy
MSFT,1736929723271,297.09,91,buy
TSLA,1736929723524,199.98,6,buy
NVDA,1736929724603,502.5,27,buy
AAPL,1736929724674,153.02,80,buy
AAPL,1736929726329,152.07,12,sell
NVDA,1736929728116,502.53,93,sell
MSFT,1736929728794,301.44,21,sell
NVDA,1736929728938,499.56,32,sell
SPY,1736929729034,398.88,76,buy
SPY,1736929729288,401.16,3,buy
TSLA,1736929729493,199.92,41,buy
NVDA,1736929731450,502.74,34,sell
TSLA,1736929731878,197.02,82,buy
TSLA,1736929732845,199.06,60,sell
MSFT,1736929733999,299.67,99,buy
AAPL,1736929734097,152.85,35,buy
AAPL,1736929735112,153.01,7,sell
AAPL,1736929735228,149.77,62,sell
SPY,1736929735280,399.4,99,buy
SPY,1736929736395,400.62,75,sell
SPY,1736929737355,399.48,41,buy
MSFT,1736929737856,299.51,5,buy
NVDA,1736929740436,501.6,69,sell
TSLA,1736929741347,200.09,15,sell
SPY,1736929741690,399.7,72,buy
SPY,1736929743507,400.19,16,sell
MSFT,1736929744852,299.54,63,sell
AAPL,1736929745446,152.25,61,buy
NVDA,1736929745489,502.95,34,sell
NVDA,1736929745992,503.81,48,sell
NVDA,1736929746219,498.97,16,sell
NVDA,1736929746288,501.09,69,buy
MSFT,1736929748528,297.83,88,sell
AAPL,1736929748932,151.89,28,buy
AAPL,1736929751258,151.91,71,sell
SPY,1736929753294,399.82,8,sell
MSFT,1736929753402,300.22,69,buy
NVDA,1736929754088,498.92,52,buy
SPY,1736929754107,399.53,85,buy
TSLA,1736929754965,198.63,2,sell
AAPL,1736929755593,152.43,66,sell
TSLA,1736929756851,195.31,71,buy
MSFT,1736929756970,300.02,16,buy
SPY,1736929757818,399.46,31,sell
NVDA,1736929758083,503.58,86,buy
NVDA,1736929758098,498.82,32,buy
AAPL,1736929758104,151.82,4,buy
MSFT,1736929758726,298.28,84,sell
SPY,1736929759597,401.21,94,buy
NVDA,1736929760851,503.58,18,buy
SPY,1736929761271,398.99,94,sell
MSFT,1736929761560,298.94,98,buy
NVDA,1736929762559,498.81,58,buy
SPY,1736929763677,399.72,32,buy
TSLA,1736929764047,195.23,97,sell
NVDA,1736929764911,500.43,100,sell
TSLA,1736929765533,195.05,56,buy
SPY,1736929766814,400.75,1,buy
NVDA,1736929767254,499.72,38,sell
SPY,1736929768348,400.46,57,buy
SPY,1736929769959,400.97,15,sell
NVDA,1736929770786,499.44,91,sell
TSLA,1736929771130,199.88,25,sell
SPY,1736929771234,401.15,31,buy
NVDA,1736929771424,503.65,26,buy
SPY,1736929771966,399.62,92,buy
SPY,1736929772435,399.71,36,sell
MSFT,1736929772673,296.99,64,buy
MSFT,1736929773335,296.96,89,buy
SPY,1736929774644,398.88,97,sell
NVDA,1736929774719,502.66,82,sell
TSLA,1736929777060,197.16,22,sell
MSFT,1736929777625,296.64,85,buy
TSLA,1736929777826,196.33,95,sell
MSFT,1736929778225,298.62,25,sell
AAPL,1736929778387,152.13,33,buy
MSFT,1736929779362,297.06,74,buy
NVDA,1736929780292,502.26,43,buy
TSLA,1736929780475,195.42,100,buy
TSLA,1736929781089,195.29,60,buy
NVDA,1736929781444,501.9,40,sell
SPY,1736929781537,399.31,2,sell
AAPL,1736929781823,149.8,34,buy
MSFT,1736929781923,297.43,17,buy
SPY,1736929782868,399.8,6,buy
MSFT,1736929784204,300.42,70,sell
AAPL,1736929784896,150.23,89,buy
NVDA,1736929785158,500.25,5,buy
MSFT,1736929786374,301.41,38,sell
NVDA,1736929787704,499.54,74,sell
NVDA,1736929789824,499.44,81,buy
AAPL,1736929789940,150.44,2,buy
TSLA,1736929791532,197.47,40,buy
TSLA,1736929791636,195.34,10,buy
SPY,1736929791903,401.19,4,buy
NVDA,1736929791917,501.51,7,sell
AAPL,1736929792536,152.14,93,sell
NVDA,1736929792977,500.69,49,sell
TSLA,1736929793943,195.04,33,buy
TSLA,1736929794926,195.15,5,sell
NVDA,1736929795163,499.98,11,buy
NVDA,1736929795478,501.53,98,buy
TSLA,1736929795650,198.9,59,sell
SPY,1736929796211,400.75,30,sell
TSLA,1736929797957,198.92,25,buy
SPY,1736929798348,400.86,16,buy
MSFT,1736929799025,296.81,72,sell
SPY,1736929801593,400.19,16,sell
SPY,1736929801634,398.9,59,buy
NVDA,1736929802316,499.86,30,sell
AAPL,1736929803144,152.34,94,buy
SPY,1736929804046,401.0,93,sell
MSFT,1736929806946,296.77,69,buy
MSFT,1736929808158,301.62,39,buy
NVDA,1736929809246,498.85,90,sell
SPY,1736929809990,401.21,64,sell
SPY,1736929810681,399.29,37,buy
MSFT,1736929810755,302.31,76,sell
NVDA,1736929811358,499.84,4,buy
SPY,1736929814119,400.47,48,buy
MSFT,1736929814721,296.77,5,sell
NVDA,1736929815423,502.61,91,sell
AAPL,1736929815867,153.15,26,buy
SPY,1736929815902,400.45,12,buy
SPY,1736929816237,401.6,62,buy
AAPL,1736929816898,152.91,46,buy
MSFT,1736929817224,297.32,82,buy
MSFT,1736929817523,299.74,42,sell
MSFT,1736929817567,299.06,65,sell
AAPL,1736929819294,152.99,72,sell
MSFT,1736929820151,299.4,100,sell
TSLA,1736929820899,198.89,67,buy
MSFT,1736929821428,299.82,72,buy
AAPL,1736929821648,152.59,48,buy
MSFT,1736929821926,300.02,80,buy
MSFT,1736929822068,302.65,45,buy
NVDA,1736929823725,499.27,50,buy
AAPL,1736929823910,151.86,42,sell
TSLA,1736929824127,198.95,9,sell
MSFT,1736929824404,299.45,14,buy
TSLA,1736929825161,198.29,80,sell
SPY,1736929825882,399.47,35,buy
SPY,1736929826150,401.4,65,buy
SPY,1736929826215,401.25,77,buy
MSFT,1736929826439,297.38,22,buy
TSLA,1736929826508,197.75,6,buy
SPY,1736929827134,400.27,56,sell
SPY,1736929827267,400.38,70,buy
MSFT,1736929827307,296.93,17,sell
SPY,1736929828380,400.8,76,buy
AAPL,1736929828592,149.94,10,buy
TSLA,1736929829266,194.72,1,sell
TSLA,1736929829865,195.21,27,buy
MSFT,1736929830104,299.3,22,sell
SPY,1736929830243,400.56,22,buy
TSLA,1736929830395,198.92,25,sell
TSLA,1736929832253,198.45,53,buy
TSLA,1736929832981,198.75,16,sell
AAPL,1736929833174,150.17,74,sell
TSLA,1736929833722,198.84,97,sell
MSFT,1736929834050,298.71,48,buy
TSLA,1736929834364,199.17,31,buy
TSLA,1736929834417,195.36,27,buy
NVDA,1736929834686,502.75,75,sell
MSFT,1736929837574,299.03,84,sell
SPY,1736929838115,400.07,70,sell
NVDA,1736929838462,500.88,33,buy
AAPL,1736929839334,150.07,60,buy
AAPL,1736929839484,150.41,62,buy
TSLA,1736929840489,196.03,80,sell
MSFT,1736929840828,299.0,95,sell
SPY,1736929841733,400.52,97,buy
SPY,1736929842528,399.03,9,sell
MSFT,1736929842816,301.26,51,buy
NVDA,1736929843598,498.74,98,buy
SPY,1736929844612,401.06,28,sell
MSFT,1736929844647,296.74,62,buy
SPY,1736929844914,399.04,71,buy
MSFT,1736929845678,301.25,39,sell
AAPL,1736929845817,150.13,69,sell
AAPL,1736929845998,151.21,30,sell
AAPL,1736929846492,151.93,6,buy
SPY,1736929847412,399.35,4,sell
TSLA,1736929849101,195.29,95,sell
MSFT,1736929849213,299.75,14,sell
AAPL,1736929849288,150.55,12,sell
MSFT,1736929849296,298.22,3,sell
SPY,1736929849457,399.03,23,buy
SPY,1736929849697,399.0,69,sell
NVDA,1736929849767,499.4,85,sell
MSFT,1736929850191,297.83,13,sell
AAPL,1736929851959,151.15,96,buy
AAPL,1736929852886,151.7,73,sell
TSLA,1736929853187,194.79,51,buy
TSLA,1736929856720,198.79,85,buy
AAPL,1736929857243,151.6,38,buy
NVDA,1736929857789,504.1,74,buy
AAPL,1736929858124,149.78,67,sell
AAPL,1736929859175,151.67,55,buy
SPY,1736929859808,400.13,19,buy
NVDA,1736929861496,503.29,23,sell
MSFT,1736929861645,297.58,57,sell
AAPL,1736929862252,151.68,70,buy
MSFT,1736929862410,301.16,21,sell
MSFT,1736929862668,300.93,46,buy
AAPL,1736929862685,151.99,19,sell
TSLA,1736929864689,195.37,9,sell
MSFT,1736929864748,298.81,15,buy
AAPL,1736929864791,151.69,46,buy
NVDA,1736929864822,501.15,76,buy
NVDA,1736929865286,501.21,54,sell
TSLA,1736929865375,199.82,36,buy
NVDA,1736929865994,500.68,37,buy
TSLA,1736929866208,194.57,76,sell
TSLA,1736929867126,197.47,19,sell
MSFT,1736929868098,300.96,40,buy
TSLA,1736929869197,198.12,77,buy
MSFT,1736929869467,302.04,23,buy
NVDA,1736929870719,499.47,82,buy
NVDA,1736929872922,502.38,41,sell
NVDA,1736929873014,501.59,81,sell
NVDA,1736929874885,499.47,72,sell
SPY,1736929875051,400.25,38,sell
TSLA,1736929875356,196.39,10,buy
AAPL,1736929877962,152.05,7,buy
SPY,1736929880631,400.56,71,sell
AAPL,1736929881947,151.59,92,buy
SPY,1736929882855,399.65,89,buy
MSFT,1736929882926,297.67,62,buy
MSFT,1736929884435,297.65,58,buy
SPY,1736929884603,399.74,43,buy
SPY,1736929885221,401.23,4,buy
AAPL,1736929886449,151.82,50,buy
TSLA,1736929886834,196.25,85,buy
MSFT,1736929886914,297.39,17,sell
SPY,1736929887307,399.79,30,sell
MSFT,1736929888292,300.55,69,sell
AAPL,1736929890074,152.45,12,buy
AAPL,1736929890165,152.23,14,buy
MSFT,1736929890522,302.02,92,sell
TSLA,1736929890576,194.25,3,buy
MSFT,1736929891193,297.64,41,buy
MSFT,1736929891392,297.49,35,sell
TSLA,1736929891443,199.36,47,buy
SPY,1736929892349,400.24,44,sell
NVDA,1736929893681,502.75,32,buy
AAPL,1736929894123,150.22,67,sell
SPY,1736929895354,400.12,67,buy
TSLA,1736929895459,198.43,32,sell
AAPL,1736929896062,149.41,29,buy
TSLA,1736929896362,200.09,54,sell
AAPL,1736929899077,153.18,64,buy
MSFT,1736929900225,298.49,24,sell
TSLA,1736929900757,194.79,94,sell
NVDA,1736929903243,499.05,13,sell
TSLA,1736929903344,197.53,67,sell
MSFT,1736929904552,299.47,52,buy
TSLA,1736929906045,193.79,99,sell
MSFT,1736929906116,298.14,34,sell
TSLA,1736929907120,198.25,18,sell
MSFT,1736929907183,297.73,38,sell
MSFT,1736929907985,299.26,62,buy
AAPL,1736929908305,150.85,78,buy
NVDA,1736929908618,500.79,63,sell
NVDA,1736929910442,501.62,57,buy
SPY,1736929910757,399.38,86,buy
TSLA,1736929910820,197.26,96,sell
SPY,1736929910879,400.78,98,sell
SPY,1736929910934,401.74,97,buy
AAPL,1736929911100,151.82,20,sell
TSLA,1736929911390,200.0,87,sell
MSFT,1736929911952,298.73,13,buy
AAPL,1736929911955,150.08,6,buy
MSFT,1736929912106,296.86,32,sell
NVDA,1736929914624,499.41,19,buy
AAPL,1736929915231,151.88,26,sell
TSLA,1736929916154,195.44,75,buy
MSFT,1736929917195,297.67,71,sell
MSFT,1736929917214,298.65,49,buy
AAPL,1736929918836,153.11,93,sell
SPY,1736929919488,400.28,47,buy
AAPL,1736929919928,150.37,26,sell
AAPL,1736929920076,151.94,53,sell
MSFT,1736929920896,299.09,4,buy
NVDA,1736929921865,499.43,83,sell
SPY,1736929922157,399.33,21,buy
TSLA,1736929922511,198.77,53,sell
MSFT,1736929923226,299.12,16,buy
NVDA,1736929924070,502.12,82,buy
NVDA,1736929924326,502.77,27,sell
NVDA,1736929924641,499.64,46,buy
TSLA,1736929927992,194.31,56,sell
NVDA,1736929928180,502.57,18,buy
SPY,1736929930490,400.35,14,sell
SPY,1736929931198,398.81,60,sell
SPY,1736929932392,399.73,3,buy
NVDA,1736929934239,500.35,64,buy
MSFT,1736929935908,299.82,69,sell
AAPL,1736929936478,152.37,53,buy
NVDA,1736929937623,502.39,34,sell
TSLA,1736929937889,199.06,66,sell
SPY,1736929938047,399.78,17,sell
TSLA,1736929938877,197.1,63,sell
AAPL,1736929939028,150.57,44,sell
MSFT,1736929939685,296.78,28,buy
SPY,1736929939992,401.03,49,sell
SPY,1736929942181,399.49,93,buy
AAPL,1736929943402,150.58,16,sell
TSLA,1736929948547,196.62,10,buy
TSLA,1736929948613,198.86,31,sell
AAPL,1736929948798,149.22,69,buy
NVDA,1736929949263,500.99,45,buy
AAPL,1736929950285,150.02,77,buy
TSLA,1736929950593,198.15,38,sell
MSFT,1736929950958,297.07,72,buy
TSLA,1736929951136,198.86,64,sell
SPY,1736929952056,399.69,5,buy
NVDA,1736929952113,501.77,64,buy
NVDA,1736929952380,500.49,74,buy
NVDA,1736929953356,503.26,94,sell
SPY,1736929953880,401.29,21,buy
TSLA,1736929954579,198.52,2,buy
SPY,1736929954605,400.59,32,buy
SPY,1736929956251,399.69,81,buy
MSFT,1736929956559,297.47,59,buy
SPY,1736929957948,399.92,20,buy
SPY,1736929958389,401.08,93,sell
AAPL,1736929958490,152.56,2,buy
SPY,1736929958843,401.24,34,sell
NVDA,1736929959319,498.94,13,sell
TSLA,1736929959718,197.99,50,buy
TSLA,1736929959847,199.51,66,sell
SPY,1736929960275,400.42,93,buy
TSLA,1736929961158,199.25,79,sell
MSFT,1736929962044,301.08,60,sell
AAPL,1736929963712,152.42,38,sell
NVDA,1736929964503,498.7,1,buy
TSLA,1736929964867,198.6,86,buy
MSFT,1736929967302,300.26,23,buy
AAPL,1736929968077,149.35,8,buy
SPY,1736929969074,399.94,83,sell
AAPL,1736929969371,152.99,92,sell
SPY,1736929969680,400.96,35,sell
SPY,1736929970603,399.64,30,buy
AAPL,1736929971688,149.45,80,buy
NVDA,1736929971910,499.09,19,sell
NVDA,1736929972099,502.56,35,sell
MSFT,1736929972480,296.78,18,sell
TSLA,1736929973745,195.18,66,buy
TSLA,1736929973911,200.0,71,sell
SPY,1736929974882,399.57,53,buy
TSLA,1736929975006,195.33,36,sell
SPY,1736929975482,401.62,68,buy
AAPL,1736929975568,149.24,51,sell
SPY,1736929975601,400.37,94,sell
TSLA,1736929978223,196.04,60,buy
SPY,1736929978888,399.24,85,sell
AAPL,1736929979593,150.52,1,sell
TSLA,1736929980230,198.14,22,buy
AAPL,1736929980292,152.37,87,buy
AAPL,1736929980574,150.17,75,buy
AAPL,1736929981294,151.87,84,sell
AAPL,1736929982065,151.49,23,sell
AAPL,1736929984075,152.9,74,buy
NVDA,1736929984115,500.2,86,buy
NVDA,1736929985955,502.63,5,sell
NVDA,1736929986107,499.09,2,buy
MSFT,1736929987985,300.31,60,sell
AAPL,1736929988190,151.9,35,sell
NVDA,1736929988202,502.59,69,buy
TSLA,1736929988639,195.39,36,sell
TSLA,1736929989548,195.37,29,sell
MSFT,1736929989604,298.62,72,buy
NVDA,1736929989653,500.16,52,buy
SPY,1736929990044,399.12,66,sell
SPY,1736929991326,400.38,45,buy
NVDA,1736929992295,499.0,62,buy
MSFT,1736929992847,298.0,46,buy
NVDA,1736929994109,499.66,35,buy
SPY,1736929994724,399.39,9,buy
SPY,1736929996074,399.11,90,buy
SPY,1736929996927,400.37,6,sell
SPY,1736929996932,400.85,46,buy
AAPL,1736929997331,149.94,85,sell
AAPL,1736929997723,151.53,47,sell
SPY,1736929998429,399.54,97,buy
MSFT,1736929998981,302.59,5,sell
TSLA,1736929999964,198.49,32,buy
AAPL,1736930001561,152.04,50,buy
NVDA,1736930001796,501.54,89,buy
TSLA,1736930001802,195.26,69,buy
TSLA,1736930002135,199.23,5,buy
MSFT,1736930002183,297.22,60,sell
NVDA,1736930002691,502.75,46,sell
NVDA,1736930003552,499.84,20,buy
SPY,1736930004558,398.98,93,buy
NVDA,1736930005282,501.84,13,sell
NVDA,1736930005320,499.95,14,sell
AAPL,1736930005860,150.57,45,buy
SPY,1736930006710,400.31,12,sell
AAPL,1736930006925,150.02,78,buy
MSFT,1736930007198,301.64,87,buy
TSLA,1736930008283,198.05,50,buy
NVDA,1736930008349,500.53,33,sell
SPY,1736930009544,399.12,93,buy
AAPL,1736930010809,150.1,30,sell
AAPL,1736930011300,153.09,63,buy
SPY,1736930012385,399.42,41,buy
SPY,1736930013063,400.05,78,buy
SPY,1736930014056,398.79,99,buy
NVDA,1736930015580,501.45,8,sell
AAPL,1736930016438,150.72,54,sell
TSLA,1736930017236,197.8,15,buy
NVDA,1736930018066,499.15,1,buy
MSFT,1736930018565,301.44,25,buy
MSFT,1736930019268,302.9,12,sell
TSLA,1736930019579,196.07,41,buy
AAPL,1736930019618,150.36,3,sell
SPY,1736930020553,401.14,28,sell
AAPL,1736930020706,151.08,86,sell
NVDA,1736930023204,503.71,43,buy
AAPL,1736930023312,150.16,66,sell
NVDA,1736930024953,498.85,47,buy
TSLA,1736930026606,199.83,44,buy
AAPL,1736930027441,153.02,27,buy
TSLA,1736930028215,197.93,70,sell
NVDA,1736930029337,498.87,56,sell
MSFT,1736930031970,296.68,46,sell
TSLA,1736930032224,195.19,4,sell
MSFT,1736930032840,297.71,2,buy
SPY,1736930033182,400.36,81,sell
MSFT,1736930035268,301.71,7,buy
AAPL,1736930035524,150.88,14,buy
NVDA,1736930036383,502.59,53,buy
MSFT,1736930036795,299.08,60,sell
SPY,1736930037842,400.64,30,sell
NVDA,1736930037898,501.91,31,buy
TSLA,1736930039203,198.34,33,sell
SPY,1736930039295,398.87,97,buy
NVDA,1736930039469,499.1,44,sell
TSLA,1736930039710,199.12,39,sell
TSLA,1736930040383,195.54,19,sell
MSFT,1736930041281,301.73,45,sell
TSLA,1736930041548,197.86,87,buy
NVDA,1736930042556,499.07,85,sell
SPY,1736930042656,399.05,7,buy
MSFT,1736930044102,297.24,96,sell
MSFT,1736930044219,298.76,100,buy
NVDA,1736930044774,501.94,24,buy
TSLA,1736930047040,196.51,20,buy
TSLA,1736930047109,197.35,14,buy
NVDA,1736930047759,501.62,76,sell
MSFT,1736930048264,299.37,43,buy
MSFT,1736930048502,298.99,40,sell
TSLA,1736930049210,197.93,93,sell
NVDA,1736930051126,499.48,74,buy
MSFT,1736930051409,297.54,33,buy
TSLA,1736930052510,200.09,28,sell
TSLA,1736930053251,194.18,4,sell
AAPL,1736930055237,152.15,29,sell
TSLA,1736930056291,198.41,1,sell
TSLA,1736930058035,199.79,30,sell
TSLA,1736930058303,200.14,40,buy
AAPL,1736930058551,150.79,46,sell
MSFT,1736930059382,300.41,32,sell
NVDA,1736930059553,501.6,15,sell
TSLA,1736930059803,197.13,72,sell
NVDA,1736930060531,502.82,70,sell
MSFT,1736930062108,302.26,42,sell
AAPL,1736930064276,150.25,59,sell
TSLA,1736930064362,196.06,14,sell
MSFT,1736930064363,300.89,89,buy
AAPL,1736930064514,150.23,84,sell
SPY,1736930064620,399.54,45,sell
MSFT,1736930066006,297.43,96,sell
MSFT,1736930067666,301.9,38,sell
SPY,1736930068274,401.04,41,sell
AAPL,1736930069082,149.77,4,buy
SPY,1736930071770,399.78,13,buy
TSLA,1736930071959,198.93,6,buy
TSLA,1736930072528,199.99,91,sell
TSLA,1736930072708,197.63,78,sell
SPY,1736930073975,399.64,10,buy
MSFT,1736930074829,299.1,7,buy
TSLA,1736930075944,199.18,34,buy
NVDA,1736930077176,499.86,66,buy
MSFT,1736930077419,299.46,70,buy
SPY,1736930078279,401.29,92,sell
TSLA,1736930078821,195.99,87,sell
SPY,1736930078883,399.56,46,sell
SPY,1736930079249,399.74,38,buy
AAPL,1736930080614,153.27,63,sell
NVDA,1736930080941,503.89,95,sell
AAPL,1736930081250,151.68,7,sell
MSFT,1736930082265,297.42,85,sell
MSFT,1736930082272,300.1,3,sell
SPY,1736930083275,399.88,77,sell
NVDA,1736930083619,500.42,18,buy
MSFT,1736930083771,296.84,67,sell
SPY,1736930084683,401.22,10,buy
TSLA,1736930085725,196.22,1,sell
SPY,1736930086648,399.36,84,sell
MSFT,1736930087737,297.15,90,sell
TSLA,1736930088161,194.93,34,buy
TSLA,1736930089922,194.58,72,sell
NVDA,1736930090196,502.57,45,sell
MSFT,1736930091711,300.6,36,buy
AAPL,1736930091854,149.37,47,sell
AAPL,1736930091968,150.23,61,sell
MSFT,1736930092705,298.42,53,buy
NVDA,1736930092814,499.6,21,buy
NVDA,1736930093218,499.57,13,buy
TSLA,1736930093920,195.25,79,sell
NVDA,1736930097223,499.61,40,sell
TSLA,1736930098429,195.09,14,sell
MSFT,1736930100210,300.02,94,sell
TSLA,1736930101614,199.46,69,buy
TSLA,1736930102712,193.88,31,buy
AAPL,1736930103673,149.77,30,buy
TSLA,1736930104543,199.59,31,buy
TSLA,1736930107240,195.76,97,buy
TSLA,1736930107332,198.44,7,buy
SPY,1736930107711,401.4,92,buy
SPY,1736930107810,400.48,50,buy
NVDA,1736930107886,501.45,38,buy
TSLA,1736930109484,194.97,47,buy
SPY,1736930110355,399.27,79,buy
NVDA,1736930111761,499.63,74,buy
NVDA,1736930112948,502.8,44,buy
AAPL,1736930113454,152.9,50,sell
TSLA,1736930113557,195.56,95,buy
TSLA,1736930114094,199.99,13,buy
AAPL,1736930114712,151.83,3,buy
TSLA,1736930122645,199.37,17,sell
SPY,1736930122837,399.69,12,buy
SPY,1736930122991,400.17,60,buy
MSFT,1736930126074,299.25,95,buy
TSLA,1736930126527,198.34,28,sell
SPY,1736930126824,399.61,97,sell
MSFT,1736930128891,297.2,24,sell
AAPL,1736930129590,151.93,95,buy
SPY,1736930129652,399.55,46,sell
SPY,1736930129834,400.09,66,sell
NVDA,1736930130067,502.37,37,buy
MSFT,1736930133046,301.13,55,buy
AAPL,1736930133172,152.32,28,sell
SPY,1736930133425,399.51,25,buy
SPY,1736930133893,399.54,30,sell
AAPL,1736930133942,149.46,70,sell
AAPL,1736930134615,150.6,13,buy
TSLA,1736930135111,198.24,28,buy
MSFT,1736930135149,300.12,94,buy
SPY,1736930135329,401.2,59,sell
MSFT,1736930135667,297.91,65,sell
MSFT,1736930136025,299.64,58,sell
MSFT,1736930139090,298.73,93,buy
MSFT,1736930139597,296.95,47,sell
AAPL,1736930139731,149.78,39,sell
TSLA,1736930139922,200.08,10,buy
SPY,1736930140243,400.53,80,sell
SPY,1736930141254,399.35,33,sell
NVDA,1736930143713,502.61,27,sell
NVDA,1736930143720,499.34,19,sell
TSLA,1736930144054,198.84,18,sell
TSLA,1736930144735,198.68,95,sell
TSLA,1736930144868,195.2,27,sell
AAPL,1736930144971,152.02,80,sell
SPY,1736930145113,400.61,51,buy
AAPL,1736930145614,149.52,22,buy
NVDA,1736930145717,499.46,49,buy
TSLA,1736930146284,199.96,8,buy
SPY,1736930146623,399.61,43,buy
AAPL,1736930146985,150.94,82,sell
MSFT,1736930148282,299.41,19,buy
NVDA,1736930148295,499.57,31,buy
TSLA,1736930148299,195.34,22,sell
NVDA,1736930148409,503.61,24,sell
NVDA,1736930148577,501.53,63,buy
MSFT,1736930148979,301.46,61,sell
AAPL,1736930149442,150.0,27,sell
SPY,1736930151445,399.04,37,sell
TSLA,1736930152909,198.35,12,buy
NVDA,1736930153823,501.96,90,sell
AAPL,1736930153936,151.81,39,sell
TSLA,1736930153981,196.16,26,sell
NVDA,1736930154303,499.69,55,buy
AAPL,1736930154398,151.47,94,buy
TSLA,1736930155444,196.73,74,buy
NVDA,1736930155460,502.49,37,buy
SPY,1736930156056,400.93,33,buy
SPY,1736930156192,399.57,90,sell
MSFT,1736930156870,300.27,1,buy
MSFT,1736930157575,301.89,81,sell
TSLA,1736930157951,198.96,27,sell
AAPL,1736930159413,152.53,65,buy
MSFT,1736930159719,299.37,44,sell
AAPL,1736930160171,149.61,95,buy
TSLA,1736930160174,199.37,21,buy
TSLA,1736930161240,196.07,76,buy
TSLA,1736930161345,198.06,26,buy
NVDA,1736930161786,500.28,34,sell
NVDA,1736930162922,499.62,28,buy
TSLA,1736930164045,194.21,99,sell
NVDA,1736930164849,498.7,79,sell
MSFT,1736930164917,298.7,51,sell
TSLA,1736930165412,197.77,50,buy
MSFT,1736930165498,297.6,39,buy
TSLA,1736930165950,194.8,89,buy
MSFT,1736930166197,297.08,13,sell
NVDA,1736930166674,499.62,13,sell
TSLA,1736930166802,195.07,42,buy
TSLA,1736930167425,199.97,6,sell
MSFT,1736930169384,301.76,82,sell
AAPL,1736930169703,151.17,9,sell
AAPL,1736930170049,150.6,6,sell
AAPL,1736930170309,151.1,82,sell
SPY,1736930171904,400.22,2,buy
AAPL,1736930172409,149.27,47,buy
AAPL,1736930172610,152.53,63,sell
TSLA,1736930172843,199.7,67,buy
AAPL,1736930173748,151.74,23,buy
MSFT,1736930175089,303.04,20,buy
AAPL,1736930175846,151.72,70,sell
MSFT,1736930176859,300.14,58,buy
SPY,1736930178213,401.58,27,sell
SPY,1736930178311,400.36,37,buy
MSFT,1736930179360,298.72,30,sell
AAPL,1736930180444,152.08,92,buy
MSFT,1736930181717,298.82,60,sell
MSFT,1736930182300,301.48,67,sell
NVDA,1736930182460,499.67,13,sell
MSFT,1736930183153,303.03,100,buy
TSLA,1736930183797,200.18,31,buy
AAPL,1736930184597,151.46,93,buy
TSLA,1736930185457,196.69,11,sell
NVDA,1736930186138,502.07,4,sell
NVDA,1736930186362,498.84,84,sell
MSFT,1736930186896,300.09,82,sell
AAPL,1736930188707,152.22,13,buy
NVDA,1736930189942,500.29,49,sell
MSFT,1736930190243,296.54,66,sell
MSFT,1736930190707,297.86,38,sell
AAPL,1736930191694,152.6,96,buy
SPY,1736930192082,399.62,25,buy
TSLA,1736930192352,199.07,13,buy
AAPL,1736930192642,151.38,76,sell
MSFT,1736930194260,298.93,14,sell
NVDA,1736930194413,499.3,20,buy
SPY,1736930195280,401.68,65,sell
MSFT,1736930195293,302.32,32,sell
NVDA,1736930195349,501.05,78,sell
MSFT,1736930195470,299.12,38,buy
SPY,1736930195687,399.32,57,sell
SPY,1736930195742,399.43,30,buy
NVDA,1736930197130,504.15,68,sell
AAPL,1736930197349,149.74,57,buy
AAPL,1736930197621,151.97,55,buy
MSFT,1736930197913,300.7,11,sell
MSFT,1736930201503,296.55,30,buy
SPY,1736930202103,399.79,10,sell
AAPL,1736930202749,152.46,39,sell
MSFT,1736930203071,299.3,65,buy
TSLA,1736930203616,198.26,60,buy
TSLA,1736930203941,195.39,30,buy
NVDA,1736930204258,500.79,54,buy
AAPL,1736930204703,152.58,80,buy
SPY,1736930205042,401.08,65,buy
MSFT,1736930205852,299.14,30,buy
TSLA,1736930206312,197.86,48,buy
TSLA,1736930207294,199.68,72,sell
MSFT,1736930207536,298.22,23,buy
MSFT,1736930207570,298.63,61,buy
TSLA,1736930208588,198.72,79,buy
SPY,1736930210236,399.5,69,buy
NVDA,1736930210326,502.48,99,sell
TSLA,1736930210492,199.77,33,sell
MSFT,1736930210850,301.52,49,sell
NVDA,1736930211061,498.9,77,buy
TSLA,1736930211199,199.54,72,sell
SPY,1736930212820,400.22,86,sell
SPY,1736930213149,399.64,87,buy
SPY,1736930214301,400.77,31,sell
SPY,1736930216836,401.0,71,sell
MSFT,1736930217188,299.26,92,buy
SPY,1736930217346,400.47,13,sell
SPY,1736930217545,400.02,21,sell
NVDA,1736930217765,500.11,44,sell
TSLA,1736930218101,198.05,79,sell
SPY,1736930219270,399.53,59,sell
MSFT,1736930220279,297.34,3,sell
TSLA,1736930220812,199.29,80,sell
SPY,1736930221638,400.7,46,buy
AAPL,1736930222282,152.26,67,buy
NVDA,1736930223551,502.72,26,buy
TSLA,1736930223586,194.39,4,sell
MSFT,1736930226250,299.13,30,sell
SPY,1736930226339,399.13,46,buy
MSFT,1736930227558,298.74,67,buy
SPY,1736930228177,399.7,83,buy
MSFT,1736930228713,298.28,5,buy
AAPL,1736930228788,152.73,91,sell
TSLA,1736930228977,199.12,84,sell
NVDA,1736930229512,499.95,74,buy
AAPL,1736930229936,149.17,91,buy
TSLA,1736930231365,195.62,44,sell
AAPL,1736930231421,152.16,42,buy
TSLA,1736930231715,195.32,56,buy
AAPL,1736930232041,152.07,29,sell
NVDA,1736930232059,502.39,33,buy
TSLA,1736930232892,194.52,83,buy
AAPL,1736930233720,150.47,46,buy
NVDA,1736930234287,500.69,11,buy
NVDA,1736930234331,500.48,29,sell
NVDA,1736930234481,501.35,4,sell
MSFT,1736930234798,298.87,61,sell
MSFT,1736930235332,298.49,41,buy
TSLA,1736930237328,198.34,83,sell
MSFT,1736930238593,298.86,79,sell
NVDA,1736930239763,500.83,47,buy
NVDA,1736930240153,500.45,83,buy
AAPL,1736930240480,150.85,3,buy
NVDA,1736930241086,498.92,17,sell
TSLA,1736930241728,196.29,20,sell
NVDA,1736930241847,499.57,32,buy
TSLA,1736930242363,194.2,81,sell
TSLA,1736930243596,198.53,59,sell
SPY,1736930243882,401.42,77,buy
MSFT,1736930244828,298.25,91,buy
NVDA,1736930245290,503.29,35,buy
TSLA,1736930248205,196.0,2,sell
AAPL,1736930249093,149.87,98,sell
TSLA,1736930249970,199.35,71,buy
SPY,1736930250009,399.76,73,sell
TSLA,1736930250140,193.38,61,buy
TSLA,1736930250398,197.23,67,buy
MSFT,1736930253928,299.37,51,buy
AAPL,1736930254009,150.21,59,buy
NVDA,1736930254371,500.28,74,sell
SPY,1736930255275,400.89,4,buy
AAPL,1736930256262,150.31,18,buy
NVDA,1736930256332,501.95,36,sell
TSLA,1736930256640,195.37,14,sell
AAPL,1736930257585,152.04,96,buy
MSFT,1736930257991,302.75,66,sell
NVDA,1736930258406,498.8,88,sell
MSFT,1736930258895,299.97,56,buy
NVDA,1736930260392,498.72,52,sell
AAPL,1736930260800,149.23,24,sell
TSLA,1736930260810,195.36,67,buy
SPY,1736930261036,400.5,45,sell
MSFT,1736930261112,299.44,58,sell
SPY,1736930261275,399.6,23,sell
AAPL,1736930261505,150.75,50,sell
NVDA,1736930261536,500.79,87,sell
MSFT,1736930262390,299.04,81,buy
MSFT,1736930262445,301.68,84,sell
MSFT,1736930262644,299.12,96,buy
AAPL,1736930263394,152.6,14,buy
MSFT,1736930264743,297.17,93,sell
NVDA,1736930265383,501.56,28,buy
TSLA,1736930266652,195.12,37,buy
AAPL,1736930267328,151.92,7,sell
SPY,1736930269174,400.91,19,sell
AAPL,1736930270081,151.42,80,sell
TSLA,1736930270135,197.4,62,sell
NVDA,1736930273054,498.8,16,sell
TSLA,1736930274992,198.46,76,buy
MSFT,1736930275236,300.0,32,buy
TSLA,1736930275352,198.64,48,sell
TSLA,1736930276747,195.71,95,buy
SPY,1736930277091,400.69,35,buy
SPY,1736930277398,400.32,16,sell
TSLA,1736930280534,197.88,11,buy
MSFT,1736930280602,297.17,38,buy
MSFT,1736930281771,299.05,51,buy
TSLA,1736930282126,199.27,3,buy
NVDA,1736930283086,500.81,51,buy
TSLA,1736930283524,199.65,46,buy
AAPL,1736930284668,150.93,15,sell
SPY,1736930284795,400.16,39,buy
SPY,1736930285041,399.25,29,buy
NVDA,1736930285630,501.66,43,sell
NVDA,1736930285967,500.13,50,sell
SPY,1736930286659,399.51,70,buy
MSFT,1736930286952,301.41,45,buy
TSLA,1736930287868,198.69,54,buy
SPY,1736930287930,399.78,10,buy
SPY,1736930288051,401.28,30,sell
MSFT,1736930288940,300.08,46,sell
AAPL,1736930290137,150.31,82,sell
TSLA,1736930291045,199.57,98,sell
NVDA,1736930291395,500.13,80,buy
MSFT,1736930291672,300.14,1,sell
SPY,1736930291993,400.83,20,sell
AAPL,1736930292715,152.12,26,sell
SPY,1736930293795,400.56,15,buy
SPY,1736930295312,401.19,49,buy
NVDA,1736930295756,499.39,61,sell
NVDA,1736930296024,503.52,17,buy
MSFT,1736930296089,300.99,29,buy
NVDA,1736930296304,502.05,98,sell
MSFT,1736930297353,297.8,70,buy
NVDA,1736930297589,501.06,44,buy
MSFT,1736930298323,300.67,59,buy
MSFT,1736930299130,301.74,2,buy
AAPL,1736930299855,152.29,62,buy
SPY,1736930299883,401.07,87,buy
MSFT,1736930300337,298.82,8,sell
AAPL,1736930301065,152.62,78,sell
SPY,1736930301639,399.72,86,buy
SPY,1736930302698,401.05,50,buy
TSLA,1736930303419,195.58,68,buy
TSLA,1736930304665,195.63,26,buy
TSLA,1736930304753,197.64,89,buy
SPY,1736930304797,401.23,27,buy
MSFT,1736930305499,300.47,93,buy
TSLA,1736930305907,198.65,78,buy
SPY,1736930306875,400.31,80,sell
AAPL,1736930307003,152.21,83,sell
NVDA,1736930307825,502.01,47,sell
TSLA,1736930308002,195.24,67,sell
AAPL,1736930308026,152.53,90,sell
MSFT,1736930308753,296.74,27,sell
NVDA,1736930308772,501.46,70,sell
TSLA,1736930310818,193.26,35,buy
NVDA,1736930311085,502.05,20,sell
NVDA,1736930311596,503.7,13,buy
AAPL,1736930311884,152.96,7,buy
AAPL,1736930311937,151.1,68,buy
TSLA,1736930312020,195.97,48,buy
NVDA,1736930312624,500.41,33,sell
SPY,1736930312652,399.81,95,sell
AAPL,1736930312821,151.72,23,buy
NVDA,1736930312964,502.39,25,buy
TSLA,1736930314258,199.83,32,buy
MSFT,1736930314417,299.19,15,buy
MSFT,1736930315733,297.83,88,buy
AAPL,1736930318517,150.0,58,sell
TSLA,1736930318910,198.71,22,sell
TSLA,1736930319397,197.82,46,sell
AAPL,1736930319513,150.47,11,sell
SPY,1736930320223,399.23,2,sell
SPY,1736930320675,398.9,69,buy
SPY,1736930320825,400.61,28,buy
TSLA,1736930321258,197.77,50,sell
TSLA,1736930321307,195.32,5,sell
NVDA,1736930322437,501.7,86,sell
NVDA,1736930322636,501.91,12,buy
AAPL,1736930322803,153.1,42,sell
AAPL,1736930324814,149.85,90,sell
NVDA,1736930325095,499.17,83,sell
NVDA,1736930325411,500.56,5,buy
MSFT,1736930325459,301.36,62,buy
MSFT,1736930325716,299.16,28,sell
TSLA,1736930326017,196.02,40,sell
MSFT,1736930326117,300.87,64,buy
SPY,1736930326150,399.71,22,sell
NVDA,1736930326221,499.48,57,buy
TSLA,1736930326326,195.96,43,buy
MSFT,1736930328475,300.05,42,sell
NVDA,1736930329397,500.44,75,sell
AAPL,1736930330105,151.57,16,sell
TSLA,1736930330425,199.33,86,sell
AAPL,1736930331253,150.84,2,sell
NVDA,1736930334021,499.65,97,sell
NVDA,1736930334055,500.77,51,buy
SPY,1736930334413,399.29,11,sell
SPY,1736930335233,400.15,91,sell
NVDA,1736930335351,500.15,88,sell
NVDA,1736930337112,502.61,53,buy
NVDA,1736930339867,502.4,15,sell
NVDA,1736930339898,503.62,48,sell
SPY,1736930340005,399.46,7,sell
TSLA,1736930340405,200.03,18,buy
MSFT,1736930344756,298.92,30,sell
MSFT,1736930347336,300.85,21,sell
NVDA,1736930348305,499.77,42,sell
SPY,1736930348705,401.15,52,buy
AAPL,1736930349256,150.21,83,sell
MSFT,1736930350488,301.53,64,buy
SPY,1736930350899,399.8,64,sell
AAPL,1736930351021,151.91,29,sell
NVDA,1736930353153,501.31,9,buy
NVDA,1736930353733,500.2,47,buy
TSLA,1736930355829,199.87,58,buy
AAPL,1736930356579,151.86,60,sell
AAPL,1736930356645,149.63,23,sell
MSFT,1736930357225,296.76,77,sell
TSLA,1736930357727,195.18,68,sell
MSFT,1736930357864,299.69,74,buy
TSLA,1736930358254,194.86,37,sell
TSLA,1736930358610,199.23,36,sell
AAPL,1736930358782,150.29,85,buy
AAPL,1736930361145,151.91,18,sell
NVDA,1736930361807,500.18,30,buy
MSFT,1736930361812,297.19,45,buy
TSLA,1736930362447,193.75,60,buy
NVDA,1736930362480,501.52,25,sell
SPY,1736930362514,400.5,91,buy
MSFT,1736930362549,297.47,29,buy
AAPL,1736930364521,151.77,95,sell
SPY,1736930365569,400.76,68,sell
NVDA,1736930365873,499.47,98,buy
AAPL,1736930366756,149.94,7,buy
AAPL,1736930367258,149.31,63,sell
NVDA,1736930367354,499.94,60,buy
MSFT,1736930368563,298.9,90,buy
SPY,1736930368777,399.49,13,buy
MSFT,1736930369065,302.7,52,sell
AAPL,1736930369217,152.14,6,buy
SPY,1736930369419,399.75,75,sell
SPY,1736930369876,399.39,41,buy
NVDA,1736930370417,499.16,93,sell
SPY,1736930370439,399.67,60,buy
NVDA,1736930371374,503.16,65,sell
MSFT,1736930371586,296.98,70,buy
MSFT,1736930371703,302.76,89,buy
MSFT,1736930372577,301.17,13,buy
SPY,1736930372968,400.67,89,buy
MSFT,1736930373086,297.87,61,sell
SPY,1736930373649,399.39,51,sell
AAPL,1736930374253,149.36,2,sell
NVDA,1736930374578,500.44,16,sell
AAPL,1736930375365,149.7,1,buy
TSLA,1736930375459,199.71,4,sell
TSLA,1736930376203,194.75,48,buy
MSFT,1736930376643,297.63,3,buy
NVDA,1736930376716,501.74,51,sell
MSFT,1736930378532,299.23,48,buy
NVDA,1736930378839,500.58,61,buy
AAPL,1736930378898,151.74,85,buy
SPY,1736930379256,399.05,59,buy
MSFT,1736930379822,296.96,85,sell
AAPL,1736930380151,151.34,88,buy
AAPL,1736930380467,150.36,12,buy
MSFT,1736930381317,301.1,14,buy
NVDA,1736930382038,498.82,1,sell
MSFT,1736930383941,298.65,31,sell
MSFT,1736930384691,297.03,46,buy
NVDA,1736930384946,499.31,73,sell
SPY,1736930385204,399.0,94,sell
MSFT,1736930385481,297.61,67,buy
AAPL,1736930385596,149.97,54,sell
TSLA,1736930385847,195.46,83,sell
AAPL,1736930386736,152.46,12,sell
MSFT,1736930388375,298.13,43,buy
SPY,1736930389156,399.73,10,sell
NVDA,1736930389177,499.45,31,buy
NVDA,1736930389402,499.28,32,buy
SPY,1736930389775,400.38,65,sell
NVDA,1736930389819,500.09,79,buy
SPY,1736930390259,399.68,48,buy
NVDA,1736930390708,500.14,92,sell
TSLA,1736930390856,199.33,8,buy
TSLA,1736930392655,199.43,62,buy
AAPL,1736930393323,150.42,38,sell
SPY,1736930395551,399.92,78,sell
TSLA,1736930395566,198.8,28,buy
MSFT,1736930395790,297.14,33,sell
MSFT,1736930395841,296.78,57,sell
SPY,1736930396189,398.89,8,sell
NVDA,1736930397057,502.64,3,sell
TSLA,1736930397068,197.52,18,sell
AAPL,1736930397940,150.73,78,buy
TSLA,1736930397966,193.68,7,buy
SPY,1736930399589,399.82,47,buy
AAPL,1736930399716,152.21,82,sell
SPY,1736930399814,399.89,98,buy
MSFT,1736930401413,299.0,31,sell
SPY,1736930401526,400.54,64,sell
MSFT,1736930402287,299.31,18,buy
NVDA,1736930402398,499.74,48,buy
AAPL,1736930402751,153.07,89,buy
MSFT,1736930402880,301.49,53,buy
AAPL,1736930403002,152.71,80,buy
AAPL,1736930405047,152.79,11,buy
MSFT,1736930405175,300.26,10,buy
TSLA,1736930406302,198.34,7,buy
AAPL,1736930407372,149.68,21,buy
AAPL,1736930407879,151.0,75,buy
SPY,1736930408729,400.55,21,buy
AAPL,1736930408937,152.76,9,buy
NVDA,1736930409217,500.98,62,buy
TSLA,1736930410319,199.92,12,buy
NVDA,1736930410672,501.66,52,sell
TSLA,1736930410843,198.33,34,buy
TSLA,1736930411377,194.58,57,sell
NVDA,1736930411748,502.68,91,sell
NVDA,1736930411928,501.85,72,buy
TSLA,1736930412185,199.14,2,buy
MSFT,1736930412331,300.09,25,buy
MSFT,1736930412957,297.2,22,sell
MSFT,1736930413114,297.78,50,sell
MSFT,1736930415303,301.74,54,buy
AAPL,1736930415676,150.15,90,buy
TSLA,1736930416107,195.47,58,sell
TSLA,1736930416890,198.24,1,sell
SPY,1736930417557,399.52,69,buy
NVDA,1736930417953,502.37,52,buy
AAPL,1736930417985,150.12,93,buy
NVDA,1736930418168,503.42,31,sell
AAPL,1736930418698,149.46,58,buy
MSFT,1736930418926,301.27,43,buy
SPY,1736930419042,400.64,29,sell
MSFT,1736930419145,297.41,93,sell
NVDA,1736930419298,500.53,17,buy
TSLA,1736930420156,198.79,30,sell
SPY,1736930422033,399.33,13,sell
AAPL,1736930423174,149.24,86,sell
AAPL,1736930423447,152.18,13,buy
NVDA,1736930423980,500.44,83,buy
SPY,1736930424019,399.59,46,sell
TSLA,1736930424235,200.2,38,sell
TSLA,1736930426029,194.58,4,sell
MSFT,1736930427032,296.72,98,buy
MSFT,1736930427637,299.98,38,sell
MSFT,1736930429314,298.53,51,sell
SPY,1736930429784,399.83,34,buy
NVDA,1736930429830,500.64,27,buy
MSFT,1736930430703,298.25,29,buy
SPY,1736930431892,401.42,2,buy
SPY,1736930432083,399.46,9,buy
TSLA,1736930432228,199.5,56,sell
NVDA,1736930433374,501.71,24,buy
SPY,1736930433727,398.74,73,buy
AAPL,1736930434953,152.7,81,buy
AAPL,1736930435379,149.86,40,buy
AAPL,1736930435527,150.06,65,sell
SPY,1736930436018,399.75,56,buy
SPY,1736930436104,399.58,65,buy
NVDA,1736930437255,502.76,50,buy
AAPL,1736930437365,150.81,83,sell
NVDA,1736930437717,502.04,33,buy
AAPL,1736930438671,152.56,20,buy
SPY,1736930438885,399.22,12,sell
SPY,1736930440028,401.43,96,buy
AAPL,1736930440373,149.03,32,buy
MSFT,1736930440430,302.24,68,buy
NVDA,1736930440997,498.72,29,buy
AAPL,1736930441238,152.9,9,sell
MSFT,1736930442653,301.43,87,sell
NVDA,1736930442916,500.2,100,buy
AAPL,1736930443859,151.17,68,sell
NVDA,1736930443879,499.96,90,sell
AAPL,1736930443931,153.03,62,buy
MSFT,1736930444881,299.46,55,sell
TSLA,1736930445190,198.44,81,sell
AAPL,1736930445885,151.91,44,sell
TSLA,1736930446762,198.87,43,sell
NVDA,1736930446979,500.0,6,sell
SPY,1736930447726,400.19,51,sell
TSLA,1736930449223,195.01,62,buy
MSFT,1736930449423,302.56,79,buy
TSLA,1736930451191,195.54,59,buy
AAPL,1736930451403,151.05,10,buy
MSFT,1736930451437,299.46,47,sell
SPY,1736930451602,400.26,40,sell
NVDA,1736930452153,501.66,89,sell
TSLA,1736930452495,195.64,32,buy
SPY,1736930453085,400.25,1,buy
MSFT,1736930453670,297.22,86,buy
AAPL,1736930453686,151.73,77,sell
NVDA,1736930454399,502.82,24,buy
MSFT,1736930454671,299.05,94,sell
SPY,1736930456431,399.84,6,sell
TSLA,1736930458292,195.98,4,sell
AAPL,1736930459076,151.36,34,sell
NVDA,1736930459324,501.71,77,sell
AAPL,1736930462377,150.62,29,sell
SPY,1736930463349,400.38,15,sell
AAPL,1736930464311,149.67,62,buy
SPY,1736930465454,400.53,74,sell
TSLA,1736930465707,197.38,92,sell
AAPL,1736930465750,149.88,28,buy
NVDA,1736930466299,502.15,88,sell
TSLA,1736930466836,195.03,53,buy
AAPL,1736930467465,151.85,60,sell
AAPL,1736930468670,150.99,35,buy
TSLA,1736930468687,199.98,4,buy
MSFT,1736930469459,302.5,46,buy
AAPL,1736930470694,149.98,95,buy
SPY,1736930470910,399.54,9,sell
NVDA,1736930470911,503.3,84,buy
NVDA,1736930472028,501.35,47,sell
NVDA,1736930472289,503.81,5,sell
MSFT,1736930472616,303.31,48,sell
MSFT,1736930475119,297.35,75,buy
AAPL,1736930475235,149.93,36,buy
NVDA,1736930476055,498.79,71,buy
AAPL,1736930478129,153.07,51,buy
MSFT,1736930479024,299.37,89,buy
NVDA,1736930479347,500.9,97,buy
TSLA,1736930479580,195.11,60,sell
NVDA,1736930479670,502.11,34,sell
MSFT,1736930480064,299.09,84,buy
MSFT,1736930480419,297.64,16,sell
NVDA,1736930480480,500.32,95,sell
AAPL,1736930481216,152.56,12,sell
SPY,1736930481992,400.36,5,buy
SPY,1736930482414,400.73,38,buy
AAPL,1736930483468,149.87,66,buy
TSLA,1736930485279,198.68,5,sell
TSLA,1736930486200,199.88,90,buy
AAPL,1736930487017,150.38,51,sell
MSFT,1736930487247,300.1,63,buy
SPY,1736930490259,399.66,30,sell
SPY,1736930492426,400.78,24,buy
NVDA,1736930493778,501.77,46,sell
AAPL,1736930493813,151.82,86,sell
AAPL,1736930494565,151.64,82,sell
MSFT,1736930494639,299.48,88,buy
AAPL,1736930494675,149.35,89,buy
TSLA,1736930495370,199.99,36,sell
NVDA,1736930496099,502.16,67,buy
MSFT,1736930496597,301.64,30,buy
MSFT,1736930496809,299.67,27,sell
SPY,1736930497794,399.13,99,buy
SPY,1736930497965,400.6,72,buy
NVDA,1736930498292,500.24,65,sell
MSFT,1736930501176,297.73,6,buy
SPY,1736930502318,401.13,6,sell
SPY,1736930502346,400.52,32,sell
NVDA,1736930502719,502.67,31,sell
NVDA,1736930503199,499.69,87,buy
TSLA,1736930506336,199.73,68,sell
TSLA,1736930506546,200.01,19,buy
MSFT,1736930507857,299.06,16,buy
AAPL,1736930508307,151.23,9,sell
MSFT,1736930509160,301.01,56,sell
MSFT,1736930512506,296.59,76,buy
SPY,1736930512794,400.52,84,buy
TSLA,1736930514057,199.47,21,sell
MSFT,1736930514070,299.51,56,buy
MSFT,1736930514712,297.39,3,buy
AAPL,1736930515095,151.8,34,sell
NVDA,1736930517277,500.02,76,buy
MSFT,1736930517280,298.91,8,sell
AAPL,1736930519037,150.73,64,buy
MSFT,1736930519245,302.1,52,sell
MSFT,1736930519809,300.23,96,buy
SPY,1736930520776,399.18,17,sell
AAPL,1736930523072,149.97,13,buy
AAPL,1736930523123,151.45,61,sell
TSLA,1736930523197,199.33,80,buy
SPY,1736930523549,401.01,88,sell
NVDA,1736930527005,499.43,84,sell
SPY,1736930527068,399.56,99,buy
NVDA,1736930527431,502.91,40,sell
MSFT,1736930528620,296.95,24,buy
AAPL,1736930528994,152.2,69,sell
TSLA,1736930529009,198.5,2,sell
SPY,1736930529285,400.29,41,sell
NVDA,1736930529294,501.44,97,buy
MSFT,1736930530313,300.15,24,sell
TSLA,1736930530831,199.36,46,buy
TSLA,1736930530831,194.95,37,buy
AAPL,1736930531479,151.15,26,buy
SPY,1736930531599,401.65,49,sell
SPY,1736930532015,399.58,36,sell
MSFT,1736930532369,297.5,16,sell
SPY,1736930532425,399.55,83,sell
NVDA,1736930533031,501.37,19,buy
AAPL,1736930533300,150.89,35,buy
AAPL,1736930534132,151.13,54,buy
NVDA,1736930534672,501.26,27,buy
AAPL,1736930536418,151.45,55,buy
SPY,1736930536681,399.75,91,sell
AAPL,1736930536720,152.93,27,buy
AAPL,1736930537762,153.17,78,sell
SPY,1736930537784,399.83,1,buy
MSFT,1736930537901,298.94,6,buy
AAPL,1736930538300,152.68,82,sell
SPY,1736930538336,400.08,31,buy
NVDA,1736930539122,503.87,12,sell
SPY,1736930540997,399.95,31,sell
MSFT,1736930541237,299.63,90,buy
AAPL,1736930541710,150.53,24,sell
MSFT,1736930542072,298.81,83,buy
TSLA,1736930543002,197.87,18,sell
MSFT,1736930544258,301.81,92,sell
MSFT,1736930544267,298.53,39,buy
MSFT,1736930545472,302.55,58,buy
MSFT,1736930546033,302.88,84,sell
NVDA,1736930546056,501.81,20,sell
NVDA,1736930546424,499.67,22,sell
AAPL,1736930546433,152.69,80,sell
TSLA,1736930546701,194.85,97,sell
AAPL,1736930548890,151.99,80,buy
MSFT,1736930550200,296.94,79,sell
TSLA,1736930550376,199.93,80,buy
SPY,1736930550865,399.86,54,sell
MSFT,1736930551064,300.23,6,buy
MSFT,1736930551788,298.57,10,buy
MSFT,1736930553143,300.51,9,sell
NVDA,1736930553647,501.67,86,sell
MSFT,1736930554066,300.08,96,sell
MSFT,1736930554134,298.65,99,sell
TSLA,1736930555402,199.37,51,buy
SPY,1736930556707,400.53,95,buy
AAPL,1736930557055,151.22,98,buy
NVDA,1736930558496,500.61,50,sell
AAPL,1736930559142,149.83,20,sell
NVDA,1736930559404,502.54,35,buy
NVDA,1736930560959,501.18,23,sell
TSLA,1736930562111,198.59,38,sell
NVDA,1736930562453,502.78,71,buy
NVDA,1736930563275,503.85,44,buy
MSFT,1736930565339,300.29,84,buy
SPY,1736930566206,399.37,69,buy
SPY,1736930567624,399.6,47,sell
MSFT,1736930568445,296.94,55,sell
AAPL,1736930568752,151.93,61,sell
AAPL,1736930569583,149.98,94,buy
AAPL,1736930569617,152.45,17,sell
TSLA,1736930569996,195.03,4,sell
MSFT,1736930570265,302.0,86,sell
SPY,1736930571153,399.04,61,buy
MSFT,1736930571164,300.3,23,sell
NVDA,1736930571842,499.93,61,buy
MSFT,1736930572283,298.16,8,buy
SPY,1736930573616,401.09,28,buy
NVDA,1736930575337,502.93,17,sell
NVDA,1736930575561,501.39,20,sell
TSLA,1736930578793,195.21,41,sell
AAPL,1736930579290,152.83,91,sell
SPY,1736930580759,399.93,54,sell
AAPL,1736930581145,149.22,4,buy
NVDA,1736930581338,501.74,43,buy
MSFT,1736930581348,297.55,52,buy
TSLA,1736930582007,195.28,16,sell
TSLA,1736930584160,195.7,14,sell
NVDA,1736930585202,500.25,12,sell
SPY,1736930587265,400.24,84,buy
AAPL,1736930588055,149.28,55,sell
SPY,1736930589307,399.34,95,buy
SPY,1736930591308,399.79,1,buy
TSLA,1736930591630,198.5,61,sell
TSLA,1736930592661,195.41,40,buy
AAPL,1736930593354,151.95,97,buy
NVDA,1736930594283,502.75,78,buy
AAPL,1736930595424,149.22,7,buy
SPY,1736930595675,400.76,15,sell
TSLA,1736930595784,198.51,33,buy
NVDA,1736930596232,500.46,67,sell
AAPL,1736930597741,149.52,45,sell
NVDA,1736930598009,502.38,68,sell
MSFT,1736930598964,297.08,82,sell
AAPL,1736930599563,149.95,44,buy
MSFT,1736930600326,299.39,18,sell
TSLA,1736930601484,198.41,37,sell
MSFT,1736930602091,301.52,64,sell
NVDA,1736930602321,502.02,31,sell
AAPL,1736930602923,150.92,88,buy
AAPL,1736930602997,150.66,24,buy
NVDA,1736930605773,500.39,34,sell
TSLA,1736930607734,196.97,5,buy
SPY,1736930609026,401.22,14,buy
MSFT,1736930610117,300.1,39,sell
TSLA,1736930611900,198.48,27,sell
SPY,1736930612168,401.68,36,sell
AAPL,1736930614687,149.73,68,buy
AAPL,1736930614714,151.95,56,sell
TSLA,1736930615026,194.53,71,buy
AAPL,1736930617303,151.09,49,buy
TSLA,1736930617377,195.12,17,sell
SPY,1736930618426,400.26,48,sell
SPY,1736930619222,399.72,87,sell
NVDA,1736930619310,501.81,87,buy
AAPL,1736930619435,151.22,77,sell
MSFT,1736930620483,298.71,88,buy
MSFT,1736930620942,298.39,38,buy
MSFT,1736930621096,298.99,20,buy
MSFT,1736930622324,302.77,29,sell
SPY,1736930622574,400.17,96,buy
NVDA,1736930623102,503.01,60,sell
SPY,1736930623645,399.62,52,buy
AAPL,1736930623672,151.29,57,buy
TSLA,1736930624673,196.33,52,buy
AAPL,1736930625636,150.29,20,buy
MSFT,1736930625661,299.86,8,buy
AAPL,1736930626200,151.85,92,sell
SPY,1736930626628,400.71,5,buy
AAPL,1736930626746,149.05,65,sell
AAPL,1736930627246,149.86,35,sell
SPY,1736930628803,399.75,35,buy
MSFT,1736930628946,299.33,48,sell
SPY,1736930629438,399.8,100,sell
SPY,1736930630219,398.99,62,sell
NVDA,1736930631646,500.81,12,buy
TSLA,1736930631832,195.53,2,buy
MSFT,1736930632791,297.38,54,sell
NVDA,1736930633184,502.51,18,buy
AAPL,1736930633826,152.14,85,buy
NVDA,1736930635313,502.38,65,buy
TSLA,1736930635356,198.6,83,buy
TSLA,1736930635712,198.73,30,buy
TSLA,1736930635922,195.52,6,sell
NVDA,1736930636210,501.38,13,sell
AAPL,1736930636574,151.25,74,buy
TSLA,1736930637310,195.4,18,buy
NVDA,1736930637669,499.1,7,buy
NVDA,1736930638271,502.45,94,sell
SPY,1736930639968,399.8,11,sell
AAPL,1736930640916,151.6,3,buy
SPY,1736930642227,400.06,39,sell
TSLA,1736930642663,195.22,65,sell
NVDA,1736930642669,499.07,72,buy
MSFT,1736930642873,297.73,8,buy
TSLA,1736930643030,198.77,51,buy
AAPL,1736930644552,152.5,35,buy
TSLA,1736930644809,195.53,13,buy
AAPL,1736930644850,151.81,15,sell
TSLA,1736930645566,195.55,16,sell
SPY,1736930646161,400.35,38,buy
AAPL,1736930648332,150.43,74,sell
TSLA,1736930648416,194.0,33,sell
TSLA,1736930648779,200.23,15,sell
AAPL,1736930649000,149.75,42,sell
TSLA,1736930649025,194.05,20,sell
TSLA,1736930649700,195.56,24,sell
TSLA,1736930649737,198.55,65,sell
TSLA,1736930651617,198.32,35,sell
TSLA,1736930651730,199.35,6,buy
NVDA,1736930654177,499.58,82,sell
TSLA,1736930655176,199.15,63,sell
SPY,1736930655408,399.93,44,buy
MSFT,1736930655541,300.43,19,sell
AAPL,1736930655927,153.16,69,buy
AAPL,1736930656394,153.2,16,buy
TSLA,1736930656981,198.57,96,sell
NVDA,1736930657347,501.68,16,sell
MSFT,1736930658320,297.47,97,buy
NVDA,1736930658375,502.31,98,sell
NVDA,1736930658533,501.26,86,sell
NVDA,1736930661111,501.89,92,sell
NVDA,1736930661868,501.04,29,sell
MSFT,1736930662313,299.16,61,sell
AAPL,1736930663155,152.27,20,buy
NVDA,1736930664407,499.71,64,sell
SPY,1736930664623,399.08,92,sell
SPY,1736930665249,399.83,28,buy
SPY,1736930666855,399.39,57,buy
TSLA,1736930666918,194.11,3,sell
AAPL,1736930668478,151.79,70,buy
MSFT,1736930668629,297.6,75,buy
SPY,1736930670808,400.82,53,buy
AAPL,1736930671095,151.64,12,buy
TSLA,1736930671101,198.08,42,sell
NVDA,1736930671998,501.59,10,sell
MSFT,1736930672005,299.93,21,buy
SPY,1736930674158,400.12,66,buy
MSFT,1736930674595,297.68,78,buy
NVDA,1736930675047,503.03,5,buy
SPY,1736930675330,401.2,11,buy
SPY,1736930677437,399.76,44,buy
NVDA,1736930678323,502.38,3,buy
NVDA,1736930678892,500.87,1,buy
TSLA,1736930678961,197.66,97,sell
TSLA,1736930679276,195.48,86,buy
TSLA,1736930679403,200.02,9,sell
TSLA,1736930679974,193.72,44,buy
NVDA,1736930680159,501.02,76,sell
NVDA,1736930680174,499.54,41,sell
NVDA,1736930680263,500.74,35,buy
NVDA,1736930680486,499.38,15,buy
AAPL,1736930680546,152.6,66,sell
NVDA,1736930680629,499.96,13,buy
MSFT,1736930681604,299.23,73,sell
SPY,1736930681925,401.42,16,sell
SPY,1736930682396,400.14,77,buy
SPY,1736930683409,399.87,15,buy
SPY,1736930684881,399.12,7,sell
AAPL,1736930685144,152.15,58,sell
AAPL,1736930686200,151.21,25,sell
SPY,1736930686319,400.41,14,buy
SPY,1736930687149,400.83,83,buy
AAPL,1736930688366,151.42,68,sell
TSLA,1736930688735,195.44,35,buy
AAPL,1736930689559,150.52,7,buy
AAPL,1736930690285,150.77,11,buy
TSLA,1736930690496,194.45,64,sell
TSLA,1736930691052,200.39,21,sell
AAPL,1736930691564,150.34,38,sell
MSFT,1736930692594,299.42,69,buy
MSFT,1736930692749,298.6,17,buy
NVDA,1736930693097,498.76,59,sell
SPY,1736930694298,399.18,1,buy
MSFT,1736930694504,297.12,21,buy
AAPL,1736930695435,152.24,43,sell
AAPL,1736930695940,151.28,64,buy
NVDA,1736930696122,503.39,96,buy
NVDA,1736930696478,499.11,57,buy
TSLA,1736930697845,193.52,66,sell
MSFT,1736930698268,300.11,47,sell
SPY,1736930698670,400.61,32,buy
SPY,1736930698802,400.94,62,buy
NVDA,1736930698905,501.88,61,buy
NVDA,1736930699243,500.34,17,sell
AAPL,1736930699907,152.63,66,buy
TSLA,1736930700037,199.04,7,sell
AAPL,1736930701707,152.91,62,buy
NVDA,1736930702714,499.86,51,sell
AAPL,1736930702876,152.39,73,buy
MSFT,1736930703926,299.19,58,sell
SPY,1736930704392,399.17,33,buy
MSFT,1736930705493,299.67,7,sell
SPY,1736930706114,399.45,67,buy
SPY,1736930707451,399.11,4,buy
AAPL,1736930707598,151.2,92,buy
MSFT,1736930708039,298.56,41,sell
NVDA,1736930708114,500.83,94,buy
TSLA,1736930709238,194.82,33,sell
TSLA,1736930709481,199.2,75,sell
SPY,1736930709894,400.5,79,buy
AAPL,1736930710553,152.21,44,buy
TSLA,1736930714736,194.68,78,sell
SPY,1736930715150,399.49,89,buy
MSFT,1736930715535,298.81,62,buy
NVDA,1736930716235,502.73,16,sell
TSLA,1736930717555,200.0,34,buy
MSFT,1736930719463,298.1,11,sell
NVDA,1736930719549,503.67,76,sell
MSFT,1736930719560,298.22,89,buy
TSLA,1736930720703,196.95,88,sell
TSLA,1736930721252,197.2,8,buy
TSLA,1736930721800,193.57,42,sell
NVDA,1736930723095,500.32,80,buy
NVDA,1736930725191,501.11,54,buy
NVDA,1736930726040,502.99,39,buy
SPY,1736930727751,399.53,74,sell
SPY,1736930731198,401.08,59,sell
NVDA,1736930732193,499.68,15,buy
TSLA,1736930732734,197.85,17,buy
AAPL,1736930733724,151.94,87,buy
NVDA,1736930734254,503.02,51,buy
SPY,1736930734978,400.07,58,buy
SPY,1736930735487,400.45,18,buy
AAPL,1736930735962,153.11,98,buy
SPY,1736930736459,399.92,12,buy
TSLA,1736930736639,196.36,56,sell
TSLA,1736930736653,198.39,33,sell
MSFT,1736930737771,301.69,27,buy
SPY,1736930737982,400.45,85,buy
MSFT,1736930738377,299.17,21,sell
SPY,1736930741353,401.12,83,buy
TSLA,1736930741522,198.63,45,sell
TSLA,1736930742160,199.9,71,sell
AAPL,1736930742908,150.77,84,sell
AAPL,1736930744094,150.81,16,buy
AAPL,1736930744514,149.77,99,sell
TSLA,1736930744573,194.95,11,buy
TSLA,1736930745053,195.4,22,buy
SPY,1736930747205,399.31,23,buy
AAPL,1736930747854,150.94,27,sell
NVDA,1736930748360,501.29,60,buy
AAPL,1736930748404,149.78,3,buy
AAPL,1736930748954,152.8,41,buy
AAPL,1736930749362,150.91,8,sell
AAPL,1736930751161,151.74,90,sell
AAPL,1736930751175,151.05,88,sell
MSFT,1736930751398,300.36,28,buy
NVDA,1736930751475,501.72,62,sell
SPY,1736930754526,399.23,70,buy
TSLA,1736930754530,197.88,52,buy
TSLA,1736930755712,198.25,35,sell
MSFT,1736930755790,296.68,21,buy
NVDA,1736930756685,499.08,1,buy
TSLA,1736930756781,198.75,66,buy
TSLA,1736930756794,195.14,92,sell
SPY,1736930756953,401.22,71,buy
SPY,1736930756997,401.15,89,buy
SPY,1736930757204,400.45,7,buy
MSFT,1736930758073,298.83,70,sell
AAPL,1736930758143,151.55,16,sell
MSFT,1736930758407,298.26,50,sell
AAPL,1736930758674,149.89,22,buy
SPY,1736930761211,401.45,80,sell
TSLA,1736930761680,196.19,57,sell
MSFT,1736930762888,299.93,24,sell
TSLA,1736930763973,199.94,90,buy
SPY,1736930764569,399.46,62,buy
AAPL,1736930765422,151.41,27,buy
MSFT,1736930765566,300.61,92,buy
TSLA,1736930765878,195.49,61,buy
SPY,1736930765884,399.81,31,sell
AAPL,1736930766017,152.58,37,buy
TSLA,1736930766113,196.34,78,sell
MSFT,1736930767054,302.46,71,sell
TSLA,1736930767061,198.36,37,buy
SPY,1736930767510,399.39,60,buy
MSFT,1736930768245,300.13,49,buy
TSLA,1736930768430,195.24,99,sell
AAPL,1736930768624,151.99,8,sell
NVDA,1736930768907,499.54,32,buy
SPY,1736930768949,401.47,9,buy
TSLA,1736930769903,198.72,53,sell
NVDA,1736930770153,502.66,84,sell
TSLA,1736930771146,198.95,50,sell
SPY,1736930771650,398.89,56,sell
TSLA,1736930771983,198.49,51,buy
NVDA,1736930772285,502.84,82,sell
AAPL,1736930773652,149.94,19,buy
SPY,1736930774000,400.46,48,buy
NVDA,1736930774067,499.56,57,sell
MSFT,1736930774597,297.15,55,sell
SPY,1736930775403,400.65,5,sell
AAPL,1736930775507,153.07,65,sell
NVDA,1736930776908,502.7,100,sell
AAPL,1736930777130,150.62,97,buy
NVDA,1736930778120,498.59,90,sell
MSFT,1736930778901,302.26,75,sell
MSFT,1736930779125,298.63,73,sell
NVDA,1736930780361,499.79,18,sell
AAPL,1736930781067,152.34,22,sell
AAPL,1736930781229,149.74,55,buy
AAPL,1736930781250,150.56,16,sell
TSLA,1736930781534,198.24,84,buy
SPY,1736930781689,399.39,40,sell
SPY,1736930781894,400.24,61,buy
NVDA,1736930782298,502.41,79,buy
NVDA,1736930782422,499.35,47,sell
TSLA,1736930783070,198.01,55,buy
MSFT,1736930783653,298.89,100,buy
AAPL,1736930785653,150.74,29,buy
AAPL,1736930787500,149.98,35,sell
MSFT,1736930787956,302.79,42,sell
TSLA,1736930788851,199.84,31,buy
AAPL,1736930789381,152.81,94,buy
TSLA,1736930789477,198.38,62,sell
SPY,1736930790118,398.84,81,buy
NVDA,1736930791053,501.16,35,buy
SPY,1736930791130,399.72,58,sell
AAPL,1736930791976,149.42,89,buy
MSFT,1736930792173,298.63,31,buy
TSLA,1736930792186,196.33,79,sell
MSFT,1736930792460,297.25,64,sell
TSLA,1736930793138,195.38,89,sell
MSFT,1736930793668,297.58,35,sell
AAPL,1736930793697,149.57,59,buy
MSFT,1736930793699,299.59,80,sell
SPY,1736930793923,400.11,80,buy
AAPL,1736930794039,151.9,11,sell
MSFT,1736930794846,296.97,19,buy
NVDA,1736930795237,501.38,68,buy
MSFT,1736930796091,299.11,42,sell
NVDA,1736930797160,502.58,48,sell
NVDA,1736930797455,501.38,49,sell
MSFT,1736930800449,297.18,79,sell
MSFT,1736930800780,296.95,67,buy
SPY,1736930800879,399.14,77,buy
MSFT,1736930801895,297.58,44,sell
TSLA,1736930802411,198.27,74,buy
AAPL,1736930805384,153.24,86,sell
MSFT,1736930806577,300.13,21,buy
AAPL,1736930806591,152.25,100,buy
AAPL,1736930806631,152.48,81,sell
MSFT,1736930806966,301.03,21,buy
MSFT,1736930806967,302.41,42,buy
MSFT,1736930807243,299.02,70,sell
SPY,1736930807953,399.18,18,buy
TSLA,1736930808271,198.88,56,sell
TSLA,1736930809658,199.91,43,buy
MSFT,1736930810261,297.2,12,sell
AAPL,1736930811461,149.34,23,sell
MSFT,1736930812022,299.04,18,sell
NVDA,1736930812536,502.6,90,sell
SPY,1736930813119,399.29,100,sell
MSFT,1736930814546,296.99,100,sell
TSLA,1736930814550,198.06,85,buy
SPY,1736930814677,399.51,33,sell
TSLA,1736930815381,198.4,15,sell
MSFT,1736930816248,297.66,80,sell
SPY,1736930816539,399.6,95,sell
MSFT,1736930818083,296.88,58,sell
AAPL,1736930818948,149.89,34,sell
TSLA,1736930819012,198.79,37,buy
AAPL,1736930819666,151.18,29,sell
NVDA,1736930819686,500.78,27,buy
NVDA,1736930819981,500.36,6,buy
TSLA,1736930820197,200.09,21,buy
AAPL,1736930820477,153.21,38,sell
AAPL,1736930821455,149.48,57,buy
TSLA,1736930821466,194.61,30,sell
NVDA,1736930821638,500.09,99,sell
NVDA,1736930822501,501.59,38,sell
TSLA,1736930823947,199.36,51,sell
MSFT,1736930824053,299.65,84,buy
AAPL,1736930824614,152.65,4,sell
TSLA,1736930825035,196.95,91,sell
SPY,1736930826269,400.02,62,sell
SPY,1736930826997,399.84,100,sell
SPY,1736930827439,399.21,46,buy
TSLA,1736930827778,196.99,46,sell
SPY,1736930828610,399.85,14,sell
TSLA,1736930828634,200.03,25,sell
TSLA,1736930829423,195.56,51,buy
AAPL,1736930829431,152.83,100,sell
MSFT,1736930829457,300.09,27,buy
MSFT,1736930831940,300.0,70,buy
SPY,1736930832217,399.97,20,buy
MSFT,1736930833020,296.85,64,buy
SPY,1736930833611,400.77,3,buy
SPY,1736930833723,399.67,87,buy
TSLA,1736930834878,199.68,89,sell
AAPL,1736930835847,152.17,7,sell
SPY,1736930836462,399.66,28,sell
NVDA,1736930836948,503.81,30,sell
MSFT,1736930837491,301.65,2,buy
NVDA,1736930837593,499.84,67,buy
SPY,1736930838262,399.18,23,sell
TSLA,1736930839383,199.81,6,sell
SPY,1736930840368,399.42,40,buy
MSFT,1736930840564,297.37,48,buy
SPY,1736930841523,399.71,6,sell
TSLA,1736930841735,198.65,68,sell
NVDA,1736930841825,500.04,78,sell
SPY,1736930842676,399.52,37,buy
NVDA,1736930844444,501.23,35,buy
NVDA,1736930846058,500.37,79,sell
NVDA,1736930846361,500.4,39,sell
TSLA,1736930846692,197.67,78,sell
MSFT,1736930847253,297.36,91,buy
TSLA,1736930848776,198.54,38,sell
NVDA,1736930849057,499.43,99,buy
SPY,1736930849837,399.85,54,sell
NVDA,1736930850994,501.58,69,buy
SPY,1736930851399,400.07,60,buy
MSFT,1736930851616,300.68,86,sell
TSLA,1736930852277,193.63,60,buy
MSFT,1736930852576,301.36,32,buy
TSLA,1736930853506,195.32,69,buy
MSFT,1736930854322,297.34,46,sell
SPY,1736930854602,400.76,77,buy
SPY,1736930855316,399.78,6,buy
NVDA,1736930855701,499.41,5,buy
MSFT,1736930855752,297.37,61,buy
SPY,1736930856454,400.22,78,sell
TSLA,1736930856831,195.73,20,buy
TSLA,1736930857784,195.73,3,buy
MSFT,1736930858241,297.7,87,buy
AAPL,1736930858555,150.63,100,sell
AAPL,1736930859065,150.52,62,buy
TSLA,1736930860021,199.49,8,buy
MSFT,1736930861019,302.11,62,sell
SPY,1736930861121,399.68,13,sell
MSFT,1736930861560,298.84,8,buy
NVDA,1736930861907,498.9,34,buy
NVDA,1736930862428,500.7,63,buy
AAPL,1736930862813,149.67,11,sell
TSLA,1736930862916,199.85,73,sell
MSFT,1736930863940,302.09,74,buy
MSFT,1736930866437,296.81,23,buy
TSLA,1736930868899,195.27,60,sell
TSLA,1736930869290,194.04,14,sell
SPY,1736930871121,399.71,54,sell
TSLA,1736930871290,194.1,12,buy
SPY,1736930871296,401.11,38,sell
MSFT,1736930872741,297.63,12,sell
NVDA,1736930873292,503.36,33,sell
AAPL,1736930874242,151.96,53,sell
AAPL,1736930875696,150.54,71,buy
TSLA,1736930877029,198.44,51,sell
NVDA,1736930879127,500.32,81,sell
TSLA,1736930879343,195.24,69,buy
SPY,1736930879562,399.18,46,buy
SPY,1736930879706,398.83,38,buy
MSFT,1736930879723,298.4,26,sell
NVDA,1736930880272,500.61,66,sell
NVDA,1736930880386,500.24,95,buy
SPY,1736930880564,401.12,37,sell
MSFT,1736930881328,297.72,78,sell
MSFT,1736930881751,299.18,53,sell
MSFT,1736930883055,296.78,40,buy
SPY,1736930884228,401.22,69,buy
TSLA,1736930884301,198.69,47,buy
SPY,1736930885049,399.75,40,sell
MSFT,1736930885178,297.59,55,sell
AAPL,1736930885197,150.23,75,buy
TSLA,1736930885873,195.48,28,buy
TSLA,1736930886120,194.96,22,buy
AAPL,1736930886760,151.56,91,buy
NVDA,1736930889943,499.68,19,sell
TSLA,1736930890290,195.29,87,sell
SPY,1736930891717,399.63,62,buy
SPY,1736930891739,400.54,30,sell
NVDA,1736930894465,502.47,34,buy
SPY,1736930895606,400.37,28,buy
MSFT,1736930895723,300.53,1,sell
NVDA,1736930896124,499.42,58,sell
NVDA,1736930896555,499.52,97,sell
MSFT,1736930898008,301.7,86,buy
NVDA,1736930898546,502.01,22,sell
MSFT,1736930900461,298.93,60,buy
SPY,1736930900506,400.67,11,sell
NVDA,1736930902465,498.6,5,sell
AAPL,1736930902674,151.83,27,buy
SPY,1736930904371,399.24,60,sell
TSLA,1736930905895,196.87,47,sell
AAPL,1736930905924,151.15,99,sell
SPY,1736930906125,399.23,31,buy
SPY,1736930906793,401.02,28,sell
SPY,1736930907421,399.5,38,buy
TSLA,1736930907543,193.84,24,buy
NVDA,1736930907775,500.35,62,sell
AAPL,1736930908359,152.19,11,buy
AAPL,1736930908449,150.98,62,buy
MSFT,1736930909436,296.74,49,sell
AAPL,1736930910733,149.91,100,sell
AAPL,1736930911080,152.25,94,buy
SPY,1736930912232,401.01,27,sell
SPY,1736930913236,399.61,7,buy
NVDA,1736930914151,499.19,54,buy
MSFT,1736930914270,297.6,19,buy
MSFT,1736930915695,297.98,56,buy
AAPL,1736930916721,151.89,20,sell
NVDA,1736930918658,502.09,45,buy
AAPL,1736930919097,150.01,39,sell
TSLA,1736930921844,195.31,42,sell
MSFT,1736930922428,298.72,33,buy
TSLA,1736930922725,198.2,97,sell
SPY,1736930923801,399.17,11,buy
MSFT,1736930924454,299.03,50,sell
AAPL,1736930925624,152.54,47,buy
NVDA,1736930925987,503.67,91,sell
MSFT,1736930926762,299.21,26,sell
MSFT,1736930928757,298.61,90,buy
TSLA,1736930929223,198.77,54,buy
SPY,1736930929589,399.64,59,buy
AAPL,1736930929755,152.03,41,buy
AAPL,1736930930156,150.01,83,sell
TSLA,1736930930519,198.6,17,sell
SPY,1736930930906,400.38,30,sell
AAPL,1736930931663,150.04,81,sell
MSFT,1736930932228,300.41,55,buy
AAPL,1736930932594,151.79,38,buy
TSLA,1736930933846,198.75,94,sell
MSFT,1736930934240,300.95,7,buy
AAPL,1736930936919,149.83,94,buy
MSFT,1736930937275,297.39,69,buy
NVDA,1736930938457,503.76,93,sell
AAPL,1736930938887,149.47,57,sell
MSFT,1736930939023,301.23,58,sell
AAPL,1736930941066,152.06,14,buy
SPY,1736930941541,400.21,4,buy
TSLA,1736930942120,195.16,83,sell
AAPL,1736930942286,151.74,15,sell
MSFT,1736930942297,297.54,46,sell
AAPL,1736930943197,152.23,13,buy
TSLA,1736930944454,197.54,4,sell
AAPL,1736930944959,151.83,15,buy
SPY,1736930946047,399.77,44,sell
SPY,1736930946574,399.39,37,sell
TSLA,1736930947026,195.48,18,buy
MSFT,1736930947258,298.04,81,sell
AAPL,1736930947790,150.01,76,sell
MSFT,1736930947964,297.31,82,sell
NVDA,1736930948244,499.65,81,buy
MSFT,1736930948830,298.21,89,buy
MSFT,1736930948919,302.6,20,sell
MSFT,1736930949117,298.24,65,sell
MSFT,1736930949201,302.44,47,sell
NVDA,1736930949454,501.72,46,sell
NVDA,1736930949638,501.08,96,buy
MSFT,1736930949785,301.57,32,buy
AAPL,1736930950371,151.81,14,buy
AAPL,1736930950768,152.63,47,buy
TSLA,1736930951131,194.03,63,sell
TSLA,1736930951391,199.83,72,sell
TSLA,1736930953681,198.31,21,sell
AAPL,1736930953823,152.39,27,sell
SPY,1736930954100,401.38,61,buy
SPY,1736930955393,400.0,6,sell
NVDA,1736930955573,501.24,10,buy
MSFT,1736930955932,302.98,97,buy
TSLA,1736930957939,193.6,49,buy
MSFT,1736930959182,298.11,73,buy
SPY,1736930959408,400.67,41,sell
AAPL,1736930959748,151.84,6,buy
SPY,1736930960041,399.9,34,buy
AAPL,1736930960894,152.78,85,sell
SPY,1736930961254,400.96,4,sell
AAPL,1736930962510,151.02,82,sell
SPY,1736930965066,400.49,51,sell
MSFT,1736930969932,299.74,40,buy
SPY,1736930970354,399.85,70,sell
SPY,1736930970580,401.14,4,sell
MSFT,1736930971145,299.63,63,sell
NVDA,1736930971512,501.36,13,sell
NVDA,1736930971551,502.28,26,buy
TSLA,1736930971682,194.29,39,sell
NVDA,1736930971735,502.3,7,sell
MSFT,1736930972042,298.55,17,buy
MSFT,1736930973010,302.29,7,sell
NVDA,1736930974956,499.95,87,buy
AAPL,1736930975437,152.19,57,buy
SPY,1736930976489,400.11,32,buy
AAPL,1736930978923,151.74,61,buy
SPY,1736930979325,398.66,53,buy
TSLA,1736930979355,198.18,61,sell
NVDA,1736930979762,502.1,22,sell
NVDA,1736930979905,500.89,67,sell
SPY,1736930980596,399.16,100,buy
MSFT,1736930982886,298.59,8,sell
NVDA,1736930983643,500.56,91,buy
NVDA,1736930984224,500.71,45,sell
MSFT,1736930985241,300.69,49,sell
MSFT,1736930985644,301.53,100,sell
AAPL,1736930986022,152.22,70,buy
TSLA,1736930986207,195.27,19,buy
SPY,1736930986682,400.58,34,buy
TSLA,1736930986977,200.21,83,buy
MSFT,1736930987241,303.02,60,sell
NVDA,1736930989263,500.36,73,buy
NVDA,1736930989409,500.47,97,sell
NVDA,1736930989508,499.79,72,sell
SPY,1736930989775,399.44,43,sell
NVDA,1736930989838,499.9,41,buy
MSFT,1736930989951,299.65,35,sell
AAPL,1736930990161,152.06,11,buy
SPY,1736930992693,399.31,57,buy
TSLA,1736930992908,198.74,17,sell
MSFT,1736930993729,296.95,76,sell
MSFT,1736930994669,300.93,12,buy
NVDA,1736930994868,502.87,58,sell
TSLA,1736930995041,198.36,56,buy
SPY,1736930995379,400.23,63,buy
SPY,1736930996061,399.38,46,buy
SPY,1736930996506,399.51,25,sell
NVDA,1736930998210,499.97,21,sell
MSFT,1736930998986,300.07,79,buy
TSLA,1736930999046,195.62,78,buy
AAPL,1736931000585,152.54,49,buy
MSFT,1736931000925,301.78,98,buy
TSLA,1736931001124,195.28,30,sell
SPY,1736931001836,399.59,57,sell
TSLA,1736931002196,198.64,79,sell
NVDA,1736931003334,500.53,46,buy
AAPL,1736931003694,152.72,86,buy
AAPL,1736931004880,152.95,19,sell
SPY,1736931005005,399.45,26,buy
TSLA,1736931006754,197.27,69,sell
NVDA,1736931007716,501.71,42,buy
TSLA,1736931008483,195.07,87,sell
MSFT,1736931009205,302.66,31,buy
MSFT,1736931010343,297.6,4,buy
TSLA,1736931010587,194.42,13,buy
TSLA,1736931011150,195.4,55,sell
NVDA,1736931011206,499.3,80,buy
NVDA,1736931011313,500.65,60,sell
SPY,1736931013234,398.96,27,buy
MSFT,1736931018605,298.72,67,buy
MSFT,1736931018733,297.74,32,sell
TSLA,1736931018881,198.84,74,buy
AAPL,1736931019478,151.64,48,buy
AAPL,1736931019674,152.36,63,sell
AAPL,1736931020168,149.4,67,buy
SPY,1736931021013,400.54,17,sell
SPY,1736931022080,399.03,45,buy
AAPL,1736931022799,149.52,86,buy
NVDA,1736931022818,500.39,94,sell
MSFT,1736931024239,300.33,53,sell
MSFT,1736931024989,301.08,60,buy
AAPL,1736931026607,152.36,93,buy
MSFT,1736931029630,303.06,64,sell
AAPL,1736931032741,152.84,73,buy
AAPL,1736931033758,151.43,25,buy
SPY,1736931033979,399.52,45,buy
SPY,1736931034241,400.54,25,sell
AAPL,1736931034388,152.61,35,buy
NVDA,1736931035897,500.62,4,sell
MSFT,1736931036007,298.27,98,buy
TSLA,1736931036583,194.54,2,sell
NVDA,1736931037306,503.27,45,buy
NVDA,1736931038531,501.41,53,sell
TSLA,1736931038649,198.88,11,buy
NVDA,1736931038796,502.4,41,sell
MSFT,1736931039139,299.05,84,buy
SPY,1736931039229,400.68,13,sell
SPY,1736931039261,399.76,31,buy
TSLA,1736931040574,194.72,12,sell
NVDA,1736931040724,499.61,81,buy
AAPL,1736931042223,151.69,92,buy
MSFT,1736931042889,299.69,12,sell
SPY,1736931043443,401.59,44,sell
NVDA,1736931043654,500.66,34,sell
SPY,1736931045183,399.19,66,buy
SPY,1736931045609,400.71,16,buy
SPY,1736931046584,400.35,79,buy
MSFT,1736931048081,297.02,70,buy
SPY,1736931049081,401.04,86,buy
AAPL,1736931049800,150.66,23,sell
MSFT,1736931050061,297.68,10,buy
TSLA,1736931050360,200.16,68,buy
TSLA,1736931050653,195.62,71,sell
NVDA,1736931051860,499.28,93,sell
MSFT,1736931052144,296.87,43,buy
SPY,1736931052640,399.25,60,buy
SPY,1736931052866,400.43,38,buy
SPY,1736931053077,399.99,31,sell
SPY,1736931053838,399.46,4,buy
NVDA,1736931054152,499.61,28,buy
AAPL,1736931054262,151.99,79,buy
SPY,1736931054347,400.38,14,sell
SPY,1736931055570,399.32,97,sell
NVDA,1736931055793,501.64,94,buy
TSLA,1736931057112,197.08,94,buy
NVDA,1736931057585,501.08,23,buy
SPY,1736931059315,399.71,68,sell
SPY,1736931062168,399.37,20,buy
AAPL,1736931062906,151.12,35,buy
TSLA,1736931063099,195.4,55,sell
SPY,1736931063377,401.01,12,sell
TSLA,1736931063467,199.84,34,buy
MSFT,1736931063584,297.55,33,sell
SPY,1736931065199,401.28,43,sell
SPY,1736931065952,399.8,18,sell
NVDA,1736931066443,499.07,61,buy
TSLA,1736931066796,195.5,31,sell
TSLA,1736931067262,195.28,88,sell
SPY,1736931068225,399.64,86,sell
MSFT,1736931068773,297.47,83,sell
MSFT,1736931069718,296.82,55,sell
MSFT,1736931070221,301.76,58,sell
SPY,1736931070459,400.85,85,sell
NVDA,1736931070466,503.71,3,sell
NVDA,1736931072070,500.94,23,buy
NVDA,1736931072149,499.41,81,buy
AAPL,1736931073444,149.43,25,sell
TSLA,1736931073907,195.73,29,sell
MSFT,1736931074300,297.23,14,buy
TSLA,1736931076148,195.58,99,buy
MSFT,1736931076165,299.68,36,buy
MSFT,1736931076614,296.76,93,sell
MSFT,1736931077163,299.33,24,buy
MSFT,1736931077273,301.38,29,sell
NVDA,1736931078703,502.14,63,buy
SPY,1736931079297,399.5,32,buy
SPY,1736931079738,399.5,35,buy
NVDA,1736931081719,499.3,98,sell
MSFT,1736931082312,297.18,55,sell
NVDA,1736931082521,501.19,13,sell
TSLA,1736931084157,194.96,15,buy
NVDA,1736931084622,502.66,18,sell
SPY,1736931085388,400.04,55,sell
AAPL,1736931087512,150.73,74,sell
AAPL,1736931088911,151.89,60,buy
MSFT,1736931089373,300.08,52,buy
AAPL,1736931089574,152.43,47,sell
MSFT,1736931089895,300.24,16,sell
MSFT,1736931090276,296.66,41,buy
SPY,1736931091188,401.05,59,buy
SPY,1736931092193,399.2,71,sell
MSFT,1736931092322,299.31,68,buy
NVDA,1736931093152,501.76,37,sell
AAPL,1736931094308,149.91,66,sell
AAPL,1736931096993,149.68,53,buy
SPY,1736931097485,399.47,96,buy
SPY,1736931097655,399.77,27,sell
NVDA,1736931097742,499.69,30,buy
AAPL,1736931098749,151.81,79,buy
AAPL,1736931101414,152.36,92,sell
AAPL,1736931104383,151.99,45,buy
AAPL,1736931104396,150.05,40,buy
TSLA,1736931105772,198.27,26,buy
TSLA,1736931106285,198.41,28,sell
MSFT,1736931106390,297.94,56,buy
AAPL,1736931107882,150.62,28,buy
AAPL,1736931109257,152.11,4,sell
NVDA,1736931111723,500.44,58,buy
SPY,1736931113009,401.04,32,buy
MSFT,1736931113374,302.45,62,buy
SPY,1736931114519,399.63,97,sell
SPY,1736931115021,400.17,39,buy
TSLA,1736931116145,194.55,22,buy
SPY,1736931116250,399.1,86,buy
AAPL,1736931117788,152.32,60,sell
MSFT,1736931118436,296.65,89,sell
NVDA,1736931119089,501.6,35,sell
TSLA,1736931119566,199.92,77,sell
SPY,1736931119691,400.01,9,buy
NVDA,1736931122331,500.67,50,buy
NVDA,1736931122386,503.23,25,buy
TSLA,1736931122999,199.7,62,buy
NVDA,1736931123481,500.4,52,buy
TSLA,1736931123644,198.4,9,sell
NVDA,1736931125814,500.39,91,sell
AAPL,1736931126619,152.9,49,buy
TSLA,1736931126823,200.07,84,sell
NVDA,1736931127441,503.59,30,sell
AAPL,1736931127576,151.84,60,sell
MSFT,1736931127868,298.75,25,sell
NVDA,1736931128105,499.07,42,buy
MSFT,1736931129162,303.3,13,buy
AAPL,1736931129674,152.1,53,buy
MSFT,1736931135127,300.68,74,sell
MSFT,1736931135426,303.02,54,buy
SPY,1736931136654,399.32,23,buy
NVDA,1736931137710,500.68,83,buy
TSLA,1736931137765,199.89,15,sell
NVDA,1736931139084,503.28,25,buy
MSFT,1736931139908,298.14,52,buy
SPY,1736931140011,400.16,61,buy
MSFT,1736931140031,301.05,68,buy
AAPL,1736931141628,150.94,74,buy
NVDA,1736931141877,502.23,60,buy
MSFT,1736931143754,299.27,28,buy
SPY,1736931143772,399.89,89,buy
AAPL,1736931144852,151.87,20,sell
AAPL,1736931145343,152.62,50,buy
NVDA,1736931145864,500.51,4,sell
TSLA,1736931146130,199.96,51,sell
TSLA,1736931146268,197.9,9,sell
TSLA,1736931147998,199.76,33,buy
SPY,1736931149748,399.55,84,buy
MSFT,1736931150024,301.0,20,sell
TSLA,1736931150830,199.3,85,buy
TSLA,1736931150831,195.95,57,sell
SPY,1736931150961,399.78,90,sell
MSFT,1736931151019,301.27,75,sell
TSLA,1736931152757,195.44,15,buy
MSFT,1736931152807,298.72,24,buy
SPY,1736931153046,401.27,65,buy
SPY,1736931153506,400.32,66,sell
SPY,1736931153714,400.11,7,sell
NVDA,1736931153760,503.6,10,buy
NVDA,1736931155087,501.61,35,buy
TSLA,1736931155214,198.58,5,sell
MSFT,1736931156223,296.74,5,sell
TSLA,1736931156290,197.35,45,sell
MSFT,1736931156330,297.49,21,sell
AAPL,1736931157133,151.81,83,sell
NVDA,1736931157570,503.76,19,buy
NVDA,1736931159584,499.33,82,sell
SPY,1736931161562,400.41,57,buy
TSLA,1736931161706,199.88,69,sell
TSLA,1736931162131,198.83,70,buy
NVDA,1736931163248,501.88,97,buy
MSFT,1736931163453,301.21,36,buy
AAPL,1736931163752,152.76,25,sell
NVDA,1736931165284,498.51,100,sell
SPY,1736931165542,400.97,64,sell
TSLA,1736931166350,193.01,91,sell
MSFT,1736931166648,296.75,35,buy
TSLA,1736931167576,199.31,84,sell
TSLA,1736931169550,195.48,51,sell
MSFT,1736931170427,298.64,2,buy
MSFT,1736931171204,298.9,88,buy
MSFT,1736931171344,299.25,44,sell
AAPL,1736931171414,149.06,59,sell
SPY,1736931171730,400.46,66,buy
SPY,1736931172394,399.56,55,buy
NVDA,1736931172890,502.79,37,sell
NVDA,1736931173050,500.84,82,buy
TSLA,1736931177175,198.71,51,sell
AAPL,1736931177225,150.0,63,buy
AAPL,1736931177494,151.71,27,buy
TSLA,1736931179388,195.26,76,sell
NVDA,1736931179655,502.59,26,buy
NVDA,1736931179876,500.28,57,buy
SPY,1736931181294,400.45,66,buy
MSFT,1736931181392,299.26,72,sell
AAPL,1736931181769,152.71,65,buy
MSFT,1736931183731,296.8,38,sell
AAPL,1736931184105,152.07,52,buy
MSFT,1736931185947,298.23,49,buy
NVDA,1736931186849,501.46,21,sell
NVDA,1736931187511,503.67,10,buy
SPY,1736931187988,401.17,94,sell
SPY,1736931188565,400.07,45,sell
AAPL,1736931188843,149.11,31,buy
AAPL,1736931189372,151.94,70,sell
NVDA,1736931190818,502.03,60,sell
AAPL,1736931191623,150.0,7,buy
SPY,1736931191698,398.95,69,sell
MSFT,1736931193226,299.7,69,buy
TSLA,1736931193557,199.24,56,buy
TSLA,1736931193802,198.89,78,buy
SPY,1736931194412,399.96,81,buy
AAPL,1736931194908,150.52,18,sell
AAPL,1736931195166,151.34,65,sell
AAPL,1736931195387,150.3,72,buy
MSFT,1736931195708,302.12,35,buy
AAPL,1736931196837,152.41,38,sell
SPY,1736931198392,400.13,3,buy
SPY,1736931198590,399.84,67,buy
TSLA,1736931198643,193.56,92,buy
MSFT,1736931199070,297.8,16,buy
SPY,1736931199561,399.54,63,sell
NVDA,1736931200009,503.68,84,sell
AAPL,1736931201331,149.32,47,sell
MSFT,1736931201892,299.24,31,sell
NVDA,1736931202181,499.85,11,sell
TSLA,1736931203044,197.59,70,buy
NVDA,1736931204047,499.64,10,buy
NVDA,1736931204062,500.1,61,sell
MSFT,1736931205188,300.17,69,buy
AAPL,1736931208028,152.24,69,buy
NVDA,1736931209226,500.68,22,buy
AAPL,1736931210769,149.56,37,sell
MSFT,1736931210771,298.88,7,buy
TSLA,1736931211778,196.99,79,sell
MSFT,1736931212041,300.01,25,buy
NVDA,1736931212109,503.43,29,buy
SPY,1736931212234,401.59,86,buy
SPY,1736931213585,399.65,41,sell
MSFT,1736931214025,296.71,95,buy
SPY,1736931214140,399.71,100,buy
NVDA,1736931215941,501.77,85,buy
SPY,1736931216164,399.35,36,sell
SPY,1736931216542,400.62,52,sell
MSFT,1736931217095,301.19,29,sell
AAPL,1736931218086,150.4,36,buy
MSFT,1736931218754,299.57,46,buy
SPY,1736931218967,399.76,23,buy
TSLA,1736931220926,194.97,44,buy
AAPL,1736931221418,152.01,47,sell
MSFT,1736931222120,299.94,56,sell
AAPL,1736931222399,151.76,81,buy
NVDA,1736931222895,500.9,38,sell
SPY,1736931223904,400.79,27,sell
MSFT,1736931225199,299.12,77,sell
AAPL,1736931225852,151.96,15,sell
MSFT,1736931227502,301.77,47,buy
TSLA,1736931227956,193.67,49,buy
MSFT,1736931228366,298.66,57,buy
TSLA,1736931228736,197.7,4,sell
SPY,1736931228768,400.32,28,sell
NVDA,1736931228970,501.6,33,buy
MSFT,1736931230310,301.38,64,sell
MSFT,1736931230388,301.6,55,sell
AAPL,1736931230952,152.16,28,sell
TSLA,1736931231218,194.45,98,sell
AAPL,1736931231338,152.16,81,sell
NVDA,1736931233066,500.37,56,sell
AAPL,1736931233112,149.91,75,sell
TSLA,1736931233179,194.24,35,buy
MSFT,1736931235925,297.59,78,buy
MSFT,1736931236020,302.14,1,sell
TSLA,1736931238683,200.07,35,sell
AAPL,1736931239372,151.93,83,sell
NVDA,1736931239532,499.5,28,sell
MSFT,1736931240034,297.38,74,buy
SPY,1736931240326,399.68,43,buy
TSLA,1736931240565,198.44,95,sell
AAPL,1736931242473,151.55,79,sell
SPY,1736931242766,400.65,44,sell
MSFT,1736931242777,297.07,12,buy
NVDA,1736931243131,500.07,90,buy
AAPL,1736931243626,150.66,41,sell
TSLA,1736931243689,195.27,43,sell
NVDA,1736931243834,503.82,47,buy
AAPL,1736931245354,152.08,52,sell
MSFT,1736931245868,297.36,65,sell
NVDA,1736931246787,499.54,18,buy
NVDA,1736931246958,502.84,65,sell
NVDA,1736931247134,503.68,21,buy
NVDA,1736931247465,501.9,50,buy
TSLA,1736931247534,196.45,69,sell
SPY,1736931250204,401.75,19,buy
MSFT,1736931250448,300.57,20,buy
MSFT,1736931250822,300.05,59,buy
MSFT,1736931251106,298.37,42,buy
SPY,1736931251467,399.9,30,sell
AAPL,1736931251482,150.97,18,buy
SPY,1736931251860,399.77,37,buy
MSFT,1736931252888,299.86,29,sell
TSLA,1736931252950,198.92,96,sell
AAPL,1736931253376,152.15,86,buy
NVDA,1736931254284,499.89,20,sell
NVDA,1736931254377,501.81,20,sell
MSFT,1736931255111,297.64,86,sell
TSLA,1736931256048,200.0,23,buy
NVDA,1736931258176,502.28,71,buy
MSFT,1736931258304,297.2,69,sell
NVDA,1736931258441,501.25,31,buy
TSLA,1736931258632,198.73,92,sell
AAPL,1736931258886,152.14,7,sell
TSLA,1736931259156,198.44,79,buy
NVDA,1736931259255,503.7,84,buy
MSFT,1736931261658,297.99,55,buy
SPY,1736931262644,399.02,33,buy
TSLA,1736931263719,195.38,3,buy
SPY,1736931263782,399.69,23,sell
NVDA,1736931264468,499.58,38,buy
MSFT,1736931268526,298.18,40,sell
AAPL,1736931269848,153.06,74,sell
AAPL,1736931271531,152.66,24,sell
NVDA,1736931271665,501.2,50,sell
TSLA,1736931272134,195.8,97,buy
NVDA,1736931272912,500.32,68,sell
AAPL,1736931273044,149.83,45,buy
SPY,1736931273284,400.58,60,buy
SPY,1736931273975,399.83,71,buy
MSFT,1736931274014,298.25,79,sell
NVDA,1736931274519,499.96,75,buy
MSFT,1736931275010,297.44,27,sell
AAPL,1736931275258,153.17,59,buy
TSLA,1736931277012,199.65,55,sell
NVDA,1736931277261,502.41,17,buy
SPY,1736931278168,400.72,37,sell
TSLA,1736931281788,198.76,83,sell
SPY,1736931282048,400.52,79,sell
SPY,1736931282876,400.47,98,buy
SPY,1736931283231,401.5,81,buy
NVDA,1736931283957,502.83,69,buy
SPY,1736931284225,399.6,52,sell
SPY,1736931284298,399.35,76,buy
SPY,1736931284703,399.51,10,buy
NVDA,1736931284880,501.7,86,sell
MSFT,1736931285196,301.44,49,buy
AAPL,1736931285373,152.01,51,buy
MSFT,1736931285716,300.29,23,sell
SPY,1736931285885,399.61,12,sell
AAPL,1736931286360,149.73,61,sell
SPY,1736931288633,400.14,99,buy
AAPL,1736931289714,152.47,87,sell
NVDA,1736931289899,501.13,79,buy
NVDA,1736931290184,500.55,83,buy
NVDA,1736931290437,499.73,30,buy
MSFT,1736931290735,300.26,74,sell
MSFT,1736931291354,296.71,79,sell
AAPL,1736931291984,149.82,78,sell
MSFT,1736931292727,298.68,72,buy
SPY,1736931294373,399.98,42,sell
SPY,1736931297507,400.12,21,sell
NVDA,1736931298112,502.17,75,buy
MSFT,1736931298842,300.73,24,sell
MSFT,1736931299451,297.1,23,sell
MSFT,1736931300003,298.96,3,sell
NVDA,1736931300081,500.24,75,sell
AAPL,1736931300164,150.53,67,sell
SPY,1736931300297,399.36,79,buy
MSFT,1736931301056,297.25,3,buy
AAPL,1736931301474,151.95,57,buy
MSFT,1736931302722,297.21,75,buy
TSLA,1736931303485,198.21,15,buy
MSFT,1736931303831,296.94,8,buy
TSLA,1736931304104,195.41,7,sell
MSFT,1736931305032,296.87,36,sell
SPY,1736931305671,399.51,48,buy
MSFT,1736931305873,297.4,96,sell
AAPL,1736931306111,150.78,24,sell
TSLA,1736931306580,198.9,78,sell
MSFT,1736931306995,301.6,35,buy
MSFT,1736931307233,300.51,26,sell
AAPL,1736931308098,151.33,70,sell
AAPL,1736931308446,149.21,26,buy
MSFT,1736931309681,300.67,38,sell
NVDA,1736931311919,501.54,20,sell
MSFT,1736931312162,300.98,83,sell
AAPL,1736931312913,149.69,68,sell
TSLA,1736931312938,198.8,44,buy
MSFT,1736931313256,298.93,27,sell
MSFT,1736931313464,296.68,87,sell
NVDA,1736931313926,499.16,69,sell
AAPL,1736931314092,151.32,1,buy
TSLA,1736931314376,194.72,88,buy
TSLA,1736931315935,196.89,11,buy
MSFT,1736931316173,298.59,75,buy
SPY,1736931316498,401.2,83,sell
SPY,1736931317642,399.51,38,sell
SPY,1736931318119,401.23,97,sell
MSFT,1736931318991,300.44,75,sell
AAPL,1736931320400,151.88,58,sell
SPY,1736931321047,399.98,77,sell
SPY,1736931321101,400.1,85,sell
SPY,1736931321258,398.88,3,buy
NVDA,1736931321471,499.5,100,sell
TSLA,1736931322182,199.11,66,sell
SPY,1736931322291,400.32,36,sell
AAPL,1736931322415,152.12,83,sell
TSLA,1736931323332,198.62,45,sell
SPY,1736931323798,399.81,57,sell
SPY,1736931325673,400.74,69,buy
SPY,1736931328697,400.93,35,buy
MSFT,1736931328925,299.89,19,sell
MSFT,1736931329489,297.65,74,buy
NVDA,1736931329506,500.37,14,buy
NVDA,1736931329812,502.02,25,sell
AAPL,1736931330256,149.66,24,buy
TSLA,1736931330567,195.17,65,buy
TSLA,1736931331351,194.82,55,sell
TSLA,1736931331746,198.49,91,sell
MSFT,1736931332174,301.55,16,buy
SPY,1736931333242,400.45,28,buy
AAPL,1736931333768,152.55,16,buy
TSLA,1736931334094,195.4,25,sell
TSLA,1736931334198,196.07,93,sell
NVDA,1736931334465,500.79,4,sell
SPY,1736931335870,400.15,16,sell
MSFT,1736931337042,296.81,20,sell
TSLA,1736931337388,197.35,39,sell
AAPL,1736931338509,150.24,26,buy
AAPL,1736931339618,152.53,59,sell
SPY,1736931339657,399.81,81,sell
AAPL,1736931339764,152.12,60,sell
SPY,1736931340762,399.76,78,buy
TSLA,1736931343259,198.95,46,sell
SPY,1736931343389,400.62,97,buy
NVDA,1736931343477,500.44,17,sell
MSFT,1736931343781,300.21,38,sell
MSFT,1736931344254,296.63,97,buy
NVDA,1736931344296,498.62,86,buy
MSFT,1736931344358,300.09,88,buy
AAPL,1736931344443,153.03,28,sell
SPY,1736931345452,400.73,41,sell
TSLA,1736931346307,197.54,27,buy
TSLA,1736931346376,198.48,71,buy
TSLA,1736931346602,194.98,96,buy
NVDA,1736931346837,500.72,76,sell
MSFT,1736931347242,297.63,46,buy
SPY,1736931347491,400.2,64,buy
MSFT,1736931347623,297.55,66,sell
MSFT,1736931348084,296.79,60,sell
AAPL,1736931348137,150.94,61,sell
MSFT,1736931348672,300.48,99,buy
SPY,1736931349507,400.55,43,buy
SPY,1736931349983,399.56,9,buy
MSFT,1736931350412,299.65,16,sell
NVDA,1736931350935,501.63,39,buy
TSLA,1736931352307,198.45,4,buy
NVDA,1736931352642,502.93,68,sell
MSFT,1736931352895,298.63,37,sell
NVDA,1736931354331,501.61,23,buy
AAPL,1736931354842,150.34,51,buy
AAPL,1736931355143,152.93,86,sell
NVDA,1736931355876,501.55,30,sell
SPY,1736931356033,400.48,87,sell
NVDA,1736931357380,500.03,36,buy
MSFT,1736931357610,296.85,54,sell
SPY,1736931357810,399.6,52,buy
AAPL,1736931358170,149.11,85,buy
AAPL,1736931358269,151.91,95,sell
NVDA,1736931359101,498.69,72,buy
AAPL,1736931359719,150.3,68,sell
SPY,1736931360677,400.19,76,sell
SPY,1736931360996,400.46,86,buy
AAPL,1736931361242,150.82,94,buy
NVDA,1736931362820,498.26,80,sell
TSLA,1736931363635,195.68,40,sell
NVDA,1736931364400,503.84,47,buy
TSLA,1736931364574,198.53,46,buy
NVDA,1736931364625,502.53,3,buy
MSFT,1736931365379,299.23,28,buy
MSFT,1736931365591,297.0,35,buy
MSFT,1736931365747,299.95,83,buy
AAPL,1736931365963,149.84,45,buy
TSLA,1736931368287,199.11,64,buy
AAPL,1736931369893,151.72,83,sell
TSLA,1736931370966,194.88,39,sell
MSFT,1736931371695,299.14,19,buy
AAPL,1736931372169,150.01,37,sell
NVDA,1736931377929,503.95,22,sell
MSFT,1736931378331,298.74,51,sell
TSLA,1736931378527,195.71,4,buy
MSFT,1736931379251,297.5,58,buy
NVDA,1736931379989,501.2,80,buy
SPY,1736931381155,400.29,14,buy
MSFT,1736931381459,297.43,63,sell
NVDA,1736931383764,502.82,67,sell
NVDA,1736931384265,499.92,78,buy
AAPL,1736931384419,151.77,15,buy
TSLA,1736931385636,200.13,62,buy
NVDA,1736931391273,500.31,9,buy
SPY,1736931392275,401.57,78,sell
AAPL,1736931393552,151.71,67,sell
TSLA,1736931393865,197.0,89,buy
SPY,1736931394139,401.06,54,buy
TSLA,1736931394681,195.15,89,buy
NVDA,1736931395333,499.99,15,sell
AAPL,1736931396633,150.48,73,sell
TSLA,1736931398120,198.57,78,sell
AAPL,1736931398666,152.24,38,buy
NVDA,1736931399225,499.95,86,sell
AAPL,1736931399601,150.42,66,buy
SPY,1736931400665,400.03,69,sell
SPY,1736931400862,400.56,88,sell
AAPL,1736931402012,150.61,50,sell
TSLA,1736931402497,198.29,99,buy
MSFT,1736931404041,297.57,57,sell
AAPL,1736931406180,151.76,37,sell
NVDA,1736931407448,502.29,79,buy
MSFT,1736931407889,300.31,32,sell
NVDA,1736931408199,500.25,52,buy
TSLA,1736931408227,198.65,92,buy
MSFT,1736931408855,301.87,51,buy
SPY,1736931408879,401.02,56,sell
SPY,1736931410407,399.97,99,buy
SPY,1736931410888,399.05,83,sell
AAPL,1736931411326,150.68,32,buy
NVDA,1736931411661,503.37,96,buy
SPY,1736931412568,400.58,55,buy
MSFT,1736931414143,298.88,54,sell
SPY,1736931414976,400.24,35,buy
NVDA,1736931416289,503.88,1,buy
SPY,1736931417362,401.45,74,buy
NVDA,1736931417644,501.31,74,buy
AAPL,1736931417829,150.51,91,sell
TSLA,1736931418214,194.42,49,sell
SPY,1736931419548,399.89,36,buy
AAPL,1736931419749,150.92,48,buy
TSLA,1736931420445,199.99,5,sell
TSLA,1736931420858,194.43,96,buy
AAPL,1736931421127,152.71,71,sell
NVDA,1736931422158,500.32,77,buy
NVDA,1736931422507,501.55,17,sell
MSFT,1736931423127,300.04,34,sell
AAPL,1736931423293,151.91,7,buy
SPY,1736931423515,401.11,21,sell
AAPL,1736931423661,152.49,73,sell
AAPL,1736931423694,152.66,34,buy
NVDA,1736931423874,502.32,73,sell
AAPL,1736931424190,152.49,89,buy
SPY,1736931424566,400.52,64,sell
NVDA,1736931424609,499.89,83,sell
AAPL,1736931425155,152.57,22,sell
NVDA,1736931426360,499.69,88,sell
SPY,1736931426891,399.41,84,buy
MSFT,1736931427430,303.07,69,sell
NVDA,1736931427513,499.21,88,sell
SPY,1736931427914,399.73,71,sell
NVDA,1736931429482,500.36,21,buy
NVDA,1736931429890,500.58,92,buy
MSFT,1736931432478,302.01,74,buy
TSLA,1736931433420,195.56,1,sell
MSFT,1736931437309,300.77,45,sell
NVDA,1736931438097,502.05,51,buy
SPY,1736931438544,399.71,3,sell
SPY,1736931438658,400.43,87,sell
SPY,1736931439410,399.79,66,buy
TSLA,1736931439548,195.62,78,buy
SPY,1736931439605,400.9,60,sell
TSLA,1736931440262,194.47,26,buy
MSFT,1736931441553,297.4,76,sell
AAPL,1736931443103,152.86,64,sell
MSFT,1736931445297,296.67,53,buy
SPY,1736931445733,399.89,24,buy
MSFT,1736931446813,299.8,3,buy
NVDA,1736931446917,500.89,31,buy
MSFT,1736931448129,301.81,45,sell
SPY,1736931448131,401.02,94,sell
NVDA,1736931449543,500.69,86,buy
MSFT,1736931451824,297.26,65,sell
AAPL,1736931451944,153.06,19,buy
SPY,1736931452550,399.87,68,buy
TSLA,1736931452912,195.76,87,sell
AAPL,1736931453310,151.73,16,sell
MSFT,1736931453322,303.17,60,sell
TSLA,1736931453395,194.1,83,sell
AAPL,1736931453515,150.8,98,sell
MSFT,1736931453613,298.75,53,buy
SPY,1736931455102,399.71,66,sell
MSFT,1736931455189,300.05,53,sell
MSFT,1736931455971,297.68,68,buy
MSFT,1736931457209,299.27,26,sell
TSLA,1736931457983,198.35,25,buy
TSLA,1736931458091,194.81,2,sell
MSFT,1736931458503,297.12,87,sell
AAPL,1736931458881,149.85,17,buy
TSLA,1736931460167,198.82,83,buy
SPY,1736931461139,401.29,94,buy
SPY,1736931461532,401.57,99,sell
MSFT,1736931461789,301.41,99,buy
AAPL,1736931462624,150.14,8,sell
TSLA,1736931462884,198.22,27,sell
AAPL,1736931463642,149.34,85,buy
MSFT,1736931463929,297.45,94,buy
SPY,1736931464554,400.12,56,sell
AAPL,1736931466085,150.04,29,buy
NVDA,1736931467531,502.76,38,sell
TSLA,1736931468017,198.47,71,buy
NVDA,1736931468432,499.0,67,buy
NVDA,1736931468501,502.65,81,sell
MSFT,1736931470019,299.5,41,sell
SPY,1736931470948,399.34,8,buy
AAPL,1736931471696,151.65,19,sell
MSFT,1736931472029,296.86,33,sell
NVDA,1736931472348,499.61,31,sell
AAPL,1736931474464,151.22,2,buy
SPY,1736931474626,399.51,43,sell
AAPL,1736931475639,151.34,84,buy
AAPL,1736931475866,149.94,28,sell
SPY,1736931477291,400.5,32,buy
MSFT,1736931477601,301.41,84,buy
MSFT,1736931479643,299.45,29,sell
MSFT,1736931480396,299.27,5,sell
NVDA,1736931480925,503.73,1,buy
MSFT,1736931481694,298.99,59,sell
NVDA,1736931482268,498.29,55,sell
AAPL,1736931483932,151.13,12,sell
MSFT,1736931484663,297.36,16,buy
TSLA,1736931484750,199.14,44,sell
NVDA,1736931484976,501.78,92,buy
SPY,1736931485555,400.22,67,buy
NVDA,1736931485856,499.91,40,sell
NVDA,1736931487437,500.13,32,sell
TSLA,1736931487553,198.41,4,sell
NVDA,1736931487683,500.39,16,buy
SPY,1736931488564,400.78,71,buy
TSLA,1736931488588,195.44,84,buy
NVDA,1736931488871,503.56,89,sell
TSLA,1736931489392,194.78,86,buy
TSLA,1736931489782,199.54,58,sell
TSLA,1736931489932,198.59,11,sell
SPY,1736931490048,401.53,65,buy
AAPL,1736931490215,150.01,40,buy
AAPL,1736931490645,150.98,19,buy
SPY,1736931490683,400.9,27,sell
AAPL,1736931491047,151.02,56,sell
AAPL,1736931491953,153.05,4,buy
AAPL,1736931492202,152.8,92,buy
NVDA,1736931494479,501.19,97,sell
SPY,1736931495421,399.4,38,sell
TSLA,1736931495557,199.33,2,buy
NVDA,1736931496578,501.59,20,buy
AAPL,1736931497343,151.13,31,buy
AAPL,1736931497417,152.56,49,buy
AAPL,1736931498438,150.2,10,buy
TSLA,1736931498536,199.9,34,buy
TSLA,1736931500424,199.73,52,sell
AAPL,1736931501657,150.29,90,buy
SPY,1736931502073,400.47,19,sell
AAPL,1736931502447,149.99,38,sell
AAPL,1736931502821,150.11,93,buy
TSLA,1736931503769,193.13,15,sell
AAPL,1736931504772,152.86,78,buy
NVDA,1736931505614,501.58,87,buy
AAPL,1736931505836,151.44,27,buy
TSLA,1736931506441,194.49,77,buy
MSFT,1736931506902,298.0,39,sell
MSFT,1736931508841,299.19,61,sell
AAPL,1736931511269,150.95,90,buy
SPY,1736931511812,399.45,7,buy
SPY,1736931511920,401.03,51,buy
SPY,1736931513296,400.89,95,buy
SPY,1736931513484,399.72,11,buy
MSFT,1736931513517,297.38,53,buy
SPY,1736931513817,401.16,44,buy
SPY,1736931514209,400.51,27,sell
NVDA,1736931514911,503.37,5,sell
MSFT,1736931514985,301.97,7,sell
NVDA,1736931516449,502.24,68,sell
SPY,1736931517679,400.77,23,sell
SPY,1736931519091,399.86,13,buy
TSLA,1736931519327,199.99,23,buy
MSFT,1736931519716,301.98,22,buy
SPY,1736931519808,399.72,48,sell
TSLA,1736931520724,194.58,36,sell
MSFT,1736931521332,300.76,47,buy
NVDA,1736931523187,499.27,7,buy
TSLA,1736931525944,194.18,3,sell
AAPL,1736931526939,152.06,32,buy
TSLA,1736931527164,195.27,76,buy
MSFT,1736931527265,301.42,72,sell
SPY,1736931528153,399.34,40,buy
NVDA,1736931530553,502.74,58,buy
SPY,1736931532213,399.42,85,buy
NVDA,1736931533999,501.31,51,sell
MSFT,1736931536116,299.14,65,sell
SPY,1736931536400,400.89,16,sell
TSLA,1736931537585,198.77,95,buy
TSLA,1736931538330,199.15,67,buy
MSFT,1736931538382,298.73,12,sell
TSLA,1736931539383,195.17,76,buy
MSFT,1736931540292,296.89,98,buy
AAPL,1736931540348,152.15,32,sell
SPY,1736931540477,401.22,95,buy
MSFT,1736931541178,296.84,39,buy
NVDA,1736931542332,498.88,43,buy
AAPL,1736931542376,150.76,3,sell
TSLA,1736931543175,198.85,32,buy
MSFT,1736931543748,296.94,76,sell
AAPL,1736931544611,149.7,74,sell
TSLA,1736931549304,198.56,4,buy
NVDA,1736931549479,499.13,15,buy
SPY,1736931552601,399.77,58,buy
TSLA,1736931553078,200.21,21,buy
AAPL,1736931554648,152.48,88,buy
TSLA,1736931554672,193.97,57,sell
NVDA,1736931555919,501.65,86,sell
NVDA,1736931557153,501.01,11,sell
AAPL,1736931557430,151.79,71,buy
TSLA,1736931557721,194.92,35,buy
AAPL,1736931559019,149.33,89,sell
SPY,1736931559029,399.64,55,buy
AAPL,1736931559572,152.02,30,sell
AAPL,1736931559992,151.97,22,sell
MSFT,1736931561233,299.48,70,buy
MSFT,1736931561249,298.91,2,sell
NVDA,1736931561695,502.67,100,sell
AAPL,1736931562298,151.23,5,buy
TSLA,1736931562415,197.75,42,buy
MSFT,1736931562425,297.83,61,buy
SPY,1736931562953,401.66,73,sell
NVDA,1736931563330,500.42,56,buy
MSFT,1736931563596,300.35,49,buy
AAPL,1736931567286,151.0,41,sell
SPY,1736931569072,400.24,67,sell
SPY,1736931569529,401.59,13,buy
SPY,1736931570065,398.88,1,buy
TSLA,1736931570111,194.28,66,buy
MSFT,1736931570169,303.02,72,sell
AAPL,1736931570575,152.81,16,sell
AAPL,1736931571238,151.6,46,buy
NVDA,1736931571250,501.12,18,buy
MSFT,1736931571265,300.2,35,buy
TSLA,1736931571503,195.14,2,buy
MSFT,1736931573551,301.61,32,sell
NVDA,1736931574924,500.87,54,sell
MSFT,1736931575464,297.45,7,buy
MSFT,1736931576595,300.01,97,sell
SPY,1736931576613,399.59,89,sell
MSFT,1736931577352,297.55,29,sell
TSLA,1736931577712,197.78,75,sell
NVDA,1736931578247,501.35,100,sell
SPY,1736931578634,400.76,85,sell
SPY,1736931580371,401.62,4,buy
SPY,1736931581813,400.61,5,buy
MSFT,1736931582138,299.04,32,sell
TSLA,1736931582897,193.51,23,sell
SPY,1736931583673,401.08,49,buy
NVDA,1736931586276,499.84,79,sell
SPY,1736931586480,398.99,48,buy
MSFT,1736931587412,301.79,54,sell
TSLA,1736931587554,198.72,88,buy
TSLA,1736931588156,195.31,8,sell
SPY,1736931588571,399.62,76,sell
TSLA,1736931590703,198.48,24,sell
NVDA,1736931591357,500.78,31,sell
NVDA,1736931592256,499.92,58,sell
SPY,1736931592383,399.61,67,buy
AAPL,1736931593151,151.44,56,buy
TSLA,1736931593660,195.18,70,buy
MSFT,1736931593765,303.21,50,buy
NVDA,1736931595250,501.18,36,buy
NVDA,1736931596091,500.37,81,buy
SPY,1736931596205,399.49,73,sell
TSLA,1736931596292,194.59,29,buy
MSFT,1736931597102,299.44,46,sell
NVDA,1736931597837,502.24,44,sell
TSLA,1736931600521,198.04,73,sell
AAPL,1736931601083,149.25,59,buy
AAPL,1736931601147,150.22,69,buy
SPY,1736931601179,399.29,74,sell
AAPL,1736931603039,151.68,55,buy
TSLA,1736931603378,198.12,90,buy
MSFT,1736931605090,301.66,36,sell
TSLA,1736931608178,198.63,94,buy
AAPL,1736931610064,149.57,40,sell
AAPL,1736931612194,152.1,4,sell
AAPL,1736931612210,151.71,57,sell
TSLA,1736931612351,194.1,22,sell
NVDA,1736931612369,499.51,9,buy
TSLA,1736931613224,198.96,6,sell
NVDA,1736931613224,501.49,84,buy
TSLA,1736931616222,193.53,53,sell
TSLA,1736931616833,195.05,88,buy
SPY,1736931617156,399.4,68,buy
MSFT,1736931618126,302.21,9,buy
SPY,1736931618128,399.58,13,sell
TSLA,1736931619570,193.21,65,buy
TSLA,1736931619766,193.65,91,buy
TSLA,1736931619933,193.95,34,buy
TSLA,1736931619997,197.67,96,sell
SPY,1736931620053,399.3,89,sell
NVDA,1736931621571,503.68,74,buy
TSLA,1736931621892,198.49,50,sell
SPY,1736931621944,401.52,66,sell
MSFT,1736931623744,299.13,61,buy
NVDA,1736931624259,502.28,53,sell
NVDA,1736931625488,501.63,36,buy
AAPL,1736931627108,152.48,16,sell
MSFT,1736931627453,296.81,36,sell
AAPL,1736931628199,151.68,78,sell
MSFT,1736931628253,296.88,92,sell
NVDA,1736931629266,501.68,85,buy
AAPL,1736931630923,149.92,21,sell
SPY,1736931631485,400.15,33,buy
TSLA,1736931632188,198.1,67,sell
NVDA,1736931632674,500.3,28,buy
AAPL,1736931632996,152.51,89,sell
SPY,1736931634348,400.59,24,buy
AAPL,1736931635225,149.27,26,buy
MSFT,1736931635790,301.15,82,sell
MSFT,1736931636058,296.88,42,sell
TSLA,1736931636752,198.53,74,buy
AAPL,1736931636981,151.08,52,buy
MSFT,1736931637361,301.49,44,buy
SPY,1736931639431,400.47,5,buy
TSLA,1736931642576,197.85,44,sell
AAPL,1736931644391,152.06,45,sell
MSFT,1736931644705,300.36,89,buy
SPY,1736931645164,399.19,12,sell
SPY,1736931645571,400.0,71,sell
NVDA,1736931646277,503.0,30,sell
TSLA,1736931647574,193.19,94,sell
SPY,1736931650067,401.43,71,buy
TSLA,1736931651205,195.53,19,buy
MSFT,1736931652318,300.12,26,sell
MSFT,1736931653609,301.64,99,buy
SPY,1736931654351,400.06,25,sell
AAPL,1736931655092,152.56,100,buy
TSLA,1736931655510,197.77,80,buy
TSLA,1736931655582,195.46,44,buy
AAPL,1736931656137,150.31,68,buy
AAPL,1736931657049,151.98,77,buy
MSFT,1736931657870,301.48,42,sell
SPY,1736931658053,399.61,99,buy
NVDA,1736931658680,500.65,97,buy
NVDA,1736931659518,499.58,41,buy
NVDA,1736931659543,502.62,85,buy
AAPL,1736931659947,153.06,94,buy
TSLA,1736931660657,199.85,75,sell
MSFT,1736931663125,299.29,10,buy
SPY,1736931664839,399.15,21,buy
MSFT,1736931667452,299.91,35,sell
TSLA,1736931668033,198.68,65,buy
AAPL,1736931668410,151.42,39,sell
TSLA,1736931668703,198.55,63,sell
AAPL,1736931668877,149.93,36,buy
AAPL,1736931669796,151.84,95,buy
TSLA,1736931670122,199.07,69,sell
SPY,1736931670149,400.05,11,buy
NVDA,1736931670977,503.44,26,buy
AAPL,1736931671336,149.28,53,buy
MSFT,1736931672581,299.23,65,sell
NVDA,1736931673343,500.66,78,buy
TSLA,1736931674102,194.49,45,buy
AAPL,1736931674145,151.72,70,sell
AAPL,1736931674722,153.29,22,buy
TSLA,1736931674734,197.08,8,buy
MSFT,1736931674762,297.04,15,buy
TSLA,1736931677131,199.66,99,buy
TSLA,1736931677327,198.05,37,buy
TSLA,1736931677776,193.6,23,sell
AAPL,1736931677815,150.66,16,sell
MSFT,1736931678107,297.5,57,sell
MSFT,1736931679295,301.45,97,buy
MSFT,1736931679659,296.9,8,sell
MSFT,1736931681156,298.79,34,buy
TSLA,1736931683477,199.2,67,buy
MSFT,1736931683943,297.67,37,buy
MSFT,1736931684246,298.43,20,buy
SPY,1736931684584,399.5,23,buy
TSLA,1736931684957,194.79,15,buy
MSFT,1736931685074,296.74,72,sell
TSLA,1736931685126,193.9,48,sell
TSLA,1736931685835,198.41,30,buy
MSFT,1736931685898,299.16,80,buy
AAPL,1736931688333,151.71,28,buy
TSLA,1736931688761,195.1,3,sell
MSFT,1736931688879,296.77,33,sell
SPY,1736931689091,400.72,48,buy
MSFT,1736931690008,296.75,68,sell
SPY,1736931690711,399.88,39,sell
TSLA,1736931691589,199.42,54,buy
NVDA,1736931693335,500.37,68,sell
SPY,1736931694318,400.85,47,buy
SPY,1736931694674,400.56,87,sell
TSLA,1736931696074,196.36,13,sell
SPY,1736931696419,400.53,70,buy
AAPL,1736931696979,152.52,51,buy
NVDA,1736931698747,502.24,70,sell
AAPL,1736931699054,150.66,46,buy
AAPL,1736931699281,152.52,23,sell
SPY,1736931700624,399.46,11,sell
TSLA,1736931701856,198.2,14,buy
MSFT,1736931705628,297.7,76,sell
TSLA,1736931705736,195.77,15,sell
MSFT,1736931706146,297.49,54,buy
SPY,1736931706621,399.71,62,sell
TSLA,1736931707152,195.18,62,buy
SPY,1736931707724,400.49,17,buy
TSLA,1736931707899,197.56,24,buy
NVDA,1736931708818,501.3,38,sell
SPY,1736931708850,399.01,53,buy
SPY,1736931709122,398.6,49,buy
AAPL,1736931709566,149.87,66,sell
NVDA,1736931712316,501.67,63,buy
NVDA,1736931712625,500.43,26,buy
NVDA,1736931713107,499.45,7,buy
MSFT,1736931713218,298.65,88,sell
SPY,1736931713399,399.68,78,sell
AAPL,1736931713808,150.09,50,sell
TSLA,1736931713950,197.13,57,buy
TSLA,1736931714766,196.95,62,buy
SPY,1736931714880,401.36,14,sell
NVDA,1736931715593,504.05,73,buy
NVDA,1736931715939,501.33,15,buy
TSLA,1736931716476,198.02,65,sell
NVDA,1736931716571,500.6,79,sell
NVDA,1736931716969,500.82,11,sell
TSLA,1736931717862,198.97,13,buy
NVDA,1736931718335,502.29,96,sell
MSFT,1736931718513,303.24,37,buy
MSFT,1736931718945,296.63,99,buy
AAPL,1736931718962,149.05,41,sell
AAPL,1736931721508,150.75,89,sell
AAPL,1736931721962,151.42,95,buy
SPY,1736931722161,401.06,99,buy
SPY,1736931722335,399.36,16,sell
SPY,1736931722470,400.38,16,buy
MSFT,1736931723143,301.4,13,sell
MSFT,1736931723606,296.89,33,sell
NVDA,1736931723640,501.97,37,buy
AAPL,1736931724207,150.75,74,buy
AAPL,1736931724647,150.44,17,buy
NVDA,1736931725323,498.87,38,sell
MSFT,1736931726001,302.09,23,buy
NVDA,1736931729652,502.78,6,sell
TSLA,1736931730397,199.98,96,sell
NVDA,1736931732404,501.33,2,sell
AAPL,1736931733007,149.86,27,sell
MSFT,1736931733514,297.87,31,buy
TSLA,1736931733849,198.6,19,buy
AAPL,1736931734358,152.54,36,sell
TSLA,1736931734516,197.62,1,sell
TSLA,1736931734687,198.63,65,sell
AAPL,1736931735369,152.52,18,buy
TSLA,1736931735544,195.18,31,buy
NVDA,1736931736010,503.61,64,sell
NVDA,1736931738373,501.67,100,sell
NVDA,1736931738934,502.68,44,sell
NVDA,1736931738985,502.57,84,buy
AAPL,1736931739454,151.11,32,sell
AAPL,1736931739690,150.54,56,sell
AAPL,1736931740021,149.75,29,buy
TSLA,1736931743645,200.0,21,sell
SPY,1736931743707,401.28,48,sell
TSLA,1736931744242,200.15,89,buy
AAPL,1736931744285,150.03,16,buy
AAPL,1736931745656,151.87,48,sell
NVDA,1736931746711,500.78,4,sell
TSLA,1736931746723,199.34,91,buy
AAPL,1736931748338,151.23,72,sell
MSFT,1736931748907,298.07,31,sell
MSFT,1736931749498,302.14,71,sell
MSFT,1736931750007,297.64,5,buy
NVDA,1736931750174,501.13,25,sell
SPY,1736931750415,400.55,49,buy
TSLA,1736931750559,195.71,32,buy
NVDA,1736931756019,500.83,15,buy
TSLA,1736931756295,195.52,66,buy
TSLA,1736931756554,195.36,61,sell
NVDA,1736931759414,498.61,46,buy
SPY,1736931759592,399.48,25,buy
AAPL,1736931759749,151.7,57,sell
TSLA,1736931760040,200.02,11,sell
MSFT,1736931760757,298.88,48,buy
MSFT,1736931762594,301.36,3,buy
NVDA,1736931762605,499.72,44,buy
MSFT,1736931763182,296.84,55,sell
TSLA,1736931764649,195.24,94,buy
TSLA,1736931764784,195.35,70,buy
SPY,1736931765164,400.9,82,buy
NVDA,1736931766772,501.58,45,buy
TSLA,1736931766933,198.45,3,sell
NVDA,1736931767272,500.13,66,buy
NVDA,1736931768559,499.61,57,sell
AAPL,1736931769221,149.35,47,sell
TSLA,1736931769231,198.4,26,sell
TSLA,1736931769429,198.24,63,buy
SPY,1736931770259,399.82,34,buy
AAPL,1736931770490,149.48,14,sell
SPY,1736931770650,400.54,97,buy
AAPL,1736931770765,149.74,95,sell
SPY,1736931771429,399.1,50,sell
TSLA,1736931771616,195.35,16,sell
NVDA,1736931775145,502.66,34,buy
AAPL,1736931775308,150.31,12,sell
NVDA,1736931775956,499.51,68,buy
NVDA,1736931776302,501.12,65,buy
NVDA,1736931777196,501.06,34,sell
AAPL,1736931778094,152.11,88,sell
TSLA,1736931778274,194.56,91,sell
AAPL,1736931778410,152.84,31,buy
MSFT,1736931779018,301.46,53,buy
TSLA,1736931779716,198.34,74,buy
MSFT,1736931781949,297.48,46,sell
SPY,1736931783135,401.42,58,buy
MSFT,1736931784599,301.13,71,sell
NVDA,1736931785947,501.76,8,sell
TSLA,1736931786967,198.33,13,sell
SPY,1736931787409,400.01,53,buy
SPY,1736931787739,399.65,17,buy
AAPL,1736931788107,151.92,12,sell
AAPL,1736931788508,152.65,22,buy
MSFT,1736931789036,298.67,52,sell
SPY,1736931789169,400.77,5,buy
NVDA,1736931789267,501.71,17,buy
AAPL,1736931789302,149.39,34,sell
NVDA,1736931790150,502.43,99,sell
AAPL,1736931790640,149.73,21,buy
TSLA,1736931791390,199.68,85,buy
NVDA,1736931792000,499.85,34,sell
NVDA,1736931792728,500.38,20,buy
SPY,1736931793467,399.49,61,buy
NVDA,1736931794025,501.06,40,buy
NVDA,1736931794517,502.87,18,sell
NVDA,1736931796475,500.64,82,buy
MSFT,1736931797244,303.25,20,buy
SPY,1736931799255,399.57,38,buy
AAPL,1736931799518,149.95,59,sell
MSFT,1736931799779,297.34,38,sell
AAPL,1736931800307,150.46,53,sell
MSFT,1736931801012,299.22,38,sell
SPY,1736931801335,399.2,80,sell
TSLA,1736931802052,195.76,24,buy
SPY,1736931802701,400.9,44,sell
MSFT,1736931802718,297.73,86,buy
AAPL,1736931802768,149.92,2,buy
SPY,1736931803156,400.49,38,sell
MSFT,1736931803321,298.96,59,buy
TSLA,1736931804474,198.27,78,buy
AAPL,1736931805201,149.43,35,sell
SPY,1736931805577,399.63,42,sell
TSLA,1736931805640,200.08,27,sell
SPY,1736931806347,399.44,3,buy
AAPL,1736931807021,151.29,18,buy
TSLA,1736931807663,195.12,87,sell
NVDA,1736931808136,500.65,91,buy
SPY,1736931808468,400.16,98,sell
MSFT,1736931808518,296.78,100,sell
NVDA,1736931808776,499.63,3,sell
MSFT,1736931808902,296.53,1,buy
NVDA,1736931808908,503.76,95,buy
NVDA,1736931810650,499.66,86,buy
MSFT,1736931810843,300.19,8,sell
AAPL,1736931811696,150.18,15,sell
AAPL,1736931811951,152.92,52,sell
MSFT,1736931812153,299.42,13,sell
NVDA,1736931812435,501.28,71,sell
NVDA,1736931812992,502.01,18,sell
AAPL,1736931813049,151.04,97,buy
SPY,1736931815248,401.11,60,sell
AAPL,1736931815659,152.45,97,sell
SPY,1736931816292,400.45,72,buy
MSFT,1736931816455,301.75,52,buy
MSFT,1736931816929,300.27,24,buy
NVDA,1736931818111,503.8,92,sell
AAPL,1736931818351,149.82,23,buy
AAPL,1736931818437,151.13,89,sell
NVDA,1736931820633,502.89,3,buy
NVDA,1736931821657,500.02,21,buy
TSLA,1736931821669,195.57,31,sell
TSLA,1736931823350,195.43,85,sell
NVDA,1736931823363,499.52,95,sell
AAPL,1736931825015,149.56,51,sell
AAPL,1736931826875,153.19,95,sell
AAPL,1736931827406,149.43,90,buy
MSFT,1736931827656,297.18,53,sell
TSLA,1736931827890,199.0,89,sell
SPY,1736931828143,399.85,67,sell
MSFT,1736931828266,298.48,51,buy
TSLA,1736931828320,198.6,94,buy
NVDA,1736931829362,499.39,57,sell
MSFT,1736931830342,297.31,79,sell
TSLA,1736931830711,199.03,95,sell
SPY,1736931831243,400.72,84,buy
MSFT,1736931832414,298.79,56,sell
AAPL,1736931832805,151.68,35,buy
AAPL,1736931834250,150.25,22,sell
NVDA,1736931834812,502.25,68,sell
SPY,1736931835461,399.33,1,buy
TSLA,1736931836737,193.41,49,buy
NVDA,1736931837104,500.92,89,buy
MSFT,1736931838399,301.71,5,buy
NVDA,1736931838963,503.72,53,buy
NVDA,1736931839460,501.74,92,buy
TSLA,1736931839742,195.3,58,sell
MSFT,1736931840538,299.67,93,sell
SPY,1736931841133,399.32,41,sell
TSLA,1736931841189,193.32,96,sell
MSFT,1736931841478,297.43,39,sell
NVDA,1736931842461,500.82,79,sell
NVDA,1736931844971,503.96,47,sell
NVDA,1736931844997,499.92,39,buy
MSFT,1736931844998,296.61,17,sell
NVDA,1736931846997,502.36,73,buy
TSLA,1736931851811,198.65,8,buy
NVDA,1736931852838,500.28,77,sell
TSLA,1736931853412,194.68,84,sell
NVDA,1736931853636,499.4,84,sell
TSLA,1736931853658,198.44,63,sell
MSFT,1736931854651,298.73,11,sell
NVDA,1736931856930,503.76,87,buy
SPY,1736931858283,399.87,24,sell
TSLA,1736931858514,198.95,18,buy
SPY,1736931858896,399.8,77,sell
NVDA,1736931860811,499.16,8,sell
SPY,1736931861517,399.67,46,buy
TSLA,1736931861518,198.27,81,sell
AAPL,1736931862605,151.86,23,buy
AAPL,1736931862690,149.3,85,buy
TSLA,1736931864184,197.91,53,sell
SPY,1736931864843,399.56,8,sell
SPY,1736931868229,399.59,45,sell
NVDA,1736931868631,499.52,80,sell
SPY,1736931871097,401.32,37,sell
MSFT,1736931873053,300.22,44,buy
AAPL,1736931874109,150.23,100,buy
AAPL,1736931874393,150.15,11,sell
NVDA,1736931874490,499.72,60,sell
TSLA,1736931875795,197.52,9,sell
TSLA,1736931876124,198.42,20,buy
MSFT,1736931877898,297.18,63,sell
MSFT,1736931878726,299.88,92,sell
TSLA,1736931878745,194.46,66,buy
AAPL,1736931878805,152.53,3,sell
TSLA,1736931879157,199.15,63,sell
MSFT,1736931879456,298.95,86,sell
SPY,1736931879880,399.96,97,buy
TSLA,1736931880032,198.92,4,buy
TSLA,1736931880193,200.14,4,buy
TSLA,1736931883273,198.45,77,buy
NVDA,1736931883912,503.5,92,buy
TSLA,1736931884641,198.6,24,buy
MSFT,1736931885821,299.11,90,buy
MSFT,1736931886415,299.94,87,buy
MSFT,1736931886615,302.31,18,sell
MSFT,1736931886815,303.09,78,buy
AAPL,1736931886982,151.76,68,sell
MSFT,1736931887955,297.21,62,buy
AAPL,1736931889199,150.5,17,buy
NVDA,1736931889561,503.16,27,sell
TSLA,1736931890076,200.1,30,buy
SPY,1736931890434,398.82,24,sell
NVDA,1736931890631,501.91,7,sell
SPY,1736931890911,399.47,61,buy
AAPL,1736931890918,152.14,19,buy
MSFT,1736931890939,301.09,96,sell
NVDA,1736931891766,502.38,26,sell
SPY,1736931892105,399.72,30,sell
SPY,1736931892199,400.44,52,buy
MSFT,1736931893073,298.68,33,sell
SPY,1736931893804,400.9,5,buy
AAPL,1736931893850,150.52,89,sell
NVDA,1736931894024,503.47,1,sell
AAPL,1736931894270,152.15,30,sell
NVDA,1736931895018,501.71,79,buy
SPY,1736931895225,398.57,3,sell
AAPL,1736931895376,150.97,67,buy
NVDA,1736931896985,500.41,30,sell
TSLA,1736931897591,195.7,63,buy
NVDA,1736931897752,502.5,17,buy
NVDA,1736931898276,500.53,87,buy
MSFT,1736931898424,298.78,23,sell
MSFT,1736931898829,299.27,61,sell
NVDA,1736931899495,502.36,83,buy
AAPL,1736931899548,151.54,50,buy
NVDA,1736931899610,499.48,68,sell
MSFT,1736931899734,299.15,25,buy
NVDA,1736931900223,501.21,62,buy
AAPL,1736931900275,150.9,27,buy
NVDA,1736931901155,502.12,77,buy
AAPL,1736931901542,149.38,98,sell
MSFT,1736931901722,296.91,18,sell
NVDA,1736931901761,501.05,70,sell
NVDA,1736931902541,502.6,95,buy
MSFT,1736931902934,301.33,26,sell
MSFT,1736931904349,299.1,16,buy
MSFT,1736931904502,299.57,77,buy
SPY,1736931904585,401.1,44,buy
MSFT,1736931905457,296.85,52,sell
MSFT,1736931906800,302.96,42,sell
AAPL,1736931907992,151.79,92,sell
AAPL,1736931909573,152.28,68,buy
NVDA,1736931910009,499.3,35,sell
MSFT,1736931912393,302.8,73,sell
MSFT,1736931912910,300.44,35,buy
MSFT,1736931912995,298.85,34,buy
MSFT,1736931913252,296.87,95,buy
NVDA,1736931913439,501.85,19,buy
SPY,1736931914570,400.44,84,sell
MSFT,1736931914703,296.77,20,sell
MSFT,1736931915033,297.12,51,sell
MSFT,1736931915526,301.48,66,sell
AAPL,1736931915554,152.16,40,sell
AAPL,1736931917066,151.75,20,buy
NVDA,1736931917549,503.16,57,sell
TSLA,1736931918211,198.85,65,sell
NVDA,1736931918211,501.67,24,sell
TSLA,1736931918981,199.25,41,sell
AAPL,1736931920771,151.61,12,sell
NVDA,1736931920786,499.39,83,buy
SPY,1736931922101,401.06,87,sell
NVDA,1736931922237,502.04,46,buy
MSFT,1736931922283,297.12,89,sell
TSLA,1736931922584,195.04,38,buy
TSLA,1736931922801,198.83,16,sell
AAPL,1736931923000,152.58,5,buy
AAPL,1736931923024,152.77,69,buy
NVDA,1736931923694,498.69,60,buy
AAPL,1736931923702,150.31,24,buy
MSFT,1736931924386,297.53,10,sell
TSLA,1736931925095,198.73,7,buy
AAPL,1736931925103,150.67,22,sell
NVDA,1736931925742,500.97,49,sell
MSFT,1736931925997,302.29,8,sell
TSLA,1736931926015,193.61,42,buy
SPY,1736931926198,399.43,51,buy
SPY,1736931926908,399.41,44,buy
TSLA,1736931927816,198.87,70,buy
SPY,1736931928683,399.9,9,sell
NVDA,1736931929539,502.73,85,sell
SPY,1736931930239,401.83,71,sell
NVDA,1736931930358,499.65,89,sell
SPY,1736931930430,400.14,73,sell
NVDA,1736931931255,499.09,22,sell
TSLA,1736931933938,196.92,30,sell
SPY,1736931934363,400.65,38,sell
MSFT,1736931934989,297.09,73,sell
AAPL,1736931935251,150.43,76,buy
NVDA,1736931936458,501.82,42,buy
MSFT,1736931936885,298.59,3,sell
SPY,1736931937886,401.6,91,sell
NVDA,1736931938199,499.03,27,sell
SPY,1736931938319,399.75,1,sell
TSLA,1736931938661,198.73,15,buy
NVDA,1736931938966,502.27,21,sell
MSFT,1736931939624,298.62,97,buy
NVDA,1736931940299,499.88,24,sell
NVDA,1736931940449,498.51,36,buy
NVDA,1736931940917,500.51,15,buy
NVDA,1736931941015,499.68,1,buy
TSLA,1736931941128,199.17,4,buy
NVDA,1736931941445,501.65,36,buy
MSFT,1736931943584,298.16,33,buy
AAPL,1736931944250,150.0,32,sell
SPY,1736931945729,399.53,33,sell
TSLA,1736931949328,194.37,2,sell
MSFT,1736931949926,300.12,35,buy
MSFT,1736931950257,297.75,64,sell
SPY,1736931950456,399.43,44,sell
NVDA,1736931951046,500.78,64,sell
MSFT,1736931951272,297.34,55,sell
AAPL,1736931952146,152.69,96,buy
TSLA,1736931952951,195.16,42,buy
SPY,1736931952960,399.89,83,buy
TSLA,1736931953125,198.31,3,sell
SPY,1736931953764,400.01,80,buy
MSFT,1736931953923,301.02,75,buy
AAPL,1736931954570,150.48,7,buy
TSLA,1736931956231,192.96,35,buy
NVDA,1736931957187,499.25,88,buy
TSLA,1736931957744,196.48,38,sell
SPY,1736931959851,399.83,46,buy
TSLA,1736931961992,198.27,12,buy
MSFT,1736931963164,298.91,17,sell
TSLA,1736931963870,193.69,67,buy
MSFT,1736931965241,298.59,67,sell
SPY,1736931965409,400.33,71,buy
AAPL,1736931966102,152.57,37,buy
NVDA,1736931966799,501.95,32,buy
NVDA,1736931967467,502.71,94,sell
AAPL,1736931967595,150.62,42,sell
AAPL,1736931968582,149.87,5,buy
AAPL,1736931969406,151.57,88,sell
AAPL,1736931969634,150.33,28,sell
NVDA,1736931969900,501.74,87,sell
MSFT,1736931970579,301.79,57,sell
NVDA,1736931972166,499.76,44,buy
TSLA,1736931972997,195.6,76,buy
SPY,1736931974195,399.4,56,sell
SPY,1736931976079,399.09,33,sell
MSFT,1736931977659,297.27,45,buy
AAPL,1736931978229,152.49,26,sell
MSFT,1736931978308,299.16,68,sell
AAPL,1736931978764,152.66,44,buy
MSFT,1736931979618,299.07,73,sell
AAPL,1736931980285,152.17,17,buy
MSFT,1736931980857,301.51,14,buy
MSFT,1736931981754,299.32,57,sell
SPY,1736931983148,400.61,75,buy
AAPL,1736931986931,149.98,23,sell
NVDA,1736931987417,503.32,88,sell
MSFT,1736931987746,301.33,36,buy
SPY,1736931988733,399.76,10,sell
SPY,1736931988834,400.09,90,sell
MSFT,1736931989723,299.02,16,sell
AAPL,1736931990559,152.92,32,sell
AAPL,1736931990901,151.87,70,buy
NVDA,1736931992185,501.38,47,buy
SPY,1736931992518,401.7,74,buy
NVDA,1736931993294,500.8,18,buy
NVDA,1736931993321,499.11,36,buy
NVDA,1736931994643,501.76,96,sell
NVDA,1736931995111,503.55,5,sell
AAPL,1736931996334,152.68,91,buy
NVDA,1736931997801,499.09,25,sell
SPY,1736931998732,399.78,77,buy
MSFT,1736931999445,301.84,50,sell
NVDA,1736931999519,499.69,21,buy
MSFT,1736931999676,298.96,91,sell
MSFT,1736932002475,301.27,60,sell
NVDA,1736932004274,502.74,45,sell
AAPL,1736932005054,150.28,33,sell
NVDA,1736932006555,499.4,16,buy
SPY,1736932007049,399.71,48,sell
SPY,1736932007539,399.88,63,buy
TSLA,1736932008819,198.24,85,buy
AAPL,1736932011154,150.25,55,sell
AAPL,1736932011974,153.3,7,buy
NVDA,1736932012830,500.91,50,buy
SPY,1736932012971,400.59,65,sell
SPY,1736932013464,399.46,80,sell
SPY,1736932013524,399.59,49,sell
NVDA,1736932014135,501.95,24,buy
MSFT,1736932017045,296.75,60,buy
MSFT,1736932017069,302.17,90,buy
MSFT,1736932017074,299.36,30,sell
NVDA,1736932017539,499.54,78,sell
SPY,1736932018228,400.25,33,buy
TSLA,1736932018517,195.78,55,sell
SPY,1736932018553,400.07,80,sell
MSFT,1736932019752,299.22,12,sell
SPY,1736932020977,398.83,9,buy
MSFT,1736932021790,298.57,72,buy
TSLA,1736932022251,198.39,53,buy
TSLA,1736932025865,195.0,48,sell
SPY,1736932027435,401.46,39,sell
NVDA,1736932027793,498.98,11,sell
AAPL,1736932028517,151.56,52,buy
TSLA,1736932029217,194.12,64,buy
TSLA,1736932030423,195.29,66,sell
TSLA,1736932030627,197.06,81,sell
AAPL,1736932030762,152.09,25,sell
MSFT,1736932032575,298.89,54,sell
NVDA,1736932033401,503.96,14,buy
MSFT,1736932033926,297.14,17,sell
AAPL,1736932034350,150.99,56,buy
NVDA,1736932034775,500.52,94,sell
MSFT,1736932034788,300.07,74,buy
TSLA,1736932035530,198.23,100,sell
MSFT,1736932037098,297.42,40,sell
MSFT,1736932037247,303.2,59,buy
SPY,1736932037376,399.8,68,buy
MSFT,1736932039402,298.47,60,sell
TSLA,1736932041064,197.62,87,buy
NVDA,1736932041214,503.03,9,buy
SPY,1736932041449,399.4,53,sell
SPY,1736932041837,400.62,4,sell
NVDA,1736932042801,501.43,10,sell
MSFT,1736932043039,301.02,27,sell
MSFT,1736932043485,297.05,66,sell
MSFT,1736932043642,298.43,77,sell
NVDA,1736932044440,499.58,39,buy
TSLA,1736932044735,199.03,26,buy
TSLA,1736932045534,196.32,89,buy
AAPL,1736932046469,151.94,2,buy
SPY,1736932046574,400.44,15,sell
SPY,1736932047383,401.16,43,buy
MSFT,1736932047749,299.33,64,sell
SPY,1736932049166,400.3,67,sell
NVDA,1736932049499,500.61,18,buy
TSLA,1736932051798,198.36,62,buy
NVDA,1736932051939,500.45,16,buy
SPY,1736932052251,399.17,91,sell
AAPL,1736932052526,150.29,30,buy
NVDA,1736932052713,498.98,32,sell
AAPL,1736932053333,150.57,95,buy
SPY,1736932053423,400.59,83,sell
NVDA,1736932056424,501.91,23,buy
TSLA,1736932057076,193.04,57,buy
TSLA,1736932057242,195.73,33,buy
TSLA,1736932057702,198.49,35,buy
TSLA,1736932057932,200.05,64,sell
MSFT,1736932058588,299.32,37,sell
MSFT,1736932058661,302.04,32,sell
AAPL,1736932059130,149.79,81,sell
NVDA,1736932059586,500.23,18,buy
TSLA,1736932060685,196.42,1,sell
MSFT,1736932061390,298.52,40,buy
AAPL,1736932062708,151.36,59,sell
SPY,1736932063359,400.6,93,sell
MSFT,1736932067677,298.58,28,buy
TSLA,1736932070275,196.96,33,buy
AAPL,1736932070517,152.15,100,sell
MSFT,1736932072732,297.45,33,buy
AAPL,1736932074276,150.66,59,buy
TSLA,1736932074589,194.43,36,buy
TSLA,1736932074722,198.26,95,buy
MSFT,1736932075209,299.94,46,sell
MSFT,1736932076349,297.27,36,sell
TSLA,1736932077077,199.39,45,sell
TSLA,1736932078123,199.99,90,buy
MSFT,1736932079029,299.17,91,sell
TSLA,1736932081992,198.72,92,buy
AAPL,1736932081993,150.72,60,sell
TSLA,1736932082881,200.41,82,buy
MSFT,1736932083216,298.74,21,sell
NVDA,1736932083550,500.62,85,buy
AAPL,1736932085183,152.54,88,sell
AAPL,1736932085524,152.01,14,buy
MSFT,1736932088041,296.97,98,buy
SPY,1736932089926,401.6,18,sell
NVDA,1736932090233,501.39,64,sell
SPY,1736932090755,400.14,50,sell
NVDA,1736932091211,501.29,14,buy
SPY,1736932091226,400.15,24,sell
SPY,1736932091830,399.74,41,buy
NVDA,1736932093038,503.78,93,sell
AAPL,1736932093827,150.51,67,buy
SPY,1736932094098,400.59,67,buy
MSFT,1736932094379,299.31,63,sell
NVDA,1736932095643,504.19,64,buy
SPY,1736932095706,399.06,13,sell
SPY,1736932095880,401.33,94,sell
NVDA,1736932096247,503.73,56,sell
AAPL,1736932096642,150.1,63,buy
MSFT,1736932097943,298.95,25,buy
SPY,1736932098202,399.83,24,sell
SPY,1736932098858,398.83,84,sell
MSFT,1736932099773,301.93,34,sell
SPY,1736932099936,400.0,3,sell
AAPL,1736932100965,152.13,69,buy
SPY,1736932101283,399.69,95,sell
MSFT,1736932101865,299.18,46,sell
SPY,1736932102121,399.56,3,sell
NVDA,1736932102909,502.51,30,buy
MSFT,1736932103042,299.84,7,buy
MSFT,1736932103868,298.13,69,buy
SPY,1736932103998,400.29,47,buy
NVDA,1736932104072,498.71,2,sell
NVDA,1736932104235,502.01,55,sell
NVDA,1736932104394,500.08,86,sell
AAPL,1736932105214,151.62,82,sell
TSLA,1736932106045,195.02,69,sell
AAPL,1736932107013,152.57,37,buy
TSLA,1736932107978,198.03,34,buy
AAPL,1736932108497,150.08,91,buy
NVDA,1736932111746,501.63,39,sell
MSFT,1736932111876,301.21,21,sell
TSLA,1736932112216,197.67,20,buy
NVDA,1736932113278,503.3,46,sell
MSFT,1736932114345,297.89,64,sell
SPY,1736932114992,399.83,26,sell
TSLA,1736932115008,194.02,86,buy
AAPL,1736932115983,150.02,40,sell
SPY,1736932116450,399.49,45,sell
TSLA,1736932116754,199.93,7,buy
TSLA,1736932117251,195.48,12,sell
MSFT,1736932117662,299.68,24,sell
SPY,1736932119117,400.05,48,buy
TSLA,1736932119136,194.19,36,sell
TSLA,1736932120698,199.92,28,sell
AAPL,1736932121041,149.96,66,buy
MSFT,1736932121597,298.91,97,buy
AAPL,1736932121796,151.68,4,buy
MSFT,1736932122205,301.79,51,sell
SPY,1736932122382,399.47,41,buy
AAPL,1736932123608,152.73,97,buy
NVDA,1736932124070,500.61,83,buy
AAPL,1736932124517,150.67,88,sell
TSLA,1736932125407,196.32,56,buy
MSFT,1736932125630,299.42,75,sell
NVDA,1736932126643,499.34,56,sell
TSLA,1736932126650,195.79,63,sell
TSLA,1736932127538,195.48,17,buy
AAPL,1736932127730,149.56,4,buy
SPY,1736932127850,399.72,62,sell
NVDA,1736932128652,501.32,57,sell
NVDA,1736932129386,499.92,13,buy
SPY,1736932129532,400.23,57,buy
NVDA,1736932130169,503.81,88,sell
MSFT,1736932131360,299.39,25,sell
MSFT,1736932132056,297.73,79,buy
AAPL,1736932133863,151.19,52,buy
SPY,1736932136454,399.3,49,buy
AAPL,1736932136693,152.85,78,sell
MSFT,1736932137107,297.06,63,buy
AAPL,1736932137113,152.12,94,sell
NVDA,1736932137653,500.65,74,sell
AAPL,1736932137770,152.63,84,sell
SPY,1736932139140,400.63,60,buy
TSLA,1736932140983,195.02,78,sell
TSLA,1736932141331,199.09,96,buy
TSLA,1736932142250,196.95,8,buy
TSLA,1736932142641,198.84,57,sell
NVDA,1736932143138,501.12,21,buy
MSFT,1736932143359,298.61,75,buy
NVDA,1736932144612,502.38,26,buy
TSLA,1736932144660,197.0,87,sell
SPY,1736932145476,400.6,35,buy
MSFT,1736932145767,300.09,23,buy
SPY,1736932146616,401.3,80,buy
MSFT,1736932146982,297.3,57,sell
TSLA,1736932147007,195.46,22,sell
SPY,1736932149180,400.37,44,sell
NVDA,1736932149573,500.12,78,sell
AAPL,1736932150122,150.09,99,sell
NVDA,1736932150134,502.44,91,sell
AAPL,1736932151276,151.04,84,buy
AAPL,1736932151396,150.16,89,sell
SPY,1736932151402,400.05,66,buy
MSFT,1736932151499,297.68,93,buy
NVDA,1736932152116,502.59,1,buy
TSLA,1736932153434,194.79,61,sell
SPY,1736932153964,400.56,89,buy
NVDA,1736932154491,500.57,82,buy
AAPL,1736932155067,152.78,44,buy
MSFT,1736932156586,299.5,80,buy
SPY,1736932157495,399.42,68,sell
TSLA,1736932157966,199.01,58,sell
TSLA,1736932158665,197.69,34,sell
TSLA,1736932158866,195.03,90,buy
SPY,1736932159649,400.58,84,buy
AAPL,1736932161066,150.65,15,buy
SPY,1736932161312,399.57,14,buy
AAPL,1736932161529,149.42,37,sell
TSLA,1736932162748,199.67,45,buy
NVDA,1736932163089,503.88,10,buy
NVDA,1736932163407,500.66,96,buy
TSLA,1736932163512,195.28,94,buy
AAPL,1736932163588,149.35,10,sell
MSFT,1736932163872,302.38,21,sell
MSFT,1736932163980,300.39,36,buy
NVDA,1736932164053,503.8,96,buy
SPY,1736932165462,400.4,35,buy
TSLA,1736932165597,195.26,22,sell
TSLA,1736932165906,193.73,61,buy
SPY,1736932165907,400.71,22,buy
MSFT,1736932166297,300.98,68,buy
TSLA,1736932170235,194.74,65,buy
MSFT,1736932171545,302.78,59,sell
TSLA,1736932172210,198.49,43,sell
MSFT,1736932172528,297.77,61,buy
TSLA,1736932173134,197.23,63,sell
TSLA,1736932173233,199.23,49,sell
SPY,1736932173265,399.9,4,buy
MSFT,1736932173560,299.48,19,buy
MSFT,1736932174366,299.24,80,sell
NVDA,1736932174401,501.99,15,buy
TSLA,1736932174699,200.13,27,buy
AAPL,1736932174769,149.89,97,buy
NVDA,1736932174843,502.84,66,sell
TSLA,1736932176713,194.92,38,buy
SPY,1736932177130,399.97,34,buy
AAPL,1736932178036,152.34,42,buy
AAPL,1736932178820,153.11,91,sell
SPY,1736932179009,400.87,79,sell
MSFT,1736932179491,299.73,87,sell
SPY,1736932179747,399.24,100,sell
SPY,1736932181281,399.03,47,buy
SPY,1736932181792,399.29,23,sell
TSLA,1736932182756,200.18,81,buy
TSLA,1736932183104,195.41,21,buy
NVDA,1736932183145,503.53,16,buy
AAPL,1736932183168,152.1,26,sell
NVDA,1736932185458,500.65,36,sell
AAPL,1736932186792,151.64,59,buy
TSLA,1736932188134,197.87,11,sell
TSLA,1736932188516,197.77,68,buy
AAPL,1736932188624,151.69,65,buy
AAPL,1736932188999,151.82,64,sell
NVDA,1736932189143,502.71,76,buy
AAPL,1736932190614,152.28,72,buy
SPY,1736932191972,400.05,24,buy
SPY,1736932192287,401.65,36,sell
AAPL,1736932192449,152.65,12,sell
NVDA,1736932192990,500.66,81,sell
AAPL,1736932195779,151.48,100,sell
NVDA,1736932196517,502.94,52,sell
AAPL,1736932196803,149.72,37,buy
MSFT,1736932198583,301.06,25,buy
AAPL,1736932199070,152.14,51,buy
MSFT,1736932202014,299.25,81,sell
MSFT,1736932203329,299.07,49,buy
TSLA,1736932205225,199.27,96,sell
AAPL,1736932205600,151.15,6,buy
NVDA,1736932206067,499.24,58,buy
TSLA,1736932207127,196.22,44,buy
NVDA,1736932207167,501.24,95,sell
MSFT,1736932207513,296.88,77,buy
NVDA,1736932207817,498.89,59,buy
SPY,1736932209977,399.14,17,sell
MSFT,1736932210266,297.45,15,buy
NVDA,1736932212107,499.56,49,sell
NVDA,1736932212757,502.77,90,buy
SPY,1736932213289,398.81,13,sell
SPY,1736932213334,400.79,98,buy
TSLA,1736932214002,199.88,94,buy
TSLA,1736932214442,195.53,33,buy
TSLA,1736932215048,193.11,31,buy
MSFT,1736932216077,300.06,82,sell
SPY,1736932216494,401.33,72,buy
AAPL,1736932217892,152.04,84,buy
MSFT,1736932220057,299.17,4,sell
NVDA,1736932220262,503.7,40,buy
AAPL,1736932221075,150.9,57,buy
AAPL,1736932222190,152.98,93,buy
MSFT,1736932222191,301.48,67,sell
MSFT,1736932222429,298.48,16,buy
AAPL,1736932222524,151.91,34,buy
NVDA,1736932222680,499.58,97,buy
TSLA,1736932222925,196.52,56,sell
MSFT,1736932223330,298.84,66,buy
SPY,1736932223409,400.29,88,buy
NVDA,1736932224409,500.7,10,buy
SPY,1736932226080,400.35,64,sell
MSFT,1736932228172,299.28,37,sell
AAPL,1736932231046,152.12,22,buy
AAPL,1736932231068,152.53,18,buy
TSLA,1736932231238,198.47,92,buy
AAPL,1736932231576,152.42,28,buy
SPY,1736932231876,400.7,49,sell
NVDA,1736932232757,501.67,4,buy
SPY,1736932233356,400.36,86,buy
MSFT,1736932235700,300.49,15,sell
NVDA,1736932236136,499.58,11,sell
SPY,1736932236857,399.94,27,sell
SPY,1736932238639,399.81,81,sell
MSFT,1736932239096,297.04,31,buy
NVDA,1736932239637,499.91,35,buy
NVDA,1736932239802,501.65,99,buy
AAPL,1736932240445,150.69,25,sell
AAPL,1736932240810,150.13,48,buy
NVDA,1736932242667,503.69,70,sell
NVDA,1736932243398,499.82,74,sell
SPY,1736932243453,398.92,39,buy
SPY,1736932243659,399.67,71,buy
NVDA,1736932244483,499.38,4,sell
NVDA,1736932244935,500.59,37,sell
AAPL,1736932244995,150.04,46,buy
MSFT,1736932245184,299.19,78,buy
MSFT,1736932248359,297.18,23,buy
AAPL,1736932249315,150.46,29,sell
TSLA,1736932250184,195.11,49,buy
MSFT,1736932250285,300.78,28,sell
NVDA,1736932250871,503.82,45,buy
SPY,1736932251273,401.57,69,sell
AAPL,1736932254142,149.85,1,sell
MSFT,1736932254708,300.08,55,sell
SPY,1736932255151,399.1,87,buy
NVDA,1736932255363,499.47,78,sell
MSFT,1736932255755,298.9,25,sell
TSLA,1736932258109,195.6,11,sell
NVDA,1736932258802,500.03,49,sell
SPY,1736932259327,399.35,17,sell
AAPL,1736932259437,150.45,56,sell
NVDA,1736932259897,501.14,46,sell
NVDA,1736932260559,501.33,16,sell
AAPL,1736932260821,152.24,63,buy
SPY,1736932260860,400.87,29,buy
TSLA,1736932261059,197.96,60,buy
AAPL,1736932261799,152.03,20,sell
MSFT,1736932263278,301.34,11,buy
NVDA,1736932263622,500.65,95,buy
TSLA,1736932263715,194.53,32,buy
MSFT,1736932264120,297.32,96,sell
SPY,1736932265815,401.38,95,buy
MSFT,1736932266217,297.17,49,sell
SPY,1736932266300,399.56,44,sell
NVDA,1736932267030,498.76,77,buy
TSLA,1736932268872,196.29,24,sell
NVDA,1736932269294,500.34,50,buy
AAPL,1736932271445,152.16,10,buy
AAPL,1736932272347,150.04,12,sell
NVDA,1736932272418,501.3,50,buy
NVDA,1736932273041,501.14,47,buy
SPY,1736932273507,399.34,93,buy
TSLA,1736932273537,197.21,80,sell
NVDA,1736932273541,501.69,23,sell
SPY,1736932273831,399.61,56,sell
TSLA,1736932274320,200.03,10,buy
AAPL,1736932274491,149.65,19,buy
MSFT,1736932275791,301.53,32,buy
MSFT,1736932276272,296.65,10,sell
TSLA,1736932276856,200.18,57,buy
NVDA,1736932277114,501.58,35,buy
MSFT,1736932279125,300.91,98,sell
MSFT,1736932280390,296.79,56,buy
NVDA,1736932282445,501.57,50,buy
SPY,1736932283596,400.35,27,buy
TSLA,1736932284606,194.95,55,buy
NVDA,1736932285495,502.56,53,sell
AAPL,1736932285525,152.13,16,buy
MSFT,1736932285637,303.17,93,sell
NVDA,1736932286487,500.43,12,sell
MSFT,1736932288229,298.13,25,sell
NVDA,1736932288718,500.45,13,sell
NVDA,1736932289558,499.59,91,buy
MSFT,1736932290063,302.26,50,sell
TSLA,1736932291546,198.72,53,buy
SPY,1736932291576,401.04,52,sell
SPY,1736932291961,399.29,52,buy
SPY,1736932294043,399.57,5,buy
MSFT,1736932294526,297.33,51,sell
MSFT,1736932294709,301.77,11,sell
MSFT,1736932296648,299.72,51,sell
NVDA,1736932296863,500.31,22,sell
SPY,1736932297763,400.93,78,buy
AAPL,1736932297776,152.79,22,sell
MSFT,1736932298702,298.74,95,sell
MSFT,1736932299265,299.97,89,buy
MSFT,1736932300437,301.61,41,sell
NVDA,1736932300628,501.58,16,buy
TSLA,1736932300766,195.11,20,sell
AAPL,1736932301564,152.75,52,buy
SPY,1736932303094,400.08,51,buy
SPY,1736932304540,399.88,59,buy
MSFT,1736932306295,299.93,15,buy
SPY,1736932306330,401.69,71,sell
AAPL,1736932306849,151.69,76,buy
NVDA,1736932306917,503.93,71,buy
SPY,1736932306934,400.64,94,sell
AAPL,1736932307036,151.98,13,buy
AAPL,1736932308028,152.83,74,buy
MSFT,1736932308640,298.94,34,sell
NVDA,1736932309191,499.56,34,buy
SPY,1736932309206,399.49,32,sell
TSLA,1736932309373,199.14,71,buy
MSFT,1736932309772,299.74,60,buy
MSFT,1736932310575,301.51,9,buy
SPY,1736932310591,400.58,9,sell
MSFT,1736932311308,296.96,43,buy
SPY,1736932311753,401.07,32,buy
AAPL,1736932311785,153.46,51,buy
TSLA,1736932312542,194.96,90,buy
NVDA,1736932312785,498.89,69,buy
TSLA,1736932313565,195.01,90,buy
MSFT,1736932314334,297.9,89,buy
TSLA,1736932314879,198.03,53,buy
MSFT,1736932315408,297.74,90,sell
MSFT,1736932315789,303.11,28,sell
NVDA,1736932316678,503.85,11,buy
AAPL,1736932316926,151.98,17,buy
NVDA,1736932317205,503.72,90,buy
SPY,1736932317228,399.48,16,sell
AAPL,1736932317455,152.66,3,sell
TSLA,1736932319557,195.32,20,buy
NVDA,1736932321080,500.77,8,buy
SPY,1736932321545,401.13,15,buy
NVDA,1736932321651,498.33,20,sell
SPY,1736932321653,400.98,79,sell
NVDA,1736932322173,499.27,52,buy
SPY,1736932323401,399.48,43,sell
AAPL,1736932323580,149.47,94,sell
MSFT,1736932324907,301.66,39,sell
SPY,1736932325707,399.17,79,sell
NVDA,1736932326285,502.74,45,buy
TSLA,1736932326535,193.07,44,sell
SPY,1736932327318,399.68,42,sell
TSLA,1736932327328,197.87,50,buy
AAPL,1736932327513,149.92,85,buy
AAPL,1736932327956,151.0,60,sell
AAPL,1736932328096,151.48,25,sell
AAPL,1736932328137,151.91,60,buy
NVDA,1736932329449,502.32,21,buy
TSLA,1736932329901,200.26,37,sell
NVDA,1736932330946,499.01,93,sell
MSFT,1736932331691,296.89,68,buy
MSFT,1736932331753,297.01,18,sell
NVDA,1736932332330,499.44,15,buy
MSFT,1736932332841,298.9,88,sell
SPY,1736932332850,399.85,20,sell
NVDA,1736932332886,502.56,8,buy
MSFT,1736932334545,297.47,13,sell
NVDA,1736932335041,500.79,84,buy
MSFT,1736932335176,300.15,58,buy
NVDA,1736932335567,501.54,25,sell
MSFT,1736932335570,298.67,40,buy
MSFT,1736932336372,299.51,46,buy
MSFT,1736932337484,296.95,89,sell
MSFT,1736932338197,301.64,92,buy
TSLA,1736932338549,199.68,91,buy
SPY,1736932339221,399.62,66,sell
SPY,1736932341092,400.35,1,sell
TSLA,1736932341649,196.92,29,sell
NVDA,1736932341895,501.91,40,sell
MSFT,1736932343702,300.09,17,buy
TSLA,1736932343751,195.51,26,buy
MSFT,1736932345415,298.93,31,buy
AAPL,1736932345449,152.1,17,buy
TSLA,1736932345561,198.0,77,buy
MSFT,1736932346771,298.97,1,sell
MSFT,1736932347379,298.8,62,sell
TSLA,1736932347581,198.25,23,buy
AAPL,1736932347868,151.96,87,sell
SPY,1736932348156,399.42,78,sell
MSFT,1736932348762,298.74,7,buy
TSLA,1736932349280,194.59,68,sell
TSLA,1736932349351,199.2,46,sell
AAPL,1736932351509,149.89,47,sell
NVDA,1736932352643,499.34,3,sell
MSFT,1736932352880,298.54,9,buy
AAPL,1736932353062,149.49,59,sell
TSLA,1736932355413,198.4,36,buy
MSFT,1736932355848,303.03,25,buy
AAPL,1736932355959,149.15,19,sell
AAPL,1736932357986,150.1,55,buy
MSFT,1736932359134,300.4,71,sell
TSLA,1736932359341,195.18,76,buy
MSFT,1736932359356,300.03,70,sell
NVDA,1736932359674,502.21,76,buy
TSLA,1736932360572,197.3,28,buy
AAPL,1736932361341,151.69,9,sell
NVDA,1736932361979,503.28,100,buy
NVDA,1736932362528,502.37,36,sell
MSFT,1736932363218,302.15,23,sell
NVDA,1736932364207,499.26,7,buy
NVDA,1736932364489,502.78,45,buy
NVDA,1736932364888,502.75,96,sell
MSFT,1736932365700,302.14,57,sell
SPY,1736932366055,399.03,89,sell
SPY,1736932367085,401.24,99,buy
SPY,1736932368069,400.59,26,buy
NVDA,1736932369544,498.83,43,sell
SPY,1736932370605,400.04,2,buy
AAPL,1736932371067,149.35,37,buy
MSFT,1736932371389,300.62,75,sell
TSLA,1736932372125,199.96,98,buy
MSFT,1736932373368,300.06,52,sell
MSFT,1736932373454,299.79,62,buy
MSFT,1736932373893,297.44,100,buy
NVDA,1736932374041,498.73,44,sell
NVDA,1736932374594,498.74,43,sell
SPY,1736932374667,400.8,89,buy
SPY,1736932377719,398.81,76,sell
SPY,1736932377784,399.06,84,buy
MSFT,1736932377935,299.99,95,sell
NVDA,1736932378346,501.54,18,sell
AAPL,1736932378561,150.16,36,sell
TSLA,1736932380363,195.68,92,buy
MSFT,1736932380767,297.1,35,buy
SPY,1736932381686,400.61,61,buy
MSFT,1736932381910,301.12,52,buy
TSLA,1736932382054,194.77,73,buy
AAPL,1736932382479,150.08,24,buy
SPY,1736932383575,399.33,36,sell
TSLA,1736932383934,199.11,82,sell
NVDA,1736932384336,503.51,19,sell
MSFT,1736932387065,302.04,19,sell
AAPL,1736932388007,149.74,89,buy
TSLA,1736932388073,193.66,100,buy
AAPL,1736932388409,152.28,52,buy
MSFT,1736932389445,299.12,83,buy
MSFT,1736932389962,302.04,5,sell
NVDA,1736932390970,503.53,84,sell
SPY,1736932391099,400.52,18,sell
AAPL,1736932391815,149.8,80,sell
SPY,1736932392374,399.72,23,buy
NVDA,1736932393978,501.67,70,sell
AAPL,1736932394418,152.59,48,buy
AAPL,1736932394572,149.85,99,sell
TSLA,1736932396221,195.56,72,sell
NVDA,1736932399437,503.87,54,sell
SPY,1736932399499,399.59,1,sell
TSLA,1736932399928,199.83,86,buy
SPY,1736932401215,399.8,83,buy
AAPL,1736932401415,151.22,13,buy
MSFT,1736932402105,297.5,60,buy
MSFT,1736932402190,298.34,72,buy
AAPL,1736932405240,152.8,49,sell
SPY,1736932406566,401.05,65,buy
NVDA,1736932406570,500.81,1,buy
NVDA,1736932408293,500.08,99,sell
MSFT,1736932408864,297.08,85,buy
MSFT,1736932409670,303.12,47,buy
NVDA,1736932410929,500.2,90,buy
NVDA,1736932411169,503.2,14,sell
AAPL,1736932411235,152.49,39,buy
NVDA,1736932411932,503.26,89,sell
SPY,1736932412296,400.1,3,buy
NVDA,1736932420479,500.41,12,sell
AAPL,1736932420766,152.84,38,buy
AAPL,1736932420833,152.68,13,buy
TSLA,1736932421463,198.45,74,sell
MSFT,1736932422275,299.25,51,buy
MSFT,1736932425019,296.84,47,buy
MSFT,1736932425511,300.1,54,buy
MSFT,1736932425529,302.34,71,buy
AAPL,1736932425946,152.75,3,buy
NVDA,1736932428802,502.75,73,sell
SPY,1736932429051,399.75,98,sell
TSLA,1736932430802,193.2,73,buy
SPY,1736932431342,399.56,3,buy
AAPL,1736932432107,149.98,39,buy
NVDA,1736932433685,500.59,20,buy
NVDA,1736932433850,502.7,21,buy
SPY,1736932434354,399.8,94,sell
MSFT,1736932434501,296.94,64,buy
AAPL,1736932435765,151.29,52,buy
SPY,1736932435902,399.29,10,buy
TSLA,1736932436060,199.99,30,sell
MSFT,1736932436227,296.61,97,sell
NVDA,1736932436335,503.85,24,sell
AAPL,1736932436779,150.69,6,buy
NVDA,1736932437353,502.8,44,sell
TSLA,1736932437902,198.08,88,buy
AAPL,1736932438097,149.74,33,buy
TSLA,1736932439216,195.31,80,buy
TSLA,1736932440579,198.33,72,buy
AAPL,1736932441253,152.21,98,buy
NVDA,1736932441506,500.47,86,buy
NVDA,1736932442385,501.99,56,buy
NVDA,1736932443276,502.47,8,buy
NVDA,1736932443808,501.62,6,sell
AAPL,1736932444077,152.96,57,sell
SPY,1736932444624,399.82,33,sell
AAPL,1736932444711,150.2,23,buy
SPY,1736932445434,399.47,36,sell
NVDA,1736932446276,501.35,48,buy
NVDA,1736932446401,502.29,55,buy
NVDA,1736932446548,498.82,40,buy
AAPL,1736932447828,151.95,45,buy
AAPL,1736932448274,149.75,100,sell
TSLA,1736932449356,198.0,100,buy
MSFT,1736932449511,299.4,37,sell
AAPL,1736932449957,152.43,9,sell
MSFT,1736932450007,301.74,29,buy
MSFT,1736932450095,298.57,73,buy
TSLA,1736932451656,198.74,94,buy
MSFT,1736932451803,297.77,45,sell
MSFT,1736932452681,301.0,89,buy
NVDA,1736932453047,500.28,16,buy
AAPL,1736932453621,149.81,2,buy
SPY,1736932454635,398.98,21,buy
SPY,1736932454747,400.9,25,buy
MSFT,1736932454765,298.65,63,sell
AAPL,1736932455002,152.71,82,buy
TSLA,1736932456148,198.76,51,buy
TSLA,1736932457353,195.34,23,sell
AAPL,1736932459558,151.62,19,buy
NVDA,1736932460458,499.16,81,sell
AAPL,1736932462003,149.25,61,sell
SPY,1736932462671,400.54,18,sell
MSFT,1736932463198,297.31,86,buy
NVDA,1736932463535,500.87,80,sell
MSFT,1736932464393,300.06,65,buy
NVDA,1736932464613,502.51,10,sell
AAPL,1736932464787,150.06,74,sell
MSFT,1736932464805,301.62,49,buy
MSFT,1736932464927,297.36,8,buy
NVDA,1736932465213,501.65,95,sell
NVDA,1736932466048,501.73,62,sell
AAPL,1736932466265,150.92,56,sell
MSFT,1736932466907,299.14,16,sell
SPY,1736932469220,399.39,80,buy
TSLA,1736932469697,196.88,37,sell
TSLA,1736932469985,198.07,44,buy
SPY,1736932470790,399.91,97,sell
SPY,1736932473762,398.94,5,buy
TSLA,1736932474561,197.31,5,buy
NVDA,1736932474691,501.12,22,sell
TSLA,1736932474709,199.09,86,sell
NVDA,1736932475006,500.33,73,sell
NVDA,1736932475243,502.56,28,sell
SPY,1736932475443,400.59,89,buy
TSLA,1736932476173,195.53,40,sell
NVDA,1736932476468,499.74,87,sell
NVDA,1736932477114,501.32,3,buy
SPY,1736932480514,399.95,61,buy
TSLA,1736932480898,195.46,8,sell
AAPL,1736932481211,148.97,19,sell
TSLA,1736932481725,193.6,59,buy
AAPL,1736932482029,150.7,33,buy
TSLA,1736932482082,198.7,4,buy
TSLA,1736932482524,195.35,16,buy
TSLA,1736932485261,196.38,25,sell
NVDA,1736932485425,502.06,31,sell
TSLA,1736932486658,193.43,16,buy
AAPL,1736932486767,149.56,99,sell
SPY,1736932487041,399.73,84,buy
AAPL,1736932489296,152.21,36,buy
SPY,1736932489688,400.15,9,buy
NVDA,1736932489736,500.51,89,sell
NVDA,1736932490331,499.61,17,buy
MSFT,1736932491117,296.93,19,buy
TSLA,1736932491540,194.82,24,sell
NVDA,1736932491635,501.23,96,sell
AAPL,1736932492349,151.68,44,buy
NVDA,1736932492848,501.68,91,sell
SPY,1736932495331,400.69,62,buy
SPY,1736932497711,399.47,45,sell
SPY,1736932497847,399.88,50,sell
TSLA,1736932498840,198.51,57,buy
AAPL,1736932500715,150.57,95,sell
NVDA,1736932503237,500.56,60,buy
TSLA,1736932504588,196.49,74,buy
MSFT,1736932504834,300.53,54,sell
MSFT,1736932504979,298.39,97,sell
MSFT,1736932505368,302.0,66,buy
NVDA,1736932505979,499.05,67,buy
AAPL,1736932508294,152.31,100,buy
AAPL,1736932508514,152.67,46,buy
MSFT,1736932510417,297.4,80,buy
NVDA,1736932512113,503.69,98,sell
TSLA,1736932512294,200.04,47,sell
MSFT,1736932512672,303.02,14,buy
TSLA,1736932514243,199.07,19,buy
MSFT,1736932514542,300.14,100,sell
TSLA,1736932515634,198.83,20,sell
NVDA,1736932517210,498.77,17,sell
SPY,1736932517934,400.6,30,sell
SPY,1736932518836,401.4,15,buy
AAPL,1736932518915,150.01,1,sell
MSFT,1736932519010,301.74,7,buy
MSFT,1736932520320,297.18,34,buy
TSLA,1736932520705,197.92,4,sell
MSFT,1736932524706,298.83,34,sell
NVDA,1736932525271,502.18,19,buy
SPY,1736932526591,399.97,41,buy
TSLA,1736932526600,200.02,53,buy
AAPL,1736932527685,151.44,59,buy
AAPL,1736932527990,149.46,79,sell
TSLA,1736932529010,198.06,16,sell
AAPL,1736932529682,149.64,4,buy
TSLA,1736932530348,194.66,4,buy
NVDA,1736932530513,503.63,77,buy
AAPL,1736932530573,152.27,66,sell
SPY,1736932531125,399.52,51,buy
SPY,1736932533526,400.79,24,sell
TSLA,1736932533804,199.84,30,sell
NVDA,1736932533826,501.9,57,buy
NVDA,1736932534584,500.29,71,sell
NVDA,1736932535273,499.99,29,sell
NVDA,1736932536256,498.53,91,buy
MSFT,1736932538024,297.59,96,sell
MSFT,1736932538507,296.83,80,buy
MSFT,1736932538961,298.83,78,sell
SPY,1736932539877,399.53,29,buy
AAPL,1736932542800,152.05,2,buy
NVDA,1736932543148,502.09,70,buy
AAPL,1736932544507,151.61,64,sell
TSLA,1736932544750,196.32,37,sell
NVDA,1736932545048,500.64,91,buy
MSFT,1736932545519,299.09,80,sell
MSFT,1736932545618,296.95,41,sell
AAPL,1736932546219,149.09,65,buy
AAPL,1736932547686,151.96,99,sell
SPY,1736932549175,400.85,74,buy
TSLA,1736932549460,199.01,48,buy
SPY,1736932550371,401.41,45,sell
MSFT,1736932551228,298.44,57,sell
AAPL,1736932551489,151.67,37,sell
TSLA,1736932552894,198.61,69,sell
SPY,1736932553161,399.33,96,buy
NVDA,1736932553905,499.53,76,buy
SPY,1736932554441,399.5,99,buy
SPY,1736932554834,399.84,52,buy
NVDA,1736932556258,502.03,50,buy
TSLA,1736932557045,194.03,81,buy
TSLA,1736932557227,195.65,2,buy
AAPL,1736932557364,153.15,86,sell
NVDA,1736932557992,499.5,85,buy
MSFT,1736932558364,298.73,15,buy
SPY,1736932558868,398.89,15,sell
AAPL,1736932558869,151.82,22,sell
AAPL,1736932559301,150.45,44,sell
SPY,1736932559569,401.02,97,buy
SPY,1736932559776,400.73,24,buy
SPY,1736932559919,400.54,85,sell
MSFT,1736932560446,298.48,46,buy
TSLA,1736932560973,198.65,42,buy
TSLA,1736932560991,196.05,5,sell
AAPL,1736932561142,151.95,1,buy
NVDA,1736932563259,501.13,85,sell
AAPL,1736932563528,152.55,57,buy
MSFT,1736932564339,300.69,59,buy
NVDA,1736932565697,499.97,33,sell
NVDA,1736932565935,501.79,51,sell
NVDA,1736932568098,503.33,13,buy
SPY,1736932569793,401.52,24,sell
TSLA,1736932569811,200.12,91,sell
AAPL,1736932573053,152.65,4,sell
AAPL,1736932573197,151.98,9,sell
NVDA,1736932573211,500.65,17,buy
TSLA,1736932573859,199.6,51,buy
NVDA,1736932573944,499.64,93,sell
AAPL,1736932576221,152.13,85,sell
MSFT,1736932577340,300.87,82,buy
NVDA,1736932577347,500.36,34,buy
TSLA,1736932577705,198.18,71,sell
TSLA,1736932579212,196.91,79,buy
SPY,1736932579602,399.73,45,buy
NVDA,1736932579914,500.35,39,sell
AAPL,1736932579948,149.9,7,sell
AAPL,1736932580183,150.44,59,buy
MSFT,1736932580207,297.78,66,buy
TSLA,1736932581155,199.64,78,sell
AAPL,1736932582206,150.2,48,sell
MSFT,1736932582888,300.11,28,sell
TSLA,1736932583155,195.08,31,buy
SPY,1736932584467,401.14,70,buy
SPY,1736932584970,400.32,61,sell
SPY,1736932585228,401.02,87,sell
NVDA,1736932587393,499.32,37,buy
MSFT,1736932587795,299.07,63,buy
AAPL,1736932588163,150.45,49,sell
MSFT,1736932588836,302.88,82,sell
AAPL,1736932588932,153.09,48,sell
AAPL,1736932589222,151.72,19,buy
NVDA,1736932590054,501.16,85,buy
MSFT,1736932590812,300.17,94,buy
MSFT,1736932591269,301.73,28,sell
SPY,1736932594525,400.23,51,sell
MSFT,1736932595865,299.13,66,buy
MSFT,1736932597013,301.66,67,sell
NVDA,1736932597649,503.56,9,buy
NVDA,1736932597829,500.51,65,sell
AAPL,1736932600870,150.62,96,sell
TSLA,1736932601329,197.61,18,sell
NVDA,1736932601394,501.74,14,sell
TSLA,1736932601669,195.02,22,buy
SPY,1736932601818,398.82,16,buy
SPY,1736932602773,399.13,82,sell
TSLA,1736932602811,199.12,67,sell
AAPL,1736932606779,149.28,31,buy
MSFT,1736932608471,302.35,11,sell
MSFT,1736932609751,298.78,46,buy
TSLA,1736932610085,194.86,30,buy
SPY,1736932610327,399.81,82,sell
TSLA,1736932612717,195.47,65,buy
AAPL,1736932613129,149.28,96,buy
TSLA,1736932613411,195.7,45,sell
SPY,1736932614065,399.8,42,sell
NVDA,1736932614162,499.33,18,buy
NVDA,1736932614906,502.04,38,sell
MSFT,1736932616032,298.75,17,sell
MSFT,1736932618126,299.28,22,sell
TSLA,1736932620086,194.9,89,sell
SPY,1736932621477,399.36,42,buy
NVDA,1736932622029,499.52,100,buy
NVDA,1736932623565,502.71,43,sell
SPY,1736932624049,399.69,85,buy
SPY,1736932624109,399.73,7,sell
NVDA,1736932624466,501.14,10,buy
SPY,1736932625018,401.47,71,sell
TSLA,1736932625368,198.37,18,buy
TSLA,1736932626453,199.62,44,buy
SPY,1736932627264,398.91,81,sell
NVDA,1736932627422,502.4,91,sell
TSLA,1736932627649,198.7,55,buy
MSFT,1736932630751,298.65,58,buy
AAPL,1736932631476,151.75,20,buy
TSLA,1736932631735,198.33,80,sell
NVDA,1736932632366,501.89,69,sell
NVDA,1736932633091,500.64,13,sell
MSFT,1736932633569,299.02,2,sell
AAPL,1736932634388,151.42,5,sell
SPY,1736932635043,399.38,5,buy
TSLA,1736932635345,198.65,52,buy
NVDA,1736932635564,498.8,89,buy
MSFT,1736932638887,298.96,78,buy
NVDA,1736932638893,499.79,15,buy
MSFT,1736932639579,299.33,72,sell
SPY,1736932639897,399.7,63,buy
TSLA,1736932643444,195.88,94,sell
TSLA,1736932644118,198.43,73,sell
AAPL,1736932645716,153.05,62,sell
AAPL,1736932646622,152.02,21,sell
NVDA,1736932648108,501.09,65,sell
MSFT,1736932648255,299.05,18,buy
NVDA,1736932648551,499.98,69,buy
NVDA,1736932649790,500.65,70,buy
MSFT,1736932649908,298.86,37,buy
TSLA,1736932650645,199.9,37,buy
AAPL,1736932650876,151.02,1,sell
NVDA,1736932653446,501.83,21,sell
MSFT,1736932654289,298.88,90,buy
SPY,1736932656726,400.65,68,buy
NVDA,1736932656917,500.41,75,sell
MSFT,1736932657114,300.33,88,buy
AAPL,1736932657431,151.7,53,sell
NVDA,1736932658149,501.24,89,buy
NVDA,1736932658200,500.59,67,sell
TSLA,1736932659212,195.4,81,sell
MSFT,1736932660353,298.93,90,sell
TSLA,1736932661464,199.12,44,buy
AAPL,1736932662205,151.54,34,buy
SPY,1736932662393,401.46,85,sell
SPY,1736932664108,399.39,46,buy
AAPL,1736932664110,152.64,56,sell
MSFT,1736932664699,297.46,86,buy
NVDA,1736932666539,502.62,56,sell
MSFT,1736932667451,299.09,15,buy
SPY,1736932667506,399.23,82,buy
AAPL,1736932667807,150.33,18,buy
AAPL,1736932668891,150.26,45,sell
SPY,1736932669474,400.42,6,sell
AAPL,1736932669765,151.99,20,sell
TSLA,1736932670089,199.41,27,buy
AAPL,1736932670406,151.15,38,buy
TSLA,1736932671565,195.49,93,buy
NVDA,1736932671618,501.19,90,sell
SPY,1736932671774,400.09,6,sell
AAPL,1736932672484,151.09,90,buy
SPY,1736932672768,399.44,65,buy
TSLA,1736932674069,199.11,68,buy
AAPL,1736932674827,151.21,68,buy
AAPL,1736932675360,152.04,57,sell
TSLA,1736932675419,198.56,54,sell
TSLA,1736932676576,199.09,43,sell
NVDA,1736932677192,501.34,78,buy
SPY,1736932677575,401.49,86,buy
AAPL,1736932678548,152.27,13,sell
MSFT,1736932685223,297.45,24,buy
MSFT,1736932685903,300.04,52,sell
AAPL,1736932686136,153.07,55,buy
MSFT,1736932686278,299.07,5,buy
MSFT,1736932686288,296.96,94,buy
AAPL,1736932686294,152.28,98,sell
AAPL,1736932686513,149.18,11,buy
AAPL,1736932686624,151.93,21,sell
SPY,1736932686926,399.57,97,sell
NVDA,1736932687264,502.73,83,buy
NVDA,1736932688553,501.46,15,buy
MSFT,1736932689212,298.2,58,sell
NVDA,1736932689422,500.76,90,buy
TSLA,1736932690182,198.72,53,buy
AAPL,1736932690316,152.26,54,sell
TSLA,1736932690413,194.28,42,buy
TSLA,1736932691218,198.53,48,sell
NVDA,1736932692254,499.41,94,sell
AAPL,1736932693049,150.69,94,sell
MSFT,1736932693398,297.39,49,sell
NVDA,1736932695627,502.32,55,buy
TSLA,1736932698512,197.89,94,buy
SPY,1736932698573,399.36,67,buy
TSLA,1736932699100,195.98,42,sell
NVDA,1736932699640,502.04,10,sell
MSFT,1736932700250,300.25,45,buy
AAPL,1736932701433,151.06,80,sell
TSLA,1736932701794,195.66,7,buy
MSFT,1736932702559,299.5,48,sell
TSLA,1736932704054,199.02,83,buy
TSLA,1736932704288,200.19,28,buy
AAPL,1736932705348,149.77,97,buy
TSLA,1736932705929,199.25,32,sell
MSFT,1736932707121,297.22,75,buy
NVDA,1736932707251,503.41,1,sell
NVDA,1736932707619,499.53,48,sell
AAPL,1736932708188,152.66,36,sell
AAPL,1736932708334,153.17,60,sell
MSFT,1736932708401,296.94,45,sell
MSFT,1736932708901,297.67,87,sell
AAPL,1736932709074,152.49,80,sell
TSLA,1736932710795,199.94,41,sell
NVDA,1736932711087,499.74,82,sell
AAPL,1736932711275,151.47,42,sell
NVDA,1736932713238,501.58,39,sell
MSFT,1736932713801,300.93,7,buy
TSLA,1736932714964,195.42,90,sell
MSFT,1736932717422,297.11,90,sell
MSFT,1736932718424,302.12,35,sell
MSFT,1736932718606,299.1,100,buy
AAPL,1736932720021,151.74,17,sell
SPY,1736932722978,400.22,71,buy
NVDA,1736932723349,501.75,91,sell
MSFT,1736932724774,299.72,25,buy
AAPL,1736932725062,149.26,95,buy
TSLA,1736932725165,198.63,32,buy
NVDA,1736932725865,499.6,57,buy
NVDA,1736932725960,498.54,23,buy
NVDA,1736932728146,502.1,77,buy
TSLA,1736932728799,195.12,84,buy
AAPL,1736932730188,149.43,40,sell
TSLA,1736932730624,196.06,73,buy
AAPL,1736932731478,152.01,35,buy
AAPL,1736932732403,151.99,54,buy
NVDA,1736932732452,499.41,59,buy
AAPL,1736932732569,149.42,39,buy
MSFT,1736932732916,297.84,21,buy
AAPL,1736932733082,150.44,43,sell
TSLA,1736932733779,194.15,5,buy
TSLA,1736932734172,195.81,92,sell
NVDA,1736932734508,499.42,48,sell
NVDA,1736932734550,501.78,37,buy
TSLA,1736932735279,199.74,36,sell
TSLA,1736932737667,197.31,99,sell
SPY,1736932738342,399.55,68,sell
AAPL,1736932738576,152.78,6,sell
NVDA,1736932741562,503.79,91,buy
AAPL,1736932741791,150.59,43,sell
TSLA,1736932741806,196.35,68,buy
TSLA,1736932742326,199.9,47,sell
TSLA,1736932742750,195.25,91,buy
SPY,1736932743027,401.67,69,buy
AAPL,1736932744325,153.07,22,buy
NVDA,1736932744853,499.97,29,buy
SPY,1736932745744,401.35,71,buy
MSFT,1736932746164,299.42,58,buy
MSFT,1736932746384,299.38,97,buy
MSFT,1736932746817,298.89,39,buy
NVDA,1736932747529,502.52,7,buy
MSFT,1736932748446,301.71,51,buy
NVDA,1736932749445,499.67,74,sell
NVDA,1736932749994,501.14,95,buy
AAPL,1736932750242,150.2,92,sell
SPY,1736932750405,399.65,78,sell
TSLA,1736932750467,199.02,77,buy
AAPL,1736932751774,150.13,94,buy
SPY,1736932752009,400.34,38,sell
AAPL,1736932752385,151.6,65,buy
AAPL,1736932752561,149.32,4,buy
SPY,1736932752606,399.43,64,buy
MSFT,1736932753067,298.94,21,buy
NVDA,1736932753751,499.07,51,buy
TSLA,1736932754590,199.32,29,sell
MSFT,1736932755328,297.27,51,sell
AAPL,1736932756670,149.97,5,buy
SPY,1736932757078,399.65,70,buy
AAPL,1736932757106,152.17,38,buy
AAPL,1736932757207,151.85,88,buy
AAPL,1736932757326,152.3,58,sell
TSLA,1736932757931,197.92,3,sell
MSFT,1736932758070,300.71,22,sell
AAPL,1736932758936,150.24,23,sell
AAPL,1736932759013,151.24,96,buy
TSLA,1736932764465,195.45,91,sell
AAPL,1736932764710,152.79,35,sell
AAPL,1736932765635,151.99,100,buy
MSFT,1736932766746,298.9,89,sell
AAPL,1736932768280,149.17,6,buy
NVDA,1736932769084,500.59,47,sell
NVDA,1736932771147,498.42,5,sell
MSFT,1736932771423,296.86,9,buy
SPY,1736932771866,399.42,84,buy
AAPL,1736932772319,151.62,99,sell
SPY,1736932772703,400.18,2,sell
TSLA,1736932772779,197.81,78,buy
TSLA,1736932772852,194.63,37,sell
MSFT,1736932773845,298.89,56,sell
MSFT,1736932774575,297.61,55,sell
MSFT,1736932775126,297.18,94,buy
AAPL,1736932776488,149.46,38,sell
SPY,1736932776810,399.81,44,sell
NVDA,1736932778586,503.58,60,buy
TSLA,1736932779062,198.43,47,buy
NVDA,1736932779993,500.5,29,sell
TSLA,1736932780399,198.01,31,buy
AAPL,1736932780960,150.45,71,sell
TSLA,1736932781034,195.25,88,sell
MSFT,1736932781951,297.42,43,sell
MSFT,1736932783046,296.56,70,sell
SPY,1736932783749,401.5,82,sell
SPY,1736932784299,399.53,57,buy
TSLA,1736932785382,199.14,29,sell
AAPL,1736932785542,149.7,11,sell
MSFT,1736932785595,296.68,23,sell
TSLA,1736932786438,199.37,32,buy
TSLA,1736932787086,195.1,51,sell
SPY,1736932787122,400.92,70,sell
AAPL,1736932788407,150.74,50,sell
MSFT,1736932789049,299.2,69,buy
TSLA,1736932789237,195.95,75,buy
AAPL,1736932789431,149.32,74,buy
AAPL,1736932790972,151.56,71,buy
NVDA,1736932791003,500.51,10,sell
NVDA,1736932791045,502.59,67,buy
NVDA,1736932792656,499.28,2,sell
NVDA,1736932793153,503.46,7,sell
AAPL,1736932793280,153.06,43,sell
TSLA,1736932794577,195.07,25,buy
SPY,1736932795091,399.25,53,buy
MSFT,1736932796004,302.59,15,sell
AAPL,1736932796310,151.56,82,buy
SPY,1736932796665,399.6,71,sell
SPY,1736932797234,399.55,80,sell
TSLA,1736932798906,195.05,20,buy
MSFT,1736932799007,299.49,50,sell
MSFT,1736932799188,297.64,7,buy
TSLA,1736932799643,195.54,46,buy
NVDA,1736932799795,501.54,85,sell
SPY,1736932800208,399.87,9,sell
TSLA,1736932800400,198.45,66,sell
AAPL,1736932801142,151.69,41,sell
AAPL,1736932801187,152.0,98,buy
NVDA,1736932801536,500.62,34,buy
MSFT,1736932802171,300.79,7,sell
AAPL,1736932803340,151.68,64,sell
NVDA,1736932803568,501.66,91,sell
SPY,1736932804957,400.87,44,sell
MSFT,1736932805753,298.25,19,sell
NVDA,1736932806053,503.86,57,sell
MSFT,1736932806897,298.53,16,buy
SPY,1736932810004,399.68,44,buy
SPY,1736932813355,399.5,42,buy
SPY,1736932813471,399.4,12,sell
TSLA,1736932813979,199.14,91,sell
NVDA,1736932816564,502.4,62,buy
MSFT,1736932816783,301.34,80,buy
NVDA,1736932817283,499.14,50,buy
AAPL,1736932817763,152.07,19,sell
TSLA,1736932818794,196.95,30,buy
SPY,1736932820446,399.25,79,buy
NVDA,1736932820947,499.26,16,buy
SPY,1736932821022,400.49,77,sell
TSLA,1736932821170,194.97,79,sell
MSFT,1736932821359,297.11,3,sell
NVDA,1736932821588,502.78,84,sell
SPY,1736932822509,400.55,25,sell
NVDA,1736932822539,503.08,90,buy
MSFT,1736932822926,300.13,23,buy
TSLA,1736932824237,193.68,28,buy
AAPL,1736932824338,149.87,1,buy
MSFT,1736932824791,296.89,69,buy
TSLA,1736932826043,194.71,96,buy
NVDA,1736932826480,499.47,66,buy
NVDA,1736932826878,499.44,44,sell
AAPL,1736932827419,152.47,77,sell
TSLA,1736932827703,195.72,42,buy
SPY,1736932828051,399.04,95,sell
MSFT,1736932828395,299.14,96,buy
TSLA,1736932829472,198.09,8,buy
MSFT,1736932830410,301.97,33,buy
AAPL,1736932830414,149.38,52,sell
AAPL,1736932831897,150.66,77,buy
AAPL,1736932832186,152.89,52,buy
SPY,1736932832626,399.93,22,buy
NVDA,1736932832699,501.55,56,buy
SPY,1736932833129,401.59,53,sell
TSLA,1736932833334,199.44,88,sell
NVDA,1736932833494,498.62,90,buy
MSFT,1736932834099,300.85,58,buy
TSLA,1736932835580,198.52,24,buy
AAPL,1736932836153,149.96,86,sell
NVDA,1736932837228,500.54,1,sell
MSFT,1736932837523,299.8,80,buy
TSLA,1736932841520,197.02,10,buy
NVDA,1736932842157,499.27,22,buy
SPY,1736932842738,399.8,21,sell
MSFT,1736932843905,303.29,95,sell
AAPL,1736932844078,151.79,92,sell
AAPL,1736932844831,151.69,12,sell
AAPL,1736932845744,151.22,93,buy
TSLA,1736932845796,200.17,9,buy
AAPL,1736932846348,150.5,73,buy
AAPL,1736932847850,152.48,5,buy
AAPL,1736932848205,151.7,49,buy
AAPL,1736932849262,152.02,81,buy
MSFT,1736932849683,299.01,23,buy
TSLA,1736932849721,197.5,9,buy
NVDA,1736932849784,499.34,67,buy
NVDA,1736932850743,499.45,40,sell
MSFT,1736932851000,299.61,41,sell
TSLA,1736932851051,195.43,89,buy
SPY,1736932852000,399.97,30,sell
NVDA,1736932852866,499.39,28,buy
AAPL,1736932854217,149.12,53,sell
MSFT,1736932854465,299.57,15,buy
NVDA,1736932854776,501.61,29,buy
AAPL,1736932855407,151.53,10,sell
TSLA,1736932855994,197.94,27,buy
TSLA,1736932856604,198.88,30,buy
AAPL,1736932856631,151.77,63,sell
AAPL,1736932856978,151.85,91,buy
MSFT,1736932857494,296.88,45,buy
AAPL,1736932857990,152.52,43,sell
SPY,1736932858156,399.31,49,sell
MSFT,1736932858157,301.65,69,buy
AAPL,1736932858620,150.23,77,buy
TSLA,1736932859264,198.85,51,buy
SPY,1736932859419,400.76,58,buy
SPY,1736932863417,398.97,9,buy
NVDA,1736932863657,500.13,66,sell
NVDA,1736932864177,501.6,99,buy
NVDA,1736932864918,498.18,37,sell
MSFT,1736932866986,301.14,25,sell
NVDA,1736932869222,500.68,65,sell
TSLA,1736932870372,197.91,68,sell
MSFT,1736932870471,296.79,99,buy
TSLA,1736932871189,199.37,28,sell
TSLA,1736932871633,198.43,93,buy
SPY,1736932872573,400.15,52,buy
AAPL,1736932872852,150.41,58,sell
NVDA,1736932873184,501.48,52,sell
MSFT,1736932873283,300.06,33,sell
AAPL,1736932874323,150.38,38,buy
SPY,1736932876183,399.78,17,buy
SPY,1736932876682,399.62,15,sell
MSFT,1736932880053,299.79,37,sell
TSLA,1736932880342,195.58,91,sell
TSLA,1736932880452,194.94,77,buy
NVDA,1736932880707,500.43,91,buy
NVDA,1736932880817,502.54,89,buy
TSLA,1736932880823,200.13,83,sell
AAPL,1736932881720,151.53,24,sell
NVDA,1736932886297,502.61,54,buy
TSLA,1736932887977,199.93,50,buy
SPY,1736932888200,398.97,55,buy
SPY,1736932889119,399.62,70,sell
TSLA,1736932889415,195.86,58,sell
SPY,1736932890692,399.63,19,buy
NVDA,1736932892752,501.35,14,buy
AAPL,1736932893003,151.08,9,sell
TSLA,1736932893285,195.26,77,buy
AAPL,1736932893594,150.3,73,buy
AAPL,1736932894039,150.25,8,sell
NVDA,1736932895298,499.87,59,buy
NVDA,1736932895747,500.84,49,sell
MSFT,1736932896735,297.47,6,buy
SPY,1736932897475,400.29,6,buy
SPY,1736932898865,399.61,84,buy
AAPL,1736932899848,151.98,47,buy
MSFT,1736932899926,299.1,85,sell
MSFT,1736932900189,298.98,46,buy
AAPL,1736932900339,150.06,80,buy
TSLA,1736932900946,198.94,98,buy
MSFT,1736932901289,297.22,16,sell
AAPL,1736932901835,151.53,46,buy
NVDA,1736932901849,502.86,32,sell
AAPL,1736932901873,152.08,91,buy
MSFT,1736932902011,297.55,40,sell
MSFT,1736932902226,300.16,1,buy
SPY,1736932902488,399.15,82,sell
SPY,1736932902716,399.84,78,sell
AAPL,1736932902828,151.9,24,buy
TSLA,1736932903428,199.44,39,sell
NVDA,1736932904146,502.15,22,sell
SPY,1736932904639,400.68,34,buy
MSFT,1736932904795,301.87,10,buy
TSLA,1736932905769,194.92,47,buy
NVDA,1736932906796,501.57,37,buy
SPY,1736932907003,399.87,78,buy
AAPL,1736932908845,150.32,78,sell
NVDA,1736932908890,500.34,15,buy
MSFT,1736932909574,297.57,8,buy
TSLA,1736932910563,198.42,82,buy
AAPL,1736932911252,152.96,13,sell
SPY,1736932911262,400.63,21,sell
NVDA,1736932911593,500.68,78,sell
AAPL,1736932913826,152.68,30,buy
MSFT,1736932914017,299.7,45,buy
MSFT,1736932914278,301.71,96,buy
SPY,1736932914702,399.28,19,buy
SPY,1736932915501,398.99,58,buy
NVDA,1736932915610,498.92,69,buy
MSFT,1736932916356,298.97,81,buy
MSFT,1736932917718,299.2,33,buy
TSLA,1736932919768,198.54,43,buy
NVDA,1736932925426,502.39,87,sell
NVDA,1736932925801,500.67,99,sell
TSLA,1736932926535,195.8,82,buy
AAPL,1736932926599,151.56,82,sell
AAPL,1736932926823,150.29,9,buy
MSFT,1736932927019,299.24,41,sell
TSLA,1736932927647,198.22,23,sell
MSFT,1736932928067,299.21,48,buy
SPY,1736932928321,400.96,5,buy
SPY,1736932928986,398.9,80,buy
NVDA,1736932931183,500.47,39,buy
SPY,1736932931989,399.57,73,buy
SPY,1736932932683,399.92,65,buy
SPY,1736932933989,400.66,21,buy
NVDA,1736932935054,501.8,80,sell
TSLA,1736932935093,198.28,89,buy
AAPL,1736932935706,150.96,71,buy
AAPL,1736932935768,152.83,60,buy
NVDA,1736932936017,499.43,58,buy
NVDA,1736932936148,502.59,38,sell
MSFT,1736932936493,296.78,56,sell
TSLA,1736932938075,198.89,3,buy
NVDA,1736932938440,500.51,65,sell
AAPL,1736932940731,152.54,22,sell
SPY,1736932940823,401.02,89,sell
SPY,1736932941876,400.66,63,sell
TSLA,1736932942779,195.26,21,buy
AAPL,1736932944693,149.83,71,buy
SPY,1736932945104,400.26,34,sell
MSFT,1736932945382,299.53,52,sell
NVDA,1736932946031,499.3,96,sell
SPY,1736932946857,399.39,63,sell
MSFT,1736932946907,299.32,8,sell
NVDA,1736932949028,498.7,7,sell
SPY,1736932949447,400.48,68,sell
NVDA,1736932949679,502.3,51,sell
MSFT,1736932950951,299.77,35,buy
AAPL,1736932952262,152.29,74,sell
NVDA,1736932953531,502.31,4,sell
MSFT,1736932953560,297.08,99,sell
NVDA,1736932954737,499.59,50,sell
AAPL,1736932956316,152.34,74,buy
NVDA,1736932957787,499.63,18,sell
TSLA,1736932958791,195.37,70,sell
TSLA,1736932959663,198.94,80,buy
AAPL,1736932960144,150.29,91,sell
SPY,1736932960220,399.08,92,buy
SPY,1736932960417,399.48,98,buy
MSFT,1736932960598,299.21,41,buy
MSFT,1736932961853,299.42,4,buy
NVDA,1736932963455,503.16,24,sell
TSLA,1736932963955,198.04,49,sell
AAPL,1736932964661,151.86,68,sell
TSLA,1736932965942,195.0,63,buy
MSFT,1736932966243,296.97,59,sell
SPY,1736932966443,399.24,85,sell
SPY,1736932966808,400.64,84,sell
TSLA,1736932966977,200.23,38,buy
TSLA,1736932967586,193.06,10,sell
MSFT,1736932967787,298.96,97,buy
AAPL,1736932967936,150.38,59,sell
MSFT,1736932968837,297.59,64,sell
AAPL,1736932969839,151.77,77,buy
NVDA,1736932970322,498.52,25,buy
MSFT,1736932971309,299.21,70,sell
MSFT,1736932971531,301.98,92,sell
TSLA,1736932971826,194.64,17,sell
AAPL,1736932973349,149.92,76,sell
MSFT,1736932974105,297.39,14,sell
SPY,1736932974741,401.51,78,sell
SPY,1736932975009,400.77,17,buy
MSFT,1736932976452,298.61,15,sell
SPY,1736932978733,401.62,14,sell
TSLA,1736932978822,196.51,57,sell
NVDA,1736932978967,503.15,78,buy
MSFT,1736932979337,299.43,43,sell
SPY,1736932980177,400.53,41,sell
SPY,1736932980647,399.66,46,buy
SPY,1736932981566,399.6,68,buy
SPY,1736932981760,400.77,10,sell
NVDA,1736932982959,500.6,17,sell
AAPL,1736932983799,152.63,46,buy
NVDA,1736932984382,500.03,54,buy
AAPL,1736932984720,153.01,94,sell
SPY,1736932986291,400.75,62,buy
SPY,1736932986445,399.51,18,sell
NVDA,1736932986673,501.62,79,buy
NVDA,1736932987117,501.32,33,buy
AAPL,1736932987199,151.86,5,sell
TSLA,1736932988081,197.76,52,buy
SPY,1736932988784,399.65,46,buy
NVDA,1736932989254,500.08,88,sell
TSLA,1736932989682,195.27,7,buy
MSFT,1736932989737,297.12,35,sell
NVDA,1736932989828,503.36,85,buy
NVDA,1736932990592,502.34,64,sell
TSLA,1736932991132,196.02,43,buy
SPY,1736932992648,400.88,67,buy
NVDA,1736932993576,502.72,37,buy
SPY,1736932993668,399.74,27,sell
AAPL,1736932994225,152.69,34,buy
AAPL,1736932994993,151.58,18,sell
AAPL,1736932995608,152.91,8,sell
MSFT,1736933000148,297.58,69,buy
MSFT,1736933000670,297.79,86,sell
AAPL,1736933002281,150.16,49,sell
TSLA,1736933003663,195.53,97,buy
NVDA,1736933006478,501.15,68,buy
AAPL,1736933006654,152.41,27,buy
SPY,1736933007228,401.67,66,sell
TSLA,1736933008071,196.4,62,sell
MSFT,1736933008205,298.69,12,sell
AAPL,1736933009821,149.28,13,sell
TSLA,1736933009854,199.71,61,sell
MSFT,1736933009889,300.87,8,buy
SPY,1736933010231,400.32,66,buy
MSFT,1736933011092,299.25,11,sell
MSFT,1736933011112,298.72,38,sell
TSLA,1736933011901,198.64,48,sell
MSFT,1736933014063,298.71,100,sell
MSFT,1736933014825,298.96,77,buy
MSFT,1736933015419,296.76,95,sell
TSLA,1736933015675,198.26,26,buy
TSLA,1736933015831,194.89,99,buy
TSLA,1736933016095,196.05,79,sell
NVDA,1736933016095,499.42,75,sell
AAPL,1736933016540,152.15,65,buy
TSLA,1736933016619,196.49,95,sell
TSLA,1736933017967,195.2,87,sell
TSLA,1736933019150,195.0,73,sell
AAPL,1736933019782,151.49,16,sell
NVDA,1736933020284,501.62,56,buy
MSFT,1736933020445,296.84,15,sell
MSFT,1736933021236,297.09,32,sell
MSFT,1736933021418,296.74,39,buy
NVDA,1736933021638,499.69,75,buy
TSLA,1736933022458,197.9,93,buy
SPY,1736933022675,400.43,11,sell
NVDA,1736933023511,499.45,76,sell
AAPL,1736933025660,150.42,96,sell
NVDA,1736933026191,499.08,98,buy
TSLA,1736933026900,196.97,73,buy
TSLA,1736933026932,200.17,79,sell
SPY,1736933030528,400.83,91,sell
NVDA,1736933031155,502.72,13,buy
MSFT,1736933032252,297.42,31,sell
TSLA,1736933032561,195.2,33,sell
NVDA,1736933032586,499.45,87,sell
AAPL,1736933033637,151.94,67,buy
NVDA,1736933033720,500.42,98,sell
TSLA,1736933035305,195.09,56,buy
TSLA,1736933036198,198.47,23,sell
TSLA,1736933036594,198.72,44,buy
TSLA,1736933036627,198.93,69,buy
AAPL,1736933036882,151.77,72,buy
SPY,1736933037354,400.04,85,buy
NVDA,1736933037847,501.89,55,sell
SPY,1736933038317,401.1,93,buy
AAPL,1736933038612,150.62,99,buy
NVDA,1736933038967,502.68,62,sell
MSFT,1736933039454,297.77,97,buy
SPY,1736933039521,399.54,44,sell
SPY,1736933040029,398.86,93,sell
TSLA,1736933041970,198.73,64,sell
NVDA,1736933042425,501.51,98,sell
TSLA,1736933043721,199.21,79,buy
AAPL,1736933044624,150.86,10,sell
SPY,1736933044857,401.02,19,buy
MSFT,1736933047068,297.59,26,buy
AAPL,1736933048015,150.1,73,buy
AAPL,1736933048083,150.97,83,sell
AAPL,1736933048260,152.44,2,buy
AAPL,1736933048865,151.4,52,sell
NVDA,1736933049770,499.13,25,buy
TSLA,1736933051864,199.34,97,buy
SPY,1736933052003,400.58,21,buy
NVDA,1736933052573,502.17,95,sell
AAPL,1736933052664,149.36,75,buy
TSLA,1736933053450,195.25,16,sell
NVDA,1736933054263,500.48,61,buy
TSLA,1736933055202,198.45,15,sell
SPY,1736933055579,399.03,2,buy
SPY,1736933056723,400.03,8,buy
SPY,1736933057975,399.12,9,sell
MSFT,1736933059271,301.93,48,buy
SPY,1736933059718,398.7,61,sell
TSLA,1736933059743,197.87,66,sell
AAPL,1736933060115,151.65,60,buy
MSFT,1736933062169,300.13,3,sell
SPY,1736933064987,399.4,67,buy
MSFT,1736933065564,299.37,70,buy
TSLA,1736933065568,199.21,69,buy
TSLA,1736933066374,194.97,68,sell
SPY,1736933066432,401.71,6,sell
AAPL,1736933066623,151.21,37,buy
NVDA,1736933068054,501.46,60,buy
AAPL,1736933068204,151.71,67,buy
NVDA,1736933069310,500.53,46,buy
MSFT,1736933069346,296.59,88,sell
TSLA,1736933069877,195.33,2,buy
AAPL,1736933070122,151.54,47,sell
AAPL,1736933070535,152.7,5,buy
SPY,1736933070981,398.98,2,sell
NVDA,1736933072342,503.21,74,buy
SPY,1736933072383,399.68,65,buy
SPY,1736933073489,399.63,77,buy
AAPL,1736933073515,151.98,93,sell
SPY,1736933074460,400.68,2,buy
TSLA,1736933074499,194.81,83,sell
AAPL,1736933074645,152.19,99,buy
MSFT,1736933075175,299.68,65,sell
TSLA,1736933075897,197.75,89,sell
SPY,1736933076711,398.75,90,buy
AAPL,1736933077020,149.37,47,sell
NVDA,1736933078675,502.32,66,sell
NVDA,1736933078928,503.9,67,sell
SPY,1736933081037,399.61,33,sell
TSLA,1736933082552,195.02,86,sell
SPY,1736933084792,400.05,19,buy
AAPL,1736933085997,150.3,14,sell
SPY,1736933086942,399.78,46,buy
MSFT,1736933087035,296.64,70,sell
NVDA,1736933087689,503.3,76,sell
TSLA,1736933087799,193.66,93,sell
SPY,1736933088041,400.27,16,sell
SPY,1736933088180,400.6,47,sell
TSLA,1736933089470,195.06,40,buy
AAPL,1736933090089,150.91,65,buy
SPY,1736933090125,400.66,7,buy
NVDA,1736933090426,501.09,19,sell
TSLA,1736933090682,197.97,77,buy
SPY,1736933094494,400.25,88,buy
SPY,1736933096429,399.07,29,sell
NVDA,1736933096995,501.77,70,buy
MSFT,1736933098202,297.4,8,buy
MSFT,1736933098680,301.95,88,buy
MSFT,1736933099913,297.6,84,sell
NVDA,1736933101060,499.32,29,sell
MSFT,1736933101714,297.36,58,sell
MSFT,1736933101858,297.57,28,sell
SPY,1736933101939,399.76,99,sell
MSFT,1736933101965,297.61,40,sell
TSLA,1736933102066,197.03,21,sell
TSLA,1736933102436,198.56,18,buy
MSFT,1736933102620,302.97,13,sell
SPY,1736933103601,398.98,24,sell
SPY,1736933104505,399.58,75,buy
NVDA,1736933106248,501.55,90,buy
MSFT,1736933111522,297.17,87,buy
TSLA,1736933112251,197.51,97,sell
NVDA,1736933113146,499.79,83,sell
AAPL,1736933113322,151.82,27,sell
AAPL,1736933114080,152.65,80,buy
AAPL,1736933114978,151.85,62,sell
SPY,1736933116153,400.13,54,buy
SPY,1736933116940,400.03,41,buy
SPY,1736933117278,399.86,27,sell
MSFT,1736933118245,298.14,84,buy
NVDA,1736933119527,500.43,4,buy
SPY,1736933119787,399.68,5,sell
NVDA,1736933122180,500.36,46,buy
NVDA,1736933122227,501.56,68,buy
SPY,1736933123337,399.97,82,sell
AAPL,1736933125011,150.92,47,buy
NVDA,1736933126027,499.82,92,sell
AAPL,1736933126225,151.72,56,buy
SPY,1736933129404,399.78,46,sell
NVDA,1736933129673,503.53,28,sell
SPY,1736933130833,400.03,11,buy
MSFT,1736933131881,296.75,92,sell
MSFT,1736933132068,298.85,71,buy
AAPL,1736933134280,149.36,46,buy
TSLA,1736933134482,199.29,81,sell
TSLA,1736933135267,198.71,5,buy
SPY,1736933137251,401.13,23,buy
MSFT,1736933137852,297.5,28,buy
MSFT,1736933138019,300.19,46,buy
MSFT,1736933138155,299.84,100,sell
NVDA,1736933138869,500.16,49,buy
NVDA,1736933139286,501.29,56,buy
NVDA,1736933139785,501.47,57,buy
MSFT,1736933141004,300.17,52,buy
MSFT,1736933142756,298.99,36,sell
SPY,1736933143181,401.52,20,buy
AAPL,1736933144696,151.87,27,sell
NVDA,1736933144958,500.58,22,sell
SPY,1736933145173,400.4,81,buy
SPY,1736933145959,399.39,5,buy
MSFT,1736933146863,299.38,58,buy
SPY,1736933148161,399.49,62,buy
TSLA,1736933148693,194.95,70,buy
MSFT,1736933149237,298.5,87,sell
AAPL,1736933150048,149.46,50,buy
SPY,1736933150073,399.63,38,buy
NVDA,1736933150990,498.89,24,sell
MSFT,1736933151398,298.68,61,buy
SPY,1736933154539,399.49,39,buy
AAPL,1736933155428,151.09,60,buy
NVDA,1736933155849,499.56,97,sell
NVDA,1736933156798,501.59,43,sell
MSFT,1736933157498,297.93,89,sell
TSLA,1736933158362,197.95,30,sell
AAPL,1736933158996,149.86,85,sell
AAPL,1736933159500,151.26,23,sell
AAPL,1736933159689,150.74,77,sell
MSFT,1736933160586,301.64,53,sell
AAPL,1736933162638,152.27,87,sell
SPY,1736933163014,401.01,12,buy
AAPL,1736933163402,150.16,61,sell
SPY,1736933164339,399.59,18,buy
MSFT,1736933164386,298.64,79,buy
NVDA,1736933165715,503.46,57,buy
SPY,1736933166343,399.89,80,sell
NVDA,1736933166655,500.89,5,sell
NVDA,1736933167005,500.5,43,buy
AAPL,1736933168597,153.08,73,buy
NVDA,1736933169217,498.93,84,sell
TSLA,1736933169482,195.31,27,buy
AAPL,1736933170627,149.94,86,sell
NVDA,1736933171443,499.25,92,buy
TSLA,1736933171525,194.78,80,sell
AAPL,1736933173530,150.32,45,buy
MSFT,1736933174060,299.25,70,sell
NVDA,1736933176171,499.43,42,sell
TSLA,1736933177555,197.0,68,sell
MSFT,1736933177766,297.29,59,sell
NVDA,1736933177856,502.33,69,buy
SPY,1736933179697,399.47,8,sell
AAPL,1736933180471,150.36,81,buy
AAPL,1736933181776,153.07,85,sell
MSFT,1736933183550,299.27,74,sell
AAPL,1736933188039,153.13,37,sell
AAPL,1736933188044,152.67,26,sell
SPY,1736933188935,400.88,26,buy
SPY,1736933190137,400.4,21,buy
AAPL,1736933190342,149.87,53,buy
TSLA,1736933191601,193.15,43,sell
SPY,1736933191680,399.83,74,buy
TSLA,1736933192425,197.83,73,sell
SPY,1736933194186,401.1,54,sell
SPY,1736933196158,400.68,90,sell
TSLA,1736933198393,193.61,54,sell
AAPL,1736933198447,152.38,93,sell
NVDA,1736933198701,500.21,58,buy
MSFT,1736933198928,296.87,55,sell
SPY,1736933199698,400.8,85,sell
TSLA,1736933199916,196.4,29,buy
AAPL,1736933200668,152.06,63,buy
NVDA,1736933202451,500.06,95,buy
NVDA,1736933202574,501.65,88,buy
SPY,1736933203534,399.74,2,sell
MSFT,1736933203670,298.84,49,buy
NVDA,1736933203868,501.59,46,buy
TSLA,1736933204586,195.66,80,buy
NVDA,1736933206093,499.22,38,buy
AAPL,1736933206720,149.79,18,buy
NVDA,1736933208638,502.78,19,sell
AAPL,1736933209176,153.3,57,sell
TSLA,1736933209820,195.02,24,sell
TSLA,1736933210533,199.98,84,sell
SPY,1736933210627,399.52,56,sell
MSFT,1736933211050,300.15,90,buy
NVDA,1736933211712,503.75,24,sell
NVDA,1736933211973,499.78,71,buy
TSLA,1736933212627,199.51,72,buy
MSFT,1736933212908,296.55,88,buy
AAPL,1736933213079,151.32,43,buy
SPY,1736933214338,399.06,93,sell
AAPL,1736933214748,152.34,43,sell
TSLA,1736933215411,199.82,69,buy
MSFT,1736933215453,300.86,33,buy
MSFT,1736933215698,296.92,28,sell
NVDA,1736933215804,502.65,11,sell
TSLA,1736933216148,195.69,62,buy
SPY,1736933217904,400.83,15,sell
MSFT,1736933218460,299.79,11,buy
TSLA,1736933218927,194.7,35,sell
SPY,1736933219012,399.96,1,buy
MSFT,1736933219115,299.3,3,sell
MSFT,1736933219549,296.94,99,sell
NVDA,1736933220074,500.1,26,sell
TSLA,1736933221788,195.16,27,buy
MSFT,1736933222123,301.9,76,sell
NVDA,1736933224593,500.55,71,sell
NVDA,1736933224724,503.15,75,sell
MSFT,1736933225435,298.85,54,sell
MSFT,1736933225889,299.1,97,buy
MSFT,1736933226986,299.46,88,sell
SPY,1736933227072,400.52,13,sell
SPY,1736933227187,399.36,98,sell
TSLA,1736933229211,195.34,92,sell
NVDA,1736933229277,499.95,14,sell
AAPL,1736933229484,152.93,96,buy
TSLA,1736933230639,200.24,16,buy
MSFT,1736933230768,297.65,98,sell
NVDA,1736933231571,501.41,49,sell
SPY,1736933232297,398.75,24,sell
MSFT,1736933233562,298.0,64,buy
NVDA,1736933233616,501.0,61,sell
AAPL,1736933233834,151.93,9,sell
TSLA,1736933235158,197.84,57,sell
MSFT,1736933236901,296.96,50,sell
TSLA,1736933237263,195.49,92,buy
SPY,1736933238408,399.14,51,sell
SPY,1736933239957,400.26,22,sell
NVDA,1736933242741,500.24,55,buy
NVDA,1736933244839,500.77,62,sell
MSFT,1736933245566,299.36,37,buy
TSLA,1736933246514,195.49,88,buy
TSLA,1736933247457,195.11,33,sell
SPY,1736933248410,399.42,60,buy
AAPL,1736933248465,152.99,90,buy
TSLA,1736933248976,198.35,28,buy
TSLA,1736933249020,195.17,29,sell
NVDA,1736933250130,501.36,40,sell
MSFT,1736933251765,299.21,26,buy
NVDA,1736933254060,502.41,16,sell
AAPL,1736933254242,151.94,46,sell
SPY,1736933254846,399.67,81,sell
NVDA,1736933255038,501.08,25,buy
TSLA,1736933256332,193.45,10,buy
TSLA,1736933259355,199.01,18,sell
TSLA,1736933259486,198.1,80,sell
TSLA,1736933260186,197.63,17,buy
MSFT,1736933261698,298.16,39,buy
AAPL,1736933262348,151.91,16,sell
SPY,1736933262846,399.16,34,sell
AAPL,1736933264390,150.38,22,sell
TSLA,1736933264984,200.19,3,sell
SPY,1736933265600,399.8,94,sell
TSLA,1736933266180,197.91,73,sell
SPY,1736933266796,399.9,95,buy
AAPL,1736933266972,151.77,31,buy
SPY,1736933269329,399.91,32,sell
NVDA,1736933269604,502.86,30,buy
SPY,1736933269666,399.35,52,sell
NVDA,1736933271214,502.94,51,sell
SPY,1736933272459,398.95,46,buy
SPY,1736933272819,401.45,94,sell
MSFT,1736933272872,301.7,65,sell
MSFT,1736933273136,298.57,51,sell
SPY,1736933274871,399.5,57,sell
MSFT,1736933275103,298.65,57,sell
AAPL,1736933275155,152.29,6,buy
MSFT,1736933275921,302.47,2,sell
AAPL,1736933276868,152.1,4,sell
AAPL,1736933276872,149.43,4,sell
NVDA,1736933278160,501.21,36,sell
SPY,1736933278644,399.33,9,sell
AAPL,1736933279827,150.09,44,sell
SPY,1736933280165,401.04,30,sell
TSLA,1736933281085,193.67,67,sell
SPY,1736933284156,399.65,95,sell
MSFT,1736933284687,298.96,97,buy
NVDA,1736933285493,503.34,65,sell
TSLA,1736933285648,198.98,81,buy
SPY,1736933287198,400.96,99,buy
TSLA,1736933287354,199.28,35,buy
SPY,1736933289899,399.3,84,sell
AAPL,1736933290176,150.01,3,sell
SPY,1736933291423,399.64,27,sell
AAPL,1736933291538,151.87,28,sell
TSLA,1736933292423,199.4,10,sell
AAPL,1736933292791,151.63,24,buy
SPY,1736933293749,399.25,43,buy
AAPL,1736933293796,151.96,92,buy
NVDA,1736933294457,501.62,30,buy
MSFT,1736933295123,302.14,98,sell
AAPL,1736933296010,149.36,43,buy
SPY,1736933298359,399.85,13,sell
NVDA,1736933298405,503.93,86,buy
TSLA,1736933299068,199.5,45,sell
MSFT,1736933301141,298.64,6,buy
TSLA,1736933302033,194.23,39,sell
AAPL,1736933302793,151.71,80,buy
AAPL,1736933304520,150.26,92,sell
SPY,1736933308828,401.17,100,buy
NVDA,1736933309088,502.25,15,sell
NVDA,1736933309336,499.9,100,buy
TSLA,1736933311127,196.25,5,buy
TSLA,1736933311963,198.7,92,buy
MSFT,1736933315333,296.77,70,sell
TSLA,1736933315427,197.69,51,sell
TSLA,1736933315466,198.02,19,sell
SPY,1736933316710,399.7,11,buy
NVDA,1736933317320,501.5,6,buy
MSFT,1736933318084,297.54,35,buy
MSFT,1736933318416,299.16,17,sell
AAPL,1736933320048,150.18,22,buy
AAPL,1736933321970,153.01,58,sell
MSFT,1736933322114,298.19,60,buy
SPY,1736933322608,399.87,71,sell
TSLA,1736933323242,197.48,37,sell
NVDA,1736933323847,502.59,9,sell
TSLA,1736933325676,196.51,88,sell
AAPL,1736933328816,149.37,88,sell
NVDA,1736933329017,500.36,73,buy
SPY,1736933331528,400.3,30,sell
MSFT,1736933331563,300.21,47,buy
SPY,1736933332621,399.42,90,buy
TSLA,1736933334022,197.36,87,buy
SPY,1736933334725,400.63,16,buy
SPY,1736933335068,399.85,48,buy
MSFT,1736933335521,298.86,68,sell
TSLA,1736933336747,200.01,93,sell
TSLA,1736933337201,195.28,51,sell
AAPL,1736933337486,151.45,46,buy
NVDA,1736933337822,499.49,81,buy
NVDA,1736933338100,501.87,50,sell
TSLA,1736933338141,198.57,40,sell
TSLA,1736933338530,199.39,14,sell
MSFT,1736933341798,296.47,71,buy
AAPL,1736933342058,151.72,43,sell
MSFT,1736933342123,296.9,4,buy
NVDA,1736933342475,502.61,53,sell
TSLA,1736933344247,199.79,94,buy
SPY,1736933344480,399.11,14,sell
MSFT,1736933344841,299.08,74,buy
AAPL,1736933345429,150.05,74,buy
AAPL,1736933346177,149.48,54,sell
AAPL,1736933347165,152.77,43,buy
MSFT,1736933347740,297.01,98,buy
AAPL,1736933347781,153.14,17,sell
TSLA,1736933349356,195.31,91,sell
SPY,1736933349502,399.71,13,buy
AAPL,1736933349816,151.39,36,sell
TSLA,1736933351184,197.01,32,sell
NVDA,1736933351193,500.06,75,sell
AAPL,1736933351768,151.58,45,buy
NVDA,1736933355958,502.22,58,buy
SPY,1736933357502,399.79,41,buy
NVDA,1736933357721,502.76,3,sell
TSLA,1736933358514,195.02,4,buy
AAPL,1736933358959,151.82,41,sell
AAPL,1736933359009,150.79,44,buy
SPY,1736933359153,399.73,6,sell
NVDA,1736933359354,500.0,64,sell
TSLA,1736933359629,194.76,35,sell
AAPL,1736933360149,151.55,65,buy
AAPL,1736933362559,151.67,40,buy
MSFT,1736933362971,298.67,17,sell
MSFT,1736933363017,300.86,50,buy
NVDA,1736933363385,502.32,38,buy
TSLA,1736933363912,199.28,11,buy
NVDA,1736933364009,501.8,9,buy
NVDA,1736933364648,498.63,28,buy
AAPL,1736933365261,152.74,8,buy
AAPL,1736933365415,150.47,47,buy
MSFT,1736933365543,297.59,36,buy
SPY,1736933366344,399.58,28,sell
NVDA,1736933368090,499.61,48,sell
TSLA,1736933368987,195.02,83,buy
TSLA,1736933370536,199.02,62,sell
AAPL,1736933371639,152.29,98,buy
TSLA,1736933371815,194.03,59,sell
MSFT,1736933372684,297.27,3,buy
TSLA,1736933372783,197.47,16,sell
TSLA,1736933372845,200.17,15,sell
NVDA,1736933375229,500.64,92,buy
TSLA,1736933375251,198.82,16,buy
MSFT,1736933375442,303.1,2,sell
NVDA,1736933375746,503.51,26,sell
SPY,1736933376624,399.71,1,buy
MSFT,1736933381021,296.82,20,buy
SPY,1736933381900,399.58,12,sell
MSFT,1736933382592,300.79,1,buy
NVDA,1736933384695,501.64,76,sell
TSLA,1736933384756,197.99,59,sell
AAPL,1736933386289,152.22,51,sell
NVDA,1736933386786,502.1,100,buy
AAPL,1736933388118,151.08,8,buy
TSLA,1736933389333,195.04,50,buy
AAPL,1736933390184,151.39,67,sell
AAPL,1736933390575,150.8,56,buy
SPY,1736933391357,401.14,91,sell
NVDA,1736933391574,501.81,22,sell
TSLA,1736933391717,199.01,50,sell
AAPL,1736933392642,150.42,98,sell
TSLA,1736933393160,198.15,60,buy
SPY,1736933393470,400.46,27,sell
TSLA,1736933393522,194.84,71,buy
MSFT,1736933393941,301.29,67,sell
SPY,1736933394328,400.18,3,buy
NVDA,1736933394947,500.42,1,sell
SPY,1736933394984,400.2,95,sell
MSFT,1736933395490,296.82,32,sell
NVDA,1736933397095,502.82,27,sell
NVDA,1736933397209,499.12,44,buy
NVDA,1736933398203,499.03,22,buy
AAPL,1736933398679,151.81,81,buy
MSFT,1736933398905,299.32,19,buy
NVDA,1736933399585,499.46,2,buy
NVDA,1736933400547,499.32,67,sell
AAPL,1736933400790,149.37,74,buy
SPY,1736933400840,399.81,89,sell
SPY,1736933401189,400.71,98,buy
TSLA,1736933402003,198.25,55,sell
SPY,1736933402583,400.84,37,buy
MSFT,1736933402957,296.87,31,sell
AAPL,1736933403036,151.27,36,sell
NVDA,1736933403191,503.63,10,sell
SPY,1736933404257,399.36,31,buy
MSFT,1736933404271,299.81,94,sell
SPY,1736933405252,400.91,3,sell
SPY,1736933405572,400.11,85,sell
NVDA,1736933406048,499.96,31,buy
NVDA,1736933406550,498.24,22,buy
MSFT,1736933406763,298.6,51,sell
MSFT,1736933408271,299.92,42,buy
SPY,1736933409585,399.55,70,sell
AAPL,1736933410069,152.12,81,buy
SPY,1736933410546,400.2,51,buy
MSFT,1736933411170,300.93,87,sell
NVDA,1736933412044,499.54,62,sell
TSLA,1736933413088,197.89,79,sell
TSLA,1736933414385,194.87,44,buy
AAPL,1736933414744,150.94,28,buy
MSFT,1736933414851,298.38,62,sell
AAPL,1736933415362,153.24,79,buy
MSFT,1736933415723,297.06,35,buy
NVDA,1736933416627,499.2,81,buy
MSFT,1736933416721,299.1,67,sell
NVDA,1736933417232,502.5,87,buy
NVDA,1736933417330,500.32,53,sell
MSFT,1736933417401,297.49,73,buy
SPY,1736933418676,400.56,93,sell
TSLA,1736933418885,198.51,37,buy
SPY,1736933420255,399.88,75,buy
SPY,1736933420289,399.98,73,buy
NVDA,1736933420290,498.17,69,sell
NVDA,1736933421352,501.49,44,sell
SPY,1736933421355,399.91,34,buy
AAPL,1736933421523,149.4,56,sell
NVDA,1736933423549,500.17,10,sell
NVDA,1736933424858,500.58,74,buy
TSLA,1736933425345,195.31,4,sell
SPY,1736933426489,399.61,88,buy
MSFT,1736933429393,300.25,43,buy
TSLA,1736933430371,199.86,91,sell
TSLA,1736933430721,194.86,11,buy
MSFT,1736933432679,299.0,95,sell
SPY,1736933432681,399.62,86,sell
SPY,1736933432973,400.71,14,buy
AAPL,1736933433015,150.48,32,buy
MSFT,1736933433866,302.53,87,buy
NVDA,1736933434896,503.07,46,buy
MSFT,1736933434975,298.65,92,buy
MSFT,1736933435175,298.51,96,sell
NVDA,1736933435256,499.46,59,sell
TSLA,1736933436250,200.02,12,sell
SPY,1736933436935,399.62,66,buy
TSLA,1736933437452,196.93,31,buy
AAPL,1736933437473,151.98,41,sell
TSLA,1736933438175,198.39,35,buy
NVDA,1736933438684,504.1,72,sell
AAPL,1736933439302,152.07,36,buy
MSFT,1736933442681,299.11,45,sell
AAPL,1736933442893,152.22,70,sell
MSFT,1736933443772,297.22,30,buy
MSFT,1736933443825,298.85,82,buy
TSLA,1736933444733,195.91,7,buy
TSLA,1736933445125,198.66,75,buy
MSFT,1736933445980,298.99,67,buy
NVDA,1736933447466,499.45,24,sell
AAPL,1736933449468,151.93,32,sell
AAPL,1736933449758,152.04,63,buy
NVDA,1736933449786,502.01,33,buy
SPY,1736933450321,399.96,88,buy
TSLA,1736933450406,198.51,25,sell
SPY,1736933454487,400.02,63,buy
TSLA,1736933454925,199.71,79,buy
AAPL,1736933455117,152.67,65,buy
SPY,1736933455304,399.29,9,sell
SPY,1736933455824,399.49,56,sell
AAPL,1736933455946,152.46,10,buy
TSLA,1736933456162,198.35,78,buy
TSLA,1736933456515,195.86,53,sell
AAPL,1736933457526,152.57,72,buy
SPY,1736933457592,400.69,76,sell
MSFT,1736933458356,299.65,64,buy
AAPL,1736933458371,152.7,91,buy
NVDA,1736933458414,502.42,100,buy
NVDA,1736933459038,499.03,13,buy
MSFT,1736933459791,299.14,62,buy
SPY,1736933459809,399.72,15,sell
MSFT,1736933461306,296.85,66,sell
MSFT,1736933463956,300.11,48,buy
AAPL,1736933465307,149.81,73,buy
AAPL,1736933465313,151.95,38,sell
TSLA,1736933465888,195.34,66,buy
TSLA,1736933468116,199.61,98,buy
TSLA,1736933470632,199.99,75,sell
NVDA,1736933471117,499.67,32,sell
AAPL,1736933472162,150.05,95,buy
NVDA,1736933476424,502.5,50,sell
MSFT,1736933476718,299.58,74,buy
TSLA,1736933477141,199.41,8,buy
MSFT,1736933477752,297.48,96,buy
AAPL,1736933477869,152.89,92,sell
TSLA,1736933478545,198.0,78,buy
AAPL,1736933480308,149.31,39,buy
AAPL,1736933480916,149.28,38,buy
TSLA,1736933482046,193.97,96,buy
SPY,1736933482324,399.58,56,buy
SPY,1736933482971,399.53,42,buy
MSFT,1736933484351,299.47,36,buy
AAPL,1736933484405,152.87,18,sell
NVDA,1736933485493,500.41,29,sell
TSLA,1736933485908,198.4,46,buy
AAPL,1736933486033,151.72,63,buy
TSLA,1736933486367,199.32,36,sell
TSLA,1736933487026,199.83,90,buy
MSFT,1736933487040,297.01,30,buy
MSFT,1736933487829,299.11,11,sell
MSFT,1736933488331,301.77,41,sell
NVDA,1736933488949,502.92,28,sell
SPY,1736933489189,399.72,13,buy
NVDA,1736933489764,501.47,22,buy
TSLA,1736933490411,198.22,40,buy
MSFT,1736933490696,296.76,42,sell
TSLA,1736933491380,194.06,94,sell
NVDA,1736933492131,499.54,43,buy
AAPL,1736933493225,152.61,93,sell
AAPL,1736933493865,149.15,85,buy
SPY,1736933495333,401.55,86,sell
MSFT,1736933495425,299.04,21,buy
AAPL,1736933496002,149.43,8,sell
AAPL,1736933497724,150.84,42,buy
MSFT,1736933497790,299.25,47,buy
AAPL,1736933498100,150.27,19,sell
NVDA,1736933498124,503.85,49,buy
SPY,1736933498279,400.6,59,buy
TSLA,1736933498603,195.04,69,sell
TSLA,1736933498746,197.05,12,sell
AAPL,1736933498870,151.7,91,sell
SPY,1736933499504,400.08,9,buy
TSLA,1736933499527,198.93,85,buy
AAPL,1736933499637,152.24,20,sell
SPY,1736933500614,400.07,85,sell
NVDA,1736933500742,503.03,64,buy
NVDA,1736933501453,499.52,74,sell
MSFT,1736933502177,297.15,85,sell
SPY,1736933502289,399.89,72,sell
TSLA,1736933502642,199.49,87,buy
MSFT,1736933503198,298.5,67,buy
AAPL,1736933507407,150.7,69,sell
MSFT,1736933508201,297.13,92,sell
MSFT,1736933508695,299.13,14,sell
NVDA,1736933509179,500.97,57,sell
SPY,1736933509392,401.33,31,sell
TSLA,1736933509650,200.04,37,sell
SPY,1736933510430,400.73,4,sell
MSFT,1736933510703,299.1,33,buy
SPY,1736933511006,399.66,17,sell
AAPL,1736933511571,150.03,29,buy
MSFT,1736933511616,297.16,3,sell
SPY,1736933512448,400.38,66,buy
MSFT,1736933512613,298.65,49,buy
NVDA,1736933512707,502.49,15,sell
AAPL,1736933512911,152.83,97,buy
TSLA,1736933513894,195.15,57,buy
TSLA,1736933513970,197.08,2,buy
SPY,1736933514401,401.31,13,buy
MSFT,1736933515290,298.84,22,buy
NVDA,1736933516406,500.45,67,buy
NVDA,1736933516818,502.21,35,sell
MSFT,1736933518368,300.28,27,buy
MSFT,1736933519530,301.48,75,buy
TSLA,1736933519582,198.22,68,buy
SPY,1736933519682,399.22,54,sell
SPY,1736933522373,399.42,36,sell
SPY,1736933522604,399.77,54,sell
AAPL,1736933523352,152.06,76,buy
SPY,1736933523499,400.33,5,buy
NVDA,1736933523544,499.76,26,sell
TSLA,1736933524201,198.44,72,buy
SPY,1736933524438,400.51,14,buy
NVDA,1736933525613,501.64,34,buy
MSFT,1736933525676,301.76,7,sell
MSFT,1736933525957,299.94,18,buy
SPY,1736933527117,400.09,72,buy
MSFT,1736933527365,297.54,89,sell
NVDA,1736933528649,502.37,61,sell
SPY,1736933528959,400.5,25,buy
TSLA,1736933529360,200.2,96,sell
AAPL,1736933529718,149.05,65,sell
NVDA,1736933530249,502.48,55,buy
AAPL,1736933530434,150.43,86,buy
TSLA,1736933532686,199.13,6,buy
NVDA,1736933533186,501.3,17,buy
NVDA,1736933533342,500.18,97,buy
AAPL,1736933534240,149.7,97,buy
MSFT,1736933534634,300.13,94,buy
AAPL,1736933536594,152.1,39,buy
TSLA,1736933537526,195.63,34,buy
MSFT,1736933538520,299.46,18,sell
TSLA,1736933539958,199.15,19,buy
AAPL,1736933539987,152.05,26,buy
SPY,1736933540050,400.18,90,buy
NVDA,1736933540548,502.6,71,buy
TSLA,1736933543645,195.25,27,sell
TSLA,1736933545444,198.37,99,sell
AAPL,1736933545996,150.49,15,buy
MSFT,1736933548276,298.74,80,sell
MSFT,1736933548959,299.1,16,buy
AAPL,1736933549429,153.0,2,sell
AAPL,1736933550974,153.03,83,sell
TSLA,1736933550978,195.27,40,sell
TSLA,1736933551392,199.0,85,buy
SPY,1736933554056,399.64,86,sell
TSLA,1736933554564,195.1,61,buy
AAPL,1736933555134,152.13,40,sell
AAPL,1736933556111,149.32,77,buy
TSLA,1736933557336,199.82,73,sell
MSFT,1736933558739,300.37,33,buy
SPY,1736933558860,400.93,27,sell
TSLA,1736933559362,197.98,46,buy
AAPL,1736933559609,150.55,11,buy
SPY,1736933559969,399.71,94,sell
AAPL,1736933560612,150.44,76,sell
TSLA,1736933560628,195.11,17,sell
SPY,1736933560847,399.26,20,sell
NVDA,1736933560894,499.16,31,sell
SPY,1736933561311,400.48,59,sell
TSLA,1736933561552,199.17,22,sell
MSFT,1736933562852,297.57,4,buy
MSFT,1736933563390,298.51,25,sell
SPY,1736933563737,400.66,99,sell
MSFT,1736933563781,299.45,47,buy
MSFT,1736933564472,297.48,94,buy
SPY,1736933565638,400.77,2,buy
SPY,1736933566175,399.76,86,buy
AAPL,1736933566833,151.95,84,sell
MSFT,1736933568537,300.12,85,sell
NVDA,1736933568904,501.19,96,buy
TSLA,1736933569879,198.77,10,buy
AAPL,1736933571255,150.09,93,sell
AAPL,1736933571407,149.97,97,buy
AAPL,1736933571610,153.0,85,buy
NVDA,1736933576705,501.85,96,buy
AAPL,1736933577099,153.06,20,buy
SPY,1736933577421,399.81,2,sell
AAPL,1736933578153,152.03,54,sell
SPY,1736933578341,400.36,82,sell
TSLA,1736933578978,195.37,8,buy
TSLA,1736933581489,200.11,53,buy
AAPL,1736933581986,150.62,79,sell
TSLA,1736933582574,198.55,83,buy
SPY,1736933582989,399.27,71,buy
MSFT,1736933583967,298.38,66,buy
MSFT,1736933584134,298.68,60,sell
TSLA,1736933584333,199.71,36,buy
TSLA,1736933584463,197.1,13,buy
TSLA,1736933584624,194.97,11,buy
SPY,1736933584829,400.59,91,sell
TSLA,1736933585024,197.97,61,buy
MSFT,1736933585146,302.76,39,buy
AAPL,1736933585184,152.58,97,sell
AAPL,1736933585714,151.5,48,buy
TSLA,1736933586113,198.73,27,buy
TSLA,1736933586197,193.65,26,buy
TSLA,1736933587193,195.42,12,sell
NVDA,1736933587911,503.27,60,buy
SPY,1736933588787,399.4,2,sell
MSFT,1736933591114,298.96,20,buy
MSFT,1736933591545,301.68,6,buy
NVDA,1736933591548,503.73,86,sell
SPY,1736933591840,399.89,39,sell
SPY,1736933594041,399.34,20,sell
NVDA,1736933594548,502.24,6,buy
AAPL,1736933595328,151.78,67,buy
NVDA,1736933595460,502.77,96,buy
AAPL,1736933595924,152.63,7,buy
NVDA,1736933596939,499.37,1,buy
MSFT,1736933596958,297.58,83,sell
MSFT,1736933598984,297.11,62,buy
NVDA,1736933599298,502.69,68,buy
AAPL,1736933599904,150.27,40,buy
MSFT,1736933602913,298.8,47,buy
SPY,1736933603297,399.57,59,buy
TSLA,1736933604139,198.73,63,sell
MSFT,1736933604759,299.7,21,buy
TSLA,1736933605136,195.43,14,sell
SPY,1736933605167,399.68,75,sell
NVDA,1736933606152,501.3,13,sell
TSLA,1736933606374,198.28,65,buy
AAPL,1736933607078,150.23,88,buy
TSLA,1736933607984,198.34,66,buy
MSFT,1736933609679,300.41,7,sell
TSLA,1736933610350,195.18,58,sell
MSFT,1736933611234,300.5,49,sell
SPY,1736933612460,400.58,53,buy
SPY,1736933613760,400.89,68,buy
NVDA,1736933613785,499.85,22,sell
SPY,1736933614404,401.08,4,sell
SPY,1736933614637,400.19,56,sell
MSFT,1736933615920,297.85,15,sell
AAPL,1736933616095,151.72,10,sell
AAPL,1736933616425,152.52,87,sell
NVDA,1736933617133,500.31,60,buy
AAPL,1736933617494,149.8,12,sell
NVDA,1736933617952,500.91,95,sell
TSLA,1736933618063,200.17,97,buy
AAPL,1736933618475,152.54,21,sell
MSFT,1736933618527,299.07,24,sell
SPY,1736933618670,401.13,7,buy
MSFT,1736933618736,298.96,61,buy
AAPL,1736933620426,150.14,54,buy
MSFT,1736933620963,299.66,59,sell
AAPL,1736933620993,151.68,17,buy
NVDA,1736933621067,502.11,43,sell
MSFT,1736933621128,296.92,37,sell
MSFT,1736933621750,296.81,2,sell
SPY,1736933622551,399.1,80,sell
MSFT,1736933622802,299.06,93,sell
TSLA,1736933623026,195.84,27,sell
NVDA,1736933623615,499.51,42,buy
TSLA,1736933623707,200.46,13,sell
NVDA,1736933624146,500.68,95,sell
TSLA,1736933624195,199.33,33,sell
MSFT,1736933625501,298.24,94,buy
SPY,1736933625837,400.69,54,sell
AAPL,1736933627160,150.98,87,sell
NVDA,1736933628042,501.83,78,buy
TSLA,1736933630050,195.41,2,sell
TSLA,1736933630766,196.45,13,buy
SPY,1736933630938,400.53,41,sell
AAPL,1736933632136,150.83,66,sell
AAPL,1736933632316,150.53,100,sell
TSLA,1736933632446,198.55,94,sell
AAPL,1736933632598,151.96,54,sell
SPY,1736933632708,400.3,23,sell
SPY,1736933632831,398.87,62,sell
MSFT,1736933633339,298.02,58,sell
NVDA,1736933633955,500.14,18,buy
NVDA,1736933634335,500.53,79,buy
TSLA,1736933634669,195.3,43,buy
MSFT,1736933635076,297.03,68,buy
SPY,1736933636340,399.62,74,buy
TSLA,1736933637890,198.39,60,buy
NVDA,1736933639148,499.87,83,buy
SPY,1736933639554,400.63,77,sell
NVDA,1736933640421,501.55,12,sell
NVDA,1736933640456,500.37,24,buy
NVDA,1736933641468,500.59,95,buy
SPY,1736933641709,401.52,5,sell
AAPL,1736933641790,150.28,51,sell
NVDA,1736933642371,502.82,7,sell
TSLA,1736933644383,192.96,13,sell
TSLA,1736933644821,195.44,88,sell
AAPL,1736933646282,150.02,84,sell
MSFT,1736933647207,296.86,11,sell
NVDA,1736933648427,499.02,28,sell
TSLA,1736933649022,195.54,77,sell
NVDA,1736933649091,502.33,56,sell
SPY,1736933649236,399.8,57,sell
TSLA,1736933650106,198.33,18,buy
SPY,1736933650727,399.89,77,sell
SPY,1736933652833,398.84,68,sell
MSFT,1736933658256,301.76,75,sell
NVDA,1736933658275,502.64,89,sell
TSLA,1736933659807,195.21,98,sell
SPY,1736933659842,400.35,3,sell
TSLA,1736933660785,200.02,74,buy
TSLA,1736933660939,198.54,47,buy
AAPL,1736933660950,151.96,26,sell
NVDA,1736933662455,500.02,7,buy
AAPL,1736933662941,150.14,76,sell
TSLA,1736933663756,198.68,19,sell
NVDA,1736933664561,502.33,93,sell
AAPL,1736933665382,151.71,90,buy
TSLA,1736933665469,199.09,81,sell
NVDA,1736933667092,503.87,82,buy
NVDA,1736933668466,500.44,63,buy
NVDA,1736933668972,500.84,82,buy
TSLA,1736933669737,199.11,5,sell
TSLA,1736933670589,200.11,86,buy
SPY,1736933670865,400.82,69,buy
SPY,1736933671597,398.72,29,buy
TSLA,1736933672391,198.36,73,buy
SPY,1736933673384,399.71,96,buy
TSLA,1736933674319,199.33,21,buy
SPY,1736933674813,399.84,15,buy
SPY,1736933675071,400.48,68,sell
SPY,1736933675949,399.44,40,buy
TSLA,1736933676006,195.06,100,buy
MSFT,1736933677005,298.95,36,sell
NVDA,1736933677176,501.79,86,sell
NVDA,1736933677551,501.18,43,sell
AAPL,1736933678940,151.82,74,buy
TSLA,1736933680466,194.93,61,buy
MSFT,1736933681270,302.88,67,buy
TSLA,1736933681626,195.27,55,buy
MSFT,1736933682401,297.87,55,buy
TSLA,1736933682456,195.14,3,sell
TSLA,1736933683253,198.34,74,buy
NVDA,1736933683404,500.47,87,sell
TSLA,1736933684009,194.64,48,sell
AAPL,1736933684706,150.27,30,sell
MSFT,1736933685141,297.78,4,buy
SPY,1736933686321,399.18,75,buy
NVDA,1736933687073,499.62,76,buy
AAPL,1736933688176,151.54,99,sell
TSLA,1736933688354,198.42,19,buy
NVDA,1736933689107,498.91,51,sell
NVDA,1736933689944,500.57,65,sell
AAPL,1736933690169,152.85,76,sell
MSFT,1736933690221,297.28,93,sell
SPY,1736933690443,399.86,83,buy
AAPL,1736933690498,150.18,31,buy
SPY,1736933691816,400.8,43,buy
AAPL,1736933692033,151.83,36,sell
TSLA,1736933692724,195.27,90,sell
MSFT,1736933693047,299.03,96,buy
AAPL,1736933693196,151.13,28,sell
TSLA,1736933693617,197.72,47,buy
MSFT,1736933695292,297.45,23,buy
NVDA,1736933696234,501.04,57,sell
TSLA,1736933697203,198.29,43,buy
AAPL,1736933697586,153.13,88,sell
NVDA,1736933698445,500.42,49,sell
NVDA,1736933698961,501.49,77,buy
MSFT,1736933699311,296.9,50,sell
AAPL,1736933699840,151.45,47,sell
TSLA,1736933701239,195.43,37,buy
TSLA,1736933701329,197.98,66,buy
NVDA,1736933701442,501.13,98,sell
SPY,1736933702145,398.79,67,buy
AAPL,1736933702467,150.22,82,sell
SPY,1736933702617,399.82,5,buy
NVDA,1736933703014,501.78,18,buy
AAPL,1736933704077,150.57,50,buy
TSLA,1736933704232,193.14,17,buy
AAPL,1736933705184,151.95,58,buy
MSFT,1736933707624,300.1,25,sell
NVDA,1736933707679,502.25,56,buy
NVDA,1736933708200,499.2,79,buy
TSLA,1736933708696,195.22,43,buy
AAPL,1736933708990,151.88,37,sell
SPY,1736933710939,399.49,1,buy
NVDA,1736933711948,500.32,82,sell
NVDA,1736933712403,501.89,4,sell
AAPL,1736933712886,152.03,23,sell
MSFT,1736933713201,298.4,92,buy
NVDA,1736933713734,501.9,61,sell
NVDA,1736933715898,499.25,59,buy
TSLA,1736933716045,194.96,68,sell
AAPL,1736933716900,150.64,75,sell
MSFT,1736933717692,296.89,25,sell
MSFT,1736933718535,299.06,6,sell
TSLA,1736933719306,195.49,85,sell
SPY,1736933721608,400.72,61,sell
AAPL,1736933721891,150.13,56,sell
TSLA,1736933722466,199.96,25,sell
NVDA,1736933723125,501.59,8,sell
SPY,1736933724387,401.12,18,buy
SPY,1736933725472,399.85,42,sell
SPY,1736933727311,399.76,82,sell
SPY,1736933728002,400.18,15,sell
SPY,1736933728130,399.9,35,sell
MSFT,1736933728956,297.26,17,buy
AAPL,1736933728991,150.66,25,buy
SPY,1736933729340,400.58,69,buy
TSLA,1736933729613,194.98,86,sell
TSLA,1736933729723,198.24,51,buy
MSFT,1736933730751,297.27,22,sell
TSLA,1736933731431,199.33,59,buy
MSFT,1736933731761,297.49,9,sell
TSLA,1736933732823,198.14,70,buy
TSLA,1736933733236,198.23,14,sell
SPY,1736933733873,399.31,23,buy
TSLA,1736933735011,197.77,91,buy
TSLA,1736933735177,194.27,26,sell
NVDA,1736933736996,500.22,6,sell
TSLA,1736933738039,196.0,67,buy
SPY,1736933738124,400.62,51,buy
SPY,1736933738735,400.51,69,buy
MSFT,1736933738751,297.36,55,sell
TSLA,1736933739554,198.69,30,sell
NVDA,1736933740111,500.58,70,buy
NVDA,1736933741289,501.64,64,buy
SPY,1736933741508,399.21,97,buy
NVDA,1736933743167,500.24,56,buy
NVDA,1736933743658,500.44,60,sell
MSFT,1736933743797,299.4,91,sell
TSLA,1736933743916,200.14,22,buy
NVDA,1736933745219,500.21,26,sell
TSLA,1736933746878,195.43,45,sell
NVDA,1736933748357,501.71,82,sell
MSFT,1736933748503,298.27,16,buy
TSLA,1736933749427,198.54,42,sell
MSFT,1736933750422,297.3,8,buy
NVDA,1736933750911,499.48,9,sell
AAPL,1736933750951,149.23,47,buy
SPY,1736933754489,399.59,36,sell
SPY,1736933754756,399.58,16,sell
NVDA,1736933756137,502.69,15,sell
SPY,1736933756249,401.01,7,buy
TSLA,1736933757849,199.47,45,buy
TSLA,1736933757969,194.47,80,sell
MSFT,1736933758966,300.17,92,buy
AAPL,1736933759102,152.77,8,buy
NVDA,1736933759446,500.16,88,sell
AAPL,1736933759574,149.85,73,sell
SPY,1736933760266,399.81,40,sell
SPY,1736933760797,399.59,56,buy
AAPL,1736933760952,151.99,45,sell
NVDA,1736933762309,501.44,46,buy
SPY,1736933763168,399.61,50,buy
TSLA,1736933764392,199.96,11,sell
AAPL,1736933765043,149.44,96,sell
SPY,1736933765264,399.22,97,buy
AAPL,1736933765884,149.87,26,buy
TSLA,1736933766221,194.48,26,sell
SPY,1736933767727,399.61,2,buy
SPY,1736933768134,399.59,1,buy
NVDA,1736933768564,501.55,19,buy
SPY,1736933769170,399.82,76,sell
AAPL,1736933769917,150.04,11,buy
SPY,1736933769957,400.17,55,buy
MSFT,1736933770843,297.89,68,sell
TSLA,1736933771913,200.03,46,sell
AAPL,1736933772727,149.76,68,sell
AAPL,1736933775291,153.61,85,buy
NVDA,1736933775516,503.93,41,buy
NVDA,1736933775704,499.43,50,buy
NVDA,1736933775822,500.08,12,sell
NVDA,1736933776755,503.64,97,buy
SPY,1736933777055,401.19,40,sell
SPY,1736933777265,400.83,98,buy
TSLA,1736933777667,199.42,55,sell
MSFT,1736933778392,300.34,31,buy
AAPL,1736933778892,152.54,60,sell
NVDA,1736933780106,501.7,28,buy
MSFT,1736933780440,296.81,59,buy
AAPL,1736933781062,153.18,19,sell
TSLA,1736933783185,199.17,14,buy
NVDA,1736933784838,499.47,78,sell
NVDA,1736933785393,502.84,53,sell
TSLA,1736933785656,197.92,67,buy
SPY,1736933788432,399.05,19,sell
TSLA,1736933789102,199.53,99,sell
NVDA,1736933789550,503.82,56,sell
NVDA,1736933790080,500.42,1,sell
TSLA,1736933791192,195.51,46,sell
TSLA,1736933793248,198.68,91,buy
SPY,1736933793343,399.73,1,sell
AAPL,1736933795157,152.39,68,sell
SPY,1736933796172,399.97,43,sell
TSLA,1736933796503,194.92,69,sell
NVDA,1736933796567,500.45,79,sell
AAPL,1736933796976,149.8,70,sell
MSFT,1736933798425,301.93,52,buy
NVDA,1736933799550,500.51,49,sell
MSFT,1736933800014,299.42,1,sell
NVDA,1736933802110,499.62,19,sell
NVDA,1736933803004,501.69,1,sell
MSFT,1736933804085,299.1,91,buy
SPY,1736933804742,401.53,75,buy
MSFT,1736933805855,301.2,16,buy
AAPL,1736933806263,152.94,83,buy
TSLA,1736933806377,198.32,12,sell
MSFT,1736933807860,297.58,66,buy
NVDA,1736933808008,499.73,79,buy
AAPL,1736933808634,149.12,99,buy
AAPL,1736933808957,150.37,69,sell
NVDA,1736933809801,502.37,95,buy
AAPL,1736933810281,150.03,59,buy
AAPL,1736933810699,151.74,36,buy
SPY,1736933810980,400.67,32,sell
TSLA,1736933813015,199.02,72,sell
TSLA,1736933813474,199.28,74,sell
NVDA,1736933815905,499.78,59,buy
SPY,1736933816790,399.07,63,sell
SPY,1736933818306,401.28,25,buy
MSFT,1736933818688,299.74,73,sell
MSFT,1736933820842,297.59,69,sell
SPY,1736933820976,400.49,81,sell
SPY,1736933821348,399.29,100,buy
TSLA,1736933824610,197.87,18,sell
SPY,1736933824654,400.6,55,sell
SPY,1736933824975,400.14,3,buy
MSFT,1736933826118,299.18,94,sell
TSLA,1736933826570,196.9,80,sell
AAPL,1736933828436,149.78,31,buy
SPY,1736933828461,399.64,47,sell
AAPL,1736933829948,150.2,23,buy
NVDA,1736933831768,500.54,46,buy
AAPL,1736933831916,149.4,61,sell
SPY,1736933832954,399.01,15,buy
SPY,1736933833845,400.31,82,sell
MSFT,1736933834069,302.04,12,sell
TSLA,1736933834581,198.35,79,buy
NVDA,1736933835121,502.77,8,buy
MSFT,1736933835429,298.66,6,buy
MSFT,1736933835460,301.0,91,sell
TSLA,1736933836114,198.41,28,sell
AAPL,1736933836230,152.85,41,sell
TSLA,1736933836270,195.25,4,sell
AAPL,1736933836287,150.45,69,buy
AAPL,1736933836394,151.17,40,sell
NVDA,1736933836602,501.78,46,sell
MSFT,1736933838066,301.72,9,buy
AAPL,1736933838408,151.75,58,sell
AAPL,1736933838731,150.93,97,sell
MSFT,1736933840626,300.28,16,buy
NVDA,1736933842097,501.27,16,sell
TSLA,1736933842507,198.83,62,sell
TSLA,1736933842538,200.31,93,sell
MSFT,1736933843177,299.59,50,buy
TSLA,1736933847480,194.95,48,buy
MSFT,1736933848531,299.94,79,sell
SPY,1736933848665,400.28,18,sell
NVDA,1736933849196,501.0,73,sell
MSFT,1736933849766,298.72,14,sell
SPY,1736933850476,399.87,91,sell
MSFT,1736933850828,301.69,43,buy
TSLA,1736933854749,195.05,52,sell
NVDA,1736933856850,499.21,87,sell
AAPL,1736933857437,153.0,93,sell
TSLA,1736933858358,197.91,15,sell
TSLA,1736933858553,194.71,55,sell
MSFT,1736933858909,299.32,29,sell
NVDA,1736933859887,500.19,19,sell
SPY,1736933860535,401.72,20,sell
SPY,1736933860943,398.87,75,sell
AAPL,1736933862512,150.55,45,buy
MSFT,1736933864095,296.98,53,buy
MSFT,1736933864197,302.54,62,buy
SPY,1736933865015,399.75,22,sell
MSFT,1736933865275,297.69,68,sell
MSFT,1736933865466,301.52,25,buy
NVDA,1736933865605,498.54,46,buy
TSLA,1736933865679,196.38,33,sell
SPY,1736933865741,399.2,28,buy
SPY,1736933865791,400.19,13,sell
NVDA,1736933867460,501.53,75,buy
TSLA,1736933868125,197.82,87,buy
AAPL,1736933868698,152.41,48,sell
NVDA,1736933868938,500.75,74,buy
SPY,1736933870408,400.49,60,sell
MSFT,1736933871871,296.9,13,sell
MSFT,1736933872109,301.69,5,buy
TSLA,1736933874894,195.0,42,buy
NVDA,1736933874917,499.66,8,buy
NVDA,1736933875696,502.44,20,sell
SPY,1736933875955,399.64,99,buy
TSLA,1736933876420,196.37,47,sell
TSLA,1736933878134,198.64,79,sell
MSFT,1736933878773,301.55,88,buy
NVDA,1736933878983,499.5,94,sell
SPY,1736933879834,399.22,47,buy
TSLA,1736933880444,195.05,71,sell
TSLA,1736933880896,194.83,100,sell
AAPL,1736933881734,150.99,26,buy
NVDA,1736933882127,499.5,68,sell
MSFT,1736933882318,298.8,13,buy
SPY,1736933883868,400.99,39,buy
TSLA,1736933884038,198.82,17,buy
NVDA,1736933884417,499.61,99,sell
TSLA,1736933885360,195.38,19,sell
MSFT,1736933885894,299.12,16,buy
NVDA,1736933886307,500.48,23,sell
AAPL,1736933887608,151.95,78,buy
TSLA,1736933887641,198.8,85,sell
NVDA,1736933887681,501.81,10,buy
NVDA,1736933888304,499.41,53,buy
MSFT,1736933888623,296.92,24,buy
AAPL,1736933891482,151.71,94,buy
MSFT,1736933892087,296.84,14,sell
NVDA,1736933892351,499.03,65,buy
TSLA,1736933893462,199.89,61,sell
AAPL,1736933895663,149.63,40,buy
MSFT,1736933896990,298.06,21,buy
AAPL,1736933897065,149.35,16,sell
SPY,1736933897745,399.68,90,buy
NVDA,1736933898752,501.89,25,buy
SPY,1736933899006,401.5,6,sell
SPY,1736933902079,399.22,26,sell
NVDA,1736933902185,499.96,96,sell
SPY,1736933902631,401.48,58,sell
AAPL,1736933902996,152.67,67,sell
TSLA,1736933903705,198.29,26,sell
MSFT,1736933903893,298.61,17,buy
AAPL,1736933904339,151.92,84,sell
SPY,1736933905951,400.51,69,buy
SPY,1736933906547,400.89,28,buy
MSFT,1736933906733,301.5,90,sell
TSLA,1736933907125,199.9,89,buy
NVDA,1736933908729,501.26,41,sell
TSLA,1736933911678,200.1,43,buy
TSLA,1736933912037,196.29,37,buy
MSFT,1736933912806,302.79,59,sell
TSLA,1736933912816,194.81,45,sell
AAPL,1736933913970,149.49,33,buy
NVDA,1736933914295,501.11,81,sell
TSLA,1736933914486,197.81,70,sell
SPY,1736933914704,399.66,79,sell
AAPL,1736933915847,152.07,44,buy
MSFT,1736933918064,298.17,34,buy
AAPL,1736933918767,149.87,81,sell
MSFT,1736933918796,299.51,72,sell
SPY,1736933919805,400.88,44,sell
NVDA,1736933920171,498.77,64,buy
SPY,1736933920835,399.84,63,sell
MSFT,1736933921383,301.72,89,buy
TSLA,1736933922812,198.67,18,buy
TSLA,1736933926180,198.26,18,sell
NVDA,1736933926790,499.44,47,buy
SPY,1736933930321,401.47,68,buy
SPY,1736933930736,400.74,100,sell
MSFT,1736933931075,296.8,27,buy
AAPL,1736933932952,152.17,62,sell
AAPL,1736933933661,151.61,10,sell
TSLA,1736933933848,196.83,35,sell
NVDA,1736933934074,502.69,58,sell
TSLA,1736933934193,198.49,28,sell
SPY,1736933937353,399.28,11,buy
TSLA,1736933938418,199.24,54,sell
MSFT,1736933938490,300.17,100,buy
MSFT,1736933939281,299.13,44,sell
SPY,1736933939900,400.0,58,sell
NVDA,1736933943102,499.53,77,buy
SPY,1736933943668,399.75,72,buy
NVDA,1736933943707,501.16,87,sell
NVDA,1736933944822,500.65,11,buy
NVDA,1736933944911,499.5,86,sell
AAPL,1736933945820,151.53,89,buy
TSLA,1736933946472,198.52,56,buy
SPY,1736933946566,399.16,69,buy
TSLA,1736933947836,198.07,56,sell
MSFT,1736933949011,296.89,90,sell
MSFT,1736933949110,301.71,93,buy
MSFT,1736933949138,298.67,79,sell
NVDA,1736933951355,501.86,2,sell
TSLA,1736933951964,198.08,3,buy
TSLA,1736933953306,198.15,48,buy
NVDA,1736933953716,501.09,65,sell
AAPL,1736933953773,150.78,49,sell
MSFT,1736933955911,297.61,20,buy
AAPL,1736933956358,150.33,97,sell
AAPL,1736933956638,149.97,58,sell
NVDA,1736933958428,501.8,67,buy
AAPL,1736933961559,149.43,88,sell
NVDA,1736933962471,503.26,32,sell
MSFT,1736933963367,297.43,60,sell
TSLA,1736933963866,195.59,7,buy
MSFT,1736933964147,297.52,61,buy
TSLA,1736933965707,193.62,18,buy
TSLA,1736933966202,199.45,8,buy
MSFT,1736933966649,296.79,70,buy
MSFT,1736933967025,297.1,46,buy
TSLA,1736933967391,197.95,31,buy
NVDA,1736933967737,501.39,100,buy
SPY,1736933968860,398.71,5,sell
MSFT,1736933969157,298.26,58,sell
SPY,1736933970271,400.95,58,buy
AAPL,1736933970354,151.9,35,sell
NVDA,1736933970801,502.86,71,sell
TSLA,1736933971055,199.16,18,buy
AAPL,1736933974574,151.03,53,sell
SPY,1736933975404,398.86,10,buy
SPY,1736933975827,398.82,8,buy
MSFT,1736933977171,299.45,36,buy
NVDA,1736933977240,502.44,42,sell
TSLA,1736933977610,195.57,83,buy
SPY,1736933978492,399.99,45,sell
TSLA,1736933979882,195.45,8,buy
AAPL,1736933980614,152.39,78,buy
NVDA,1736933980855,501.69,68,buy
SPY,1736933981122,399.16,60,buy
TSLA,1736933981601,199.13,59,buy
NVDA,1736933981871,502.12,16,sell
AAPL,1736933982402,152.72,3,buy
NVDA,1736933982478,498.71,93,buy
NVDA,1736933984617,499.22,5,sell
NVDA,1736933984665,499.25,54,sell
SPY,1736933984748,401.66,1,sell
AAPL,1736933986249,151.19,29,sell
NVDA,1736933986471,501.9,54,sell
NVDA,1736933986755,500.64,56,buy
SPY,1736933987543,400.72,46,sell
AAPL,1736933987846,152.9,3,sell
NVDA,1736933987890,500.41,89,buy
NVDA,1736933988339,502.59,39,sell
NVDA,1736933988951,501.52,44,buy
TSLA,1736933990478,197.9,46,sell
TSLA,1736933991160,193.39,67,sell
TSLA,1736933991378,199.52,66,sell
MSFT,1736933993356,301.79,14,sell
SPY,1736933994874,400.3,90,buy
SPY,1736933995325,399.72,9,buy
MSFT,1736933996416,297.51,29,buy
MSFT,1736933996735,299.08,41,buy
SPY,1736933997322,399.55,78,sell
AAPL,1736933998557,150.23,14,buy
TSLA,1736933998934,195.31,64,buy
NVDA,1736934001064,502.6,58,sell
AAPL,1736934001291,150.12,47,sell
TSLA,1736934001628,197.98,37,buy
SPY,1736934003247,399.52,87,sell
NVDA,1736934003447,501.55,1,sell
TSLA,1736934005461,194.1,27,buy
NVDA,1736934005637,501.51,24,sell
SPY,1736934006052,399.53,52,buy
TSLA,1736934006288,198.3,49,buy
MSFT,1736934006516,300.39,95,buy
SPY,1736934006579,400.3,8,buy
TSLA,1736934008362,198.95,100,sell
SPY,1736934008671,401.21,41,sell
TSLA,1736934008832,195.06,77,buy
TSLA,1736934009142,194.97,82,sell
TSLA,1736934009490,194.11,67,sell
TSLA,1736934010852,199.32,69,sell
MSFT,1736934011565,299.23,77,buy
AAPL,1736934015401,150.52,67,sell
AAPL,1736934016410,151.82,14,sell
MSFT,1736934016588,302.05,35,buy
SPY,1736934016712,400.95,94,sell
TSLA,1736934016944,197.8,25,buy
SPY,1736934017443,400.08,63,buy
NVDA,1736934019173,503.48,74,sell
NVDA,1736934019311,501.27,11,sell
TSLA,1736934021304,195.95,43,sell
AAPL,1736934021450,151.98,16,buy
MSFT,1736934022852,298.69,87,buy
NVDA,1736934023979,502.5,55,sell
AAPL,1736934025035,151.99,24,sell
SPY,1736934026355,399.81,64,sell
SPY,1736934027255,399.09,20,buy
TSLA,1736934027348,194.83,4,buy
AAPL,1736934027766,150.3,81,buy
TSLA,1736934028108,199.52,19,sell
AAPL,1736934029674,151.6,89,buy
SPY,1736934030020,399.7,70,sell
NVDA,1736934033057,499.38,64,sell
SPY,1736934033096,399.57,30,buy
AAPL,1736934033714,152.17,91,sell
AAPL,1736934034232,149.8,42,buy
MSFT,1736934034342,301.41,52,sell
NVDA,1736934034713,500.28,55,buy
AAPL,1736934035552,150.29,45,sell
AAPL,1736934035712,151.95,9,sell
MSFT,1736934038465,300.03,57,sell
NVDA,1736934040805,502.05,25,sell
AAPL,1736934040806,149.59,21,buy
MSFT,1736934041424,299.06,68,sell
SPY,1736934041516,399.4,27,buy
SPY,1736934041933,399.54,96,buy
MSFT,1736934042654,297.82,83,buy
AAPL,1736934042873,150.15,12,sell
TSLA,1736934043603,198.75,27,sell
SPY,1736934043722,399.85,52,sell
TSLA,1736934043840,195.65,60,sell
MSFT,1736934043902,301.4,74,sell
NVDA,1736934044309,501.61,84,sell
NVDA,1736934045357,502.8,83,buy
NVDA,1736934045734,502.23,48,buy
AAPL,1736934045795,152.07,88,sell
AAPL,1736934047063,151.66,16,sell
SPY,1736934047429,399.85,86,sell
AAPL,1736934048976,149.81,39,sell
AAPL,1736934050168,149.78,82,sell
MSFT,1736934051481,296.69,14,sell
MSFT,1736934052437,299.06,79,sell
MSFT,1736934053545,299.7,14,sell
SPY,1736934055542,400.52,14,buy
NVDA,1736934057870,499.18,88,buy
AAPL,1736934059321,152.6,17,sell
NVDA,1736934060067,500.24,35,sell
SPY,1736934060645,399.79,93,sell
AAPL,1736934061987,151.73,27,sell
NVDA,1736934062399,503.65,43,buy
AAPL,1736934063012,151.8,90,sell
MSFT,1736934063935,297.0,84,buy
SPY,1736934064559,400.78,21,sell
TSLA,1736934064609,198.39,48,buy
MSFT,1736934067494,301.44,50,sell
MSFT,1736934067814,301.36,37,sell
SPY,1736934068371,399.65,40,buy
SPY,1736934068825,401.14,20,buy
TSLA,1736934068892,199.45,9,sell
AAPL,1736934070528,151.84,71,sell
SPY,1736934072407,399.89,59,sell
MSFT,1736934072610,298.88,49,buy
NVDA,1736934072989,502.78,46,buy
TSLA,1736934074142,194.86,52,sell
SPY,1736934074237,399.63,3,sell
SPY,1736934074415,401.28,59,buy
MSFT,1736934074985,300.38,36,buy
MSFT,1736934075500,299.88,3,sell
TSLA,1736934075597,199.58,21,buy
TSLA,1736934076424,198.85,60,sell
NVDA,1736934076475,500.02,80,buy
MSFT,1736934076834,301.6,64,sell
SPY,1736934077139,401.09,1,buy
NVDA,1736934078306,499.33,57,sell
TSLA,1736934078686,195.45,99,sell
TSLA,1736934079546,198.58,96,buy
NVDA,1736934079810,501.55,87,sell
TSLA,1736934079976,198.74,62,sell
NVDA,1736934080226,502.0,68,buy
NVDA,1736934080449,498.68,66,sell
AAPL,1736934081103,150.76,100,buy
MSFT,1736934081217,301.21,35,sell
NVDA,1736934081844,501.98,51,sell
NVDA,1736934084162,501.53,19,sell
NVDA,1736934084973,502.46,48,buy
MSFT,1736934085731,300.15,21,buy
NVDA,1736934085888,499.07,9,buy
NVDA,1736934085995,499.6,15,sell
AAPL,1736934087376,152.66,57,buy
SPY,1736934087849,398.79,89,sell
TSLA,1736934088143,197.8,8,buy
AAPL,1736934088146,151.86,7,buy
AAPL,1736934089063,153.07,11,buy
AAPL,1736934089153,151.86,70,buy
MSFT,1736934091197,298.62,73,sell
AAPL,1736934091699,149.9,72,buy
SPY,1736934093714,399.81,13,sell
AAPL,1736934094345,152.5,71,sell
AAPL,1736934094625,150.6,91,buy
AAPL,1736934095564,151.72,80,buy
AAPL,1736934096101,152.09,92,sell
NVDA,1736934096677,500.02,60,sell
AAPL,1736934096929,150.56,28,sell
TSLA,1736934097217,193.6,69,buy
TSLA,1736934097975,200.14,63,buy
AAPL,1736934098135,152.39,24,buy
SPY,1736934098746,400.59,96,sell
TSLA,1736934098852,193.48,93,buy
NVDA,1736934099492,502.54,90,sell
AAPL,1736934100495,152.34,91,sell
TSLA,1736934101018,195.28,25,buy
TSLA,1736934101715,195.46,50,sell
AAPL,1736934102053,152.48,46,sell
MSFT,1736934102357,301.4,37,sell
AAPL,1736934102798,149.46,74,buy
MSFT,1736934102862,297.41,23,sell
TSLA,1736934104324,199.89,80,sell
SPY,1736934104391,399.48,49,sell
NVDA,1736934104513,501.15,72,buy
AAPL,1736934104659,149.79,39,buy
SPY,1736934105135,399.43,90,sell
AAPL,1736934106888,149.75,90,buy
NVDA,1736934107907,499.83,40,buy
AAPL,1736934109739,149.65,32,buy
NVDA,1736934111462,500.36,61,buy
AAPL,1736934111686,150.95,35,buy
AAPL,1736934111900,149.34,26,buy
TSLA,1736934112120,199.99,2,buy
AAPL,1736934115327,149.4,62,sell
SPY,1736934115782,399.12,92,buy
NVDA,1736934116023,503.7,20,sell
AAPL,1736934116197,151.93,50,sell
TSLA,1736934117153,193.19,49,sell
MSFT,1736934118156,297.16,25,sell
NVDA,1736934118553,501.4,75,sell
MSFT,1736934123199,298.94,57,sell
AAPL,1736934123255,151.75,10,buy
TSLA,1736934124209,198.46,15,sell
AAPL,1736934124537,150.53,55,sell
TSLA,1736934124543,200.44,26,buy
NVDA,1736934124818,500.06,58,buy
NVDA,1736934124834,501.24,41,buy
MSFT,1736934126144,303.05,46,sell
NVDA,1736934126256,498.57,1,buy
MSFT,1736934128912,299.45,6,sell
SPY,1736934128925,399.89,11,buy
SPY,1736934129816,399.99,14,buy
NVDA,1736934132378,503.76,78,buy
SPY,1736934132550,400.66,77,buy
TSLA,1736934133925,195.58,71,buy
SPY,1736934134045,400.73,6,sell
SPY,1736934135179,399.49,38,sell
NVDA,1736934135233,503.81,21,buy
MSFT,1736934136320,297.46,99,sell
TSLA,1736934138169,198.5,35,sell
AAPL,1736934139663,149.56,93,buy
TSLA,1736934140023,195.43,82,buy
TSLA,1736934143484,196.22,65,buy
NVDA,1736934143683,498.73,35,sell
NVDA,1736934143704,499.57,85,sell
SPY,1736934144061,399.66,79,buy
NVDA,1736934144875,502.7,83,buy
NVDA,1736934149073,499.59,7,sell
SPY,1736934149782,399.75,76,buy
AAPL,1736934150935,151.87,43,buy
NVDA,1736934152773,502.13,58,buy
TSLA,1736934153345,197.83,22,buy
SPY,1736934154613,400.44,61,sell
NVDA,1736934154875,501.07,57,sell
NVDA,1736934154961,498.85,9,buy
AAPL,1736934155323,150.66,19,buy
SPY,1736934155411,399.17,87,sell
MSFT,1736934155663,303.03,92,sell
NVDA,1736934156750,498.64,94,sell
NVDA,1736934158009,501.61,100,sell
SPY,1736934158824,400.25,89,buy
AAPL,1736934159363,152.08,29,buy
TSLA,1736934159976,199.19,62,sell
NVDA,1736934159990,502.69,97,buy
AAPL,1736934160316,150.1,33,sell
SPY,1736934161592,400.74,65,sell
SPY,1736934162633,401.32,62,sell
NVDA,1736934163620,502.02,26,sell
NVDA,1736934164986,503.48,11,buy
SPY,1736934165432,399.3,60,sell
NVDA,1736934165730,499.65,62,sell
AAPL,1736934166620,151.82,68,sell
MSFT,1736934167906,299.6,36,buy
MSFT,1736934168484,297.79,93,sell
AAPL,1736934169448,150.91,35,buy
TSLA,1736934169660,199.82,5,sell
AAPL,1736934170079,151.89,12,buy
MSFT,1736934171219,299.73,41,buy
NVDA,1736934172428,501.61,23,buy
NVDA,1736934172802,499.5,50,buy
AAPL,1736934172946,150.06,77,buy
MSFT,1736934173714,297.48,50,sell
AAPL,1736934174132,150.07,6,buy
NVDA,1736934174565,499.12,73,buy
SPY,1736934174703,399.43,25,buy
NVDA,1736934175506,499.26,75,buy
NVDA,1736934175669,499.43,42,sell
MSFT,1736934176211,296.94,14,sell
TSLA,1736934177190,196.97,98,sell
NVDA,1736934177369,500.32,13,buy
MSFT,1736934177395,297.71,22,sell
AAPL,1736934177762,151.22,75,sell
AAPL,1736934177921,151.92,55,sell
NVDA,1736934177946,499.48,63,sell
SPY,1736934178164,399.45,66,buy
NVDA,1736934178847,500.91,4,buy
MSFT,1736934179115,299.06,97,buy
SPY,1736934179260,399.61,92,sell
MSFT,1736934179332,297.28,95,buy
MSFT,1736934179435,297.22,87,buy
TSLA,1736934179617,195.42,40,sell
SPY,1736934179831,399.83,51,sell
TSLA,1736934180563,198.2,67,sell
TSLA,1736934180837,198.9,22,buy
SPY,1736934181765,399.46,64,sell
NVDA,1736934182672,499.53,56,sell
MSFT,1736934183691,297.02,76,sell
MSFT,1736934185946,297.49,92,sell
SPY,1736934186476,399.0,75,sell
MSFT,1736934186677,301.48,94,buy
TSLA,1736934187265,198.86,74,sell
NVDA,1736934187787,498.52,37,sell
AAPL,1736934188411,153.21,32,buy
NVDA,1736934189800,502.43,9,buy
TSLA,1736934191578,198.28,89,buy
AAPL,1736934194562,152.07,4,buy
TSLA,1736934194905,195.04,72,buy
MSFT,1736934195492,301.44,100,buy
NVDA,1736934197233,500.55,80,buy
TSLA,1736934198294,199.04,22,sell
NVDA,1736934198711,500.37,12,sell
MSFT,1736934199354,298.54,60,sell
MSFT,1736934201088,297.17,70,buy
TSLA,1736934201894,198.12,25,sell
NVDA,1736934202374,500.36,42,buy
NVDA,1736934203227,501.85,90,buy
SPY,1736934203681,399.67,6,buy
NVDA,1736934203877,501.51,28,sell
AAPL,1736934204435,151.77,41,buy
NVDA,1736934206382,499.71,16,buy
SPY,1736934206786,399.83,37,sell
TSLA,1736934206788,197.13,69,sell
NVDA,1736934207759,503.31,100,sell
NVDA,1736934207849,501.46,97,sell
AAPL,1736934209411,151.43,93,buy
NVDA,1736934209523,499.48,17,sell
MSFT,1736934211702,296.75,21,sell
TSLA,1736934211837,197.85,54,sell
TSLA,1736934212233,200.05,100,sell
SPY,1736934212362,399.88,28,sell
SPY,1736934212659,399.65,75,buy
AAPL,1736934212973,150.87,27,buy
NVDA,1736934213006,499.22,89,sell
SPY,1736934214486,399.63,86,buy
TSLA,1736934214508,194.86,69,buy
AAPL,1736934214681,150.79,52,buy
AAPL,1736934214999,150.59,58,sell
TSLA,1736934215065,199.49,93,sell
AAPL,1736934215196,151.98,31,buy
MSFT,1736934215636,297.48,61,sell
SPY,1736934216704,399.33,27,buy
MSFT,1736934218094,296.93,18,buy
MSFT,1736934218841,299.09,15,buy
SPY,1736934219484,400.74,32,buy
AAPL,1736934219661,152.5,69,buy
TSLA,1736934220853,197.81,45,sell
MSFT,1736934221064,297.68,40,buy
MSFT,1736934221390,299.02,17,sell
NVDA,1736934221687,500.3,34,buy
TSLA,1736934221867,195.5,79,buy
AAPL,1736934222652,150.79,81,buy
MSFT,1736934223514,301.47,93,buy
NVDA,1736934223536,498.9,15,buy
MSFT,1736934223611,300.33,45,sell
SPY,1736934223990,401.11,51,buy
AAPL,1736934224753,152.13,91,buy
MSFT,1736934224969,298.45,86,buy
SPY,1736934225375,399.83,52,buy
TSLA,1736934225967,196.85,24,sell
TSLA,1736934226789,198.28,2,sell
AAPL,1736934226800,149.26,18,sell
NVDA,1736934228621,499.38,8,buy
AAPL,1736934229013,149.29,61,buy
TSLA,1736934229225,198.27,63,sell
MSFT,1736934230344,298.53,10,sell
TSLA,1736934230402,195.22,32,sell
AAPL,1736934231265,152.35,69,buy
SPY,1736934232036,399.59,81,sell
AAPL,1736934232626,152.0,80,buy
TSLA,1736934233028,199.95,45,buy
AAPL,1736934235361,151.2,20,sell
SPY,1736934236304,398.91,39,buy
SPY,1736934237012,399.84,1,buy
MSFT,1736934237601,297.64,56,sell
MSFT,1736934237742,303.04,39,buy
MSFT,1736934237808,297.41,5,sell
NVDA,1736934238051,501.7,4,sell
MSFT,1736934239151,296.86,25,buy
TSLA,1736934240283,194.91,28,sell
MSFT,1736934240325,297.33,51,buy
TSLA,1736934241235,195.33,82,sell
NVDA,1736934241553,499.4,61,sell
MSFT,1736934241884,299.24,85,sell
MSFT,1736934242657,297.08,27,sell
NVDA,1736934242659,499.25,30,sell
MSFT,1736934242870,298.6,14,sell
TSLA,1736934244481,198.88,51,sell
TSLA,1736934245024,195.52,27,buy
NVDA,1736934245209,501.96,84,sell
MSFT,1736934245365,298.7,37,buy
TSLA,1736934245682,196.17,50,buy
SPY,1736934246146,399.57,87,sell
MSFT,1736934246539,297.23,6,buy
AAPL,1736934246851,151.23,100,buy
SPY,1736934248701,400.16,57,sell
MSFT,1736934248796,299.04,11,buy
AAPL,1736934249087,152.0,41,buy
MSFT,1736934249195,300.0,32,sell
SPY,1736934249415,399.82,28,buy
MSFT,1736934250117,301.41,38,buy
NVDA,1736934250542,503.95,84,buy
MSFT,1736934250916,297.44,89,sell
NVDA,1736934251707,500.93,65,buy
NVDA,1736934253893,501.54,46,sell
SPY,1736934253991,401.36,23,sell
NVDA,1736934254045,501.69,28,sell
SPY,1736934254417,400.14,99,sell
MSFT,1736934254603,298.52,15,buy
MSFT,1736934257027,297.41,38,buy
NVDA,1736934257344,502.18,95,buy
TSLA,1736934257363,198.82,9,buy
NVDA,1736934258256,502.0,47,buy
AAPL,1736934258684,149.33,32,buy
NVDA,1736934259953,500.91,62,buy
AAPL,1736934260498,150.32,66,sell
AAPL,1736934262017,151.09,44,buy
NVDA,1736934262847,501.86,52,sell
TSLA,1736934262908,197.16,16,buy
MSFT,1736934263944,296.61,50,sell
SPY,1736934264704,400.91,5,sell
SPY,1736934266228,399.68,52,sell
AAPL,1736934266306,151.54,16,buy
AAPL,1736934266776,151.05,38,buy
TSLA,1736934267365,194.86,67,buy
NVDA,1736934268132,501.3,82,sell
TSLA,1736934268167,196.99,64,sell
AAPL,1736934269000,149.37,5,sell
MSFT,1736934269090,298.91,55,sell
AAPL,1736934269120,151.61,94,buy
SPY,1736934269185,400.07,99,buy
SPY,1736934269410,400.73,65,sell
NVDA,1736934270061,501.01,82,buy
TSLA,1736934271033,198.87,93,sell
TSLA,1736934273759,198.11,34,buy
TSLA,1736934274616,198.91,42,sell
MSFT,1736934274748,298.76,39,sell
MSFT,1736934276994,301.54,40,buy
TSLA,1736934277145,194.16,31,sell
MSFT,1736934277331,300.56,49,sell
TSLA,1736934278622,193.1,37,sell
MSFT,1736934278655,298.87,77,sell
NVDA,1736934278687,500.87,20,buy
TSLA,1736934278962,195.17,97,sell
MSFT,1736934279222,297.44,54,sell
MSFT,1736934279673,299.31,34,sell
TSLA,1736934280593,198.87,61,buy
TSLA,1736934280927,198.9,43,buy
MSFT,1736934281708,299.18,16,sell
SPY,1736934282964,400.74,14,buy
TSLA,1736934283018,194.34,1,buy
NVDA,1736934283150,499.77,44,sell
MSFT,1736934286258,298.32,43,sell
MSFT,1736934287096,298.66,62,sell
SPY,1736934289374,399.34,99,sell
NVDA,1736934289496,502.25,52,sell
TSLA,1736934289979,198.88,72,sell
SPY,1736934289994,400.03,12,buy
SPY,1736934291152,400.17,62,buy
MSFT,1736934291579,298.98,10,buy
TSLA,1736934292632,200.23,49,buy
TSLA,1736934292697,197.26,12,buy
AAPL,1736934292728,151.86,22,buy
TSLA,1736934294062,195.06,22,buy
AAPL,1736934295343,150.81,46,buy
SPY,1736934295806,400.12,62,buy
SPY,1736934296257,398.95,8,buy
SPY,1736934296487,401.19,62,buy
AAPL,1736934299206,152.0,97,sell
TSLA,1736934299352,195.66,41,sell
MSFT,1736934299483,298.59,97,sell
NVDA,1736934299943,502.69,7,buy
MSFT,1736934299966,299.08,59,sell
NVDA,1736934301162,503.78,37,sell
NVDA,1736934301246,500.3,79,buy
NVDA,1736934302774,501.9,17,buy
SPY,1736934303441,401.39,67,sell
NVDA,1736934305098,498.73,45,buy
MSFT,1736934305812,298.53,67,sell
NVDA,1736934305969,502.52,51,buy
AAPL,1736934306256,151.59,92,buy
NVDA,1736934306756,502.24,57,buy
SPY,1736934306834,399.22,87,buy
MSFT,1736934306835,299.18,57,sell
AAPL,1736934307768,150.82,46,sell
SPY,1736934308692,400.04,100,buy
MSFT,1736934310978,297.61,53,buy
AAPL,1736934311480,151.56,67,buy
NVDA,1736934311859,502.66,83,sell
SPY,1736934312147,400.95,52,sell
AAPL,1736934312231,153.2,15,buy
TSLA,1736934312770,197.4,97,sell
AAPL,1736934313390,149.64,95,sell
NVDA,1736934313833,499.38,14,sell
NVDA,1736934315091,500.29,37,buy
TSLA,1736934315417,198.41,33,buy
AAPL,1736934316601,150.08,40,sell
MSFT,1736934317112,298.89,74,buy
MSFT,1736934317743,296.72,11,buy
AAPL,1736934318418,151.99,80,buy
NVDA,1736934319006,498.87,47,buy
SPY,1736934319559,401.33,4,sell
SPY,1736934319773,398.68,3,sell
MSFT,1736934320719,300.21,39,sell
AAPL,1736934322262,150.38,70,sell
SPY,1736934323189,401.32,53,buy
TSLA,1736934324789,198.39,74,buy
MSFT,1736934325156,302.98,82,sell
AAPL,1736934325473,151.7,59,sell
NVDA,1736934327727,502.68,55,sell
MSFT,1736934328972,299.15,86,buy
NVDA,1736934331069,499.48,56,buy
SPY,1736934332157,399.32,22,sell
TSLA,1736934332959,195.43,95,buy
SPY,1736934333430,399.79,5,buy
AAPL,1736934333435,152.6,64,sell
SPY,1736934335546,401.18,71,buy
TSLA,1736934335791,195.14,22,sell
AAPL,1736934337354,153.03,5,buy
SPY,1736934337537,399.84,74,buy
SPY,1736934337563,399.79,66,buy
NVDA,1736934338468,502.39,53,sell
MSFT,1736934339330,301.49,76,sell
AAPL,1736934339440,150.73,20,sell
AAPL,1736934340339,151.9,86,buy
SPY,1736934340857,399.69,57,sell
MSFT,1736934343130,297.51,6,buy
SPY,1736934343796,400.99,97,buy
AAPL,1736934343915,152.08,98,buy
NVDA,1736934344814,499.93,54,sell
AAPL,1736934344879,149.47,52,sell
AAPL,1736934345163,150.72,34,buy
TSLA,1736934345338,199.73,46,sell
SPY,1736934345649,399.09,61,buy
SPY,1736934345841,399.38,83,buy
MSFT,1736934345892,297.64,54,sell
NVDA,1736934346331,503.34,96,sell
MSFT,1736934348926,299.96,29,sell
NVDA,1736934349591,501.63,85,buy
AAPL,1736934349646,152.37,48,buy
SPY,1736934349760,398.88,27,sell
NVDA,1736934349899,501.45,11,sell
AAPL,1736934350674,150.11,59,buy
SPY,1736934351368,399.75,39,buy
MSFT,1736934351797,303.05,31,buy
SPY,1736934352083,399.2,29,sell
TSLA,1736934352479,197.94,14,buy
TSLA,1736934353037,197.22,63,buy
TSLA,1736934354625,196.53,17,buy
MSFT,1736934354628,296.86,48,buy
SPY,1736934355661,400.83,16,buy
NVDA,1736934358144,498.88,29,buy
MSFT,1736934359662,299.38,83,buy
MSFT,1736934360773,296.61,91,buy
TSLA,1736934361653,195.44,21,sell
AAPL,1736934363215,151.84,91,buy
NVDA,1736934363353,502.73,17,sell
TSLA,1736934364974,195.78,100,sell
MSFT,1736934365179,296.82,83,buy
TSLA,1736934365236,197.8,60,buy
AAPL,1736934366901,151.58,49,sell
SPY,1736934367050,400.52,56,buy
MSFT,1736934367535,299.41,78,sell
TSLA,1736934369377,195.54,17,buy
NVDA,1736934369617,501.23,89,sell
AAPL,1736934370765,152.84,39,buy
TSLA,1736934371070,195.2,32,sell
AAPL,1736934371720,152.18,83,buy
AAPL,1736934372696,152.07,92,sell
SPY,1736934373580,399.75,48,buy
AAPL,1736934373766,152.9,2,buy
MSFT,1736934374811,303.23,33,sell
NVDA,1736934375790,501.54,12,sell
NVDA,1736934375828,500.41,3,buy
SPY,1736934376210,400.68,82,buy
TSLA,1736934376805,195.22,22,sell
AAPL,1736934376846,149.28,89,sell
MSFT,1736934377093,298.73,58,sell
SPY,1736934377106,401.11,30,buy
MSFT,1736934377291,298.67,93,sell
MSFT,1736934378256,299.96,58,buy
SPY,1736934379512,399.58,57,sell
TSLA,1736934380894,195.6,44,sell
NVDA,1736934382639,501.22,18,buy
MSFT,1736934382853,298.93,39,sell
TSLA,1736934383201,194.72,78,sell
AAPL,1736934384125,152.11,60,buy
MSFT,1736934385998,300.25,41,sell
NVDA,1736934386457,500.15,30,buy
MSFT,1736934386971,297.81,99,sell
TSLA,1736934387315,198.2,63,sell
NVDA,1736934388221,503.58,5,buy
MSFT,1736934388388,300.78,30,buy
NVDA,1736934390354,503.39,14,buy
SPY,1736934390741,399.84,40,sell
NVDA,1736934391933,499.02,40,sell
AAPL,1736934392000,151.7,66,sell
MSFT,1736934392375,299.46,44,sell
SPY,1736934392457,400.67,52,buy
SPY,1736934393018,398.84,74,sell
SPY,1736934394278,400.97,62,buy
SPY,1736934394838,400.69,15,sell
AAPL,1736934395875,150.13,28,buy
SPY,1736934396049,400.19,86,buy
TSLA,1736934397141,198.74,13,sell
MSFT,1736934398316,299.16,42,sell
AAPL,1736934400270,153.04,47,sell
AAPL,1736934400644,152.76,48,buy
NVDA,1736934402509,503.53,15,sell
SPY,1736934404409,399.5,93,buy
MSFT,1736934404500,301.92,12,sell
MSFT,1736934405745,301.54,65,sell
TSLA,1736934406091,199.74,20,buy
TSLA,1736934406914,197.67,74,buy
AAPL,1736934407308,149.3,63,sell
TSLA,1736934408395,194.92,99,buy
SPY,1736934408989,399.28,26,sell
NVDA,1736934409289,500.33,30,buy
MSFT,1736934409336,297.54,52,sell
AAPL,1736934409518,150.89,4,buy
MSFT,1736934409887,296.7,21,buy
SPY,1736934413396,401.37,99,sell
MSFT,1736934414611,297.04,29,buy
MSFT,1736934414722,298.88,32,sell
AAPL,1736934415040,153.26,80,buy
MSFT,1736934415666,302.19,13,buy
AAPL,1736934415900,151.93,10,buy
SPY,1736934416814,400.7,3,sell
SPY,1736934417129,401.18,52,buy
NVDA,1736934419751,501.21,45,sell
MSFT,1736934420066,299.27,89,sell
NVDA,1736934421210,502.73,46,sell
SPY,1736934423264,400.8,42,sell
TSLA,1736934423359,194.87,53,buy
SPY,1736934423393,400.46,42,sell
AAPL,1736934424231,152.16,50,sell
TSLA,1736934424923,194.43,8,sell
SPY,1736934428592,401.14,83,buy
MSFT,1736934429200,300.98,69,sell
SPY,1736934430257,399.39,27,sell
SPY,1736934431658,400.47,66,sell
MSFT,1736934432123,297.06,27,sell
NVDA,1736934433213,502.62,51,buy
SPY,1736934433485,400.99,59,buy
SPY,1736934433931,399.07,27,buy
MSFT,1736934434256,299.76,49,buy
SPY,1736934434765,399.52,12,sell
TSLA,1736934436307,195.54,73,sell
NVDA,1736934437259,501.89,84,sell
NVDA,1736934438014,501.83,21,buy
AAPL,1736934439185,151.93,60,sell
TSLA,1736934439321,198.6,54,sell
MSFT,1736934440739,300.05,28,buy
SPY,1736934440939,399.58,30,sell
TSLA,1736934442207,195.33,99,sell
TSLA,1736934442508,194.98,5,buy
AAPL,1736934442894,152.02,16,sell
NVDA,1736934443790,499.9,49,buy
NVDA,1736934445657,502.7,58,buy
TSLA,1736934445945,199.4,56,sell
SPY,1736934446874,400.7,11,buy
MSFT,1736934446944,297.04,7,buy
MSFT,1736934447405,297.2,5,buy
NVDA,1736934448790,502.7,94,sell
NVDA,1736934448945,499.25,75,buy
NVDA,1736934448981,500.19,65,sell
TSLA,1736934450058,199.02,78,buy
NVDA,1736934450314,502.18,59,sell
MSFT,1736934450549,297.62,1,sell
AAPL,1736934450843,151.32,61,buy
AAPL,1736934451967,152.07,36,buy
AAPL,1736934453953,151.18,63,buy
SPY,1736934454079,400.55,49,buy
TSLA,1736934455663,196.46,42,sell
SPY,1736934459346,400.22,87,buy
AAPL,1736934459883,150.47,6,buy
NVDA,1736934459928,499.76,57,sell
TSLA,1736934460390,195.09,15,buy
NVDA,1736934460516,501.83,41,sell
NVDA,1736934462585,498.68,3,buy
AAPL,1736934463349,152.56,60,buy
MSFT,1736934463508,300.16,15,buy
AAPL,1736934464099,151.93,41,buy
SPY,1736934464477,401.25,6,buy
AAPL,1736934464839,151.88,47,buy
MSFT,1736934465656,297.24,19,buy
MSFT,1736934466461,299.02,45,buy
TSLA,1736934467181,193.98,4,buy
NVDA,1736934467442,498.33,85,sell
NVDA,1736934467543,500.93,10,buy
SPY,1736934468709,399.25,67,buy
AAPL,1736934470119,149.23,23,buy
SPY,1736934470512,399.4,88,buy
SPY,1736934470565,400.14,75,buy
NVDA,1736934471082,499.71,94,buy
MSFT,1736934472109,299.75,6,sell
NVDA,1736934472357,499.5,80,buy
TSLA,1736934472429,198.66,32,sell
AAPL,1736934474622,150.45,39,buy
MSFT,1736934475530,301.64,53,sell
AAPL,1736934475809,152.5,80,sell
NVDA,1736934477369,500.26,29,sell
MSFT,1736934477404,297.39,78,sell
MSFT,1736934477564,299.31,37,sell
MSFT,1736934478225,300.77,32,buy
SPY,1736934479061,399.13,99,buy
SPY,1736934480990,399.72,28,sell
NVDA,1736934482209,503.47,14,buy
TSLA,1736934482355,199.16,89,sell
TSLA,1736934483405,195.66,28,sell
AAPL,1736934483456,149.68,90,buy
SPY,1736934483947,399.81,29,buy
NVDA,1736934485433,499.82,45,buy
MSFT,1736934487302,298.68,55,sell
TSLA,1736934487498,199.79,5,sell
NVDA,1736934489534,501.24,16,buy
MSFT,1736934491882,301.48,59,buy
SPY,1736934492206,400.81,83,buy
SPY,1736934492525,399.69,21,buy
NVDA,1736934493335,501.65,32,sell
AAPL,1736934493365,151.4,81,buy
SPY,1736934494293,399.77,24,buy
SPY,1736934494592,401.28,73,sell
MSFT,1736934494757,299.29,69,buy
TSLA,1736934495407,195.61,13,buy
NVDA,1736934495783,500.88,23,sell
TSLA,1736934496347,195.23,74,sell
MSFT,1736934496714,299.35,81,sell
NVDA,1736934497243,503.63,58,sell
TSLA,1736934497323,195.48,2,buy
SPY,1736934497345,400.1,74,buy
TSLA,1736934497363,199.23,95,sell
MSFT,1736934498038,299.78,72,sell
TSLA,1736934498315,198.92,11,sell
AAPL,1736934499896,151.97,91,buy
NVDA,1736934500035,501.8,26,sell
TSLA,1736934501593,193.71,25,sell
TSLA,1736934502413,200.14,98,buy
MSFT,1736934502554,298.67,74,sell
SPY,1736934503856,399.17,26,sell
AAPL,1736934504373,150.31,4,sell
SPY,1736934504811,400.46,66,sell
SPY,1736934505151,401.56,4,buy
NVDA,1736934505175,500.81,47,sell
NVDA,1736934505990,499.55,2,buy
MSFT,1736934506119,299.41,7,sell
SPY,1736934508632,401.38,24,sell
SPY,1736934508852,400.36,18,sell
TSLA,1736934508885,200.22,61,buy
TSLA,1736934510541,199.22,88,buy
MSFT,1736934510976,299.1,70,buy
MSFT,1736934513077,299.04,49,sell
SPY,1736934513358,400.48,57,sell
AAPL,1736934513743,152.59,51,sell
AAPL,1736934513912,152.0,31,buy
MSFT,1736934514246,300.1,24,buy
MSFT,1736934515287,298.12,18,buy
NVDA,1736934515760,500.23,12,buy
MSFT,1736934517694,299.61,19,sell
NVDA,1736934517718,500.2,62,sell
SPY,1736934518494,399.2,55,buy
MSFT,1736934519035,299.97,7,buy
SPY,1736934520167,399.01,63,buy
AAPL,1736934520742,150.0,25,buy
TSLA,1736934521043,196.59,63,buy
MSFT,1736934521266,297.85,71,sell
TSLA,1736934521639,195.06,9,buy
TSLA,1736934523943,198.52,59,buy
TSLA,1736934524519,193.13,51,sell
SPY,1736934524550,400.59,44,buy
NVDA,1736934525039,501.65,82,sell
AAPL,1736934525293,152.53,28,buy
MSFT,1736934525800,301.48,70,buy
AAPL,1736934527683,151.25,22,buy
MSFT,1736934528000,298.84,87,buy
SPY,1736934528373,400.18,21,sell
NVDA,1736934529322,500.81,75,sell
MSFT,1736934529652,299.51,3,buy
MSFT,1736934530181,298.06,6,buy
NVDA,1736934532700,501.62,65,buy
SPY,1736934532977,399.99,43,buy
TSLA,1736934533261,196.05,61,buy
TSLA,1736934533317,193.1,71,sell
AAPL,1736934533628,153.13,34,buy
NVDA,1736934533731,500.38,80,buy
MSFT,1736934534855,299.0,9,sell
MSFT,1736934534968,301.58,59,buy
SPY,1736934535141,399.81,78,buy
MSFT,1736934535382,297.67,42,buy
TSLA,1736934536122,196.54,38,sell
NVDA,1736934536230,500.62,30,sell
AAPL,1736934536288,152.39,6,buy
AAPL,1736934536727,151.87,14,sell
AAPL,1736934537018,152.22,21,sell
AAPL,1736934537514,150.57,84,sell
NVDA,1736934537549,502.77,98,sell
MSFT,1736934537721,298.6,37,buy
TSLA,1736934538766,197.02,61,buy
SPY,1736934539295,400.16,19,sell
SPY,1736934539452,399.66,78,sell
AAPL,1736934539530,151.66,96,buy
TSLA,1736934540509,198.06,80,buy
SPY,1736934540824,400.26,59,sell
MSFT,1736934542213,301.5,11,sell
NVDA,1736934542726,503.71,21,sell
MSFT,1736934542935,302.01,32,sell
AAPL,1736934543167,152.16,92,buy
MSFT,1736934543285,296.98,75,sell
AAPL,1736934543400,152.01,6,buy
NVDA,1736934543636,502.53,94,buy
TSLA,1736934546692,198.81,45,buy
NVDA,1736934547686,499.56,63,sell
TSLA,1736934548447,198.46,95,sell
TSLA,1736934548606,195.22,94,sell
NVDA,1736934549008,500.43,96,buy
NVDA,1736934549674,499.34,70,buy
SPY,1736934553771,399.42,93,sell
SPY,1736934555287,399.63,86,buy
MSFT,1736934555849,300.98,39,buy
SPY,1736934556395,399.76,13,buy
TSLA,1736934558150,198.26,45,buy
MSFT,1736934558381,300.1,91,buy
AAPL,1736934558831,152.53,27,buy
AAPL,1736934558986,151.93,59,sell
SPY,1736934559003,399.46,80,sell
AAPL,1736934559325,149.31,41,sell
AAPL,1736934559812,152.12,40,sell
AAPL,1736934560618,151.85,26,sell
MSFT,1736934560890,301.43,51,buy
MSFT,1736934561693,298.59,41,sell
TSLA,1736934562972,195.31,77,buy
SPY,1736934563230,399.37,8,buy
AAPL,1736934563610,151.59,14,buy
MSFT,1736934563635,298.64,71,sell
TSLA,1736934564155,195.28,45,buy
SPY,1736934564864,401.06,91,sell
MSFT,1736934565340,297.52,62,sell
AAPL,1736934565395,151.1,89,buy
TSLA,1736934565540,196.13,88,sell
MSFT,1736934566157,297.02,48,sell
NVDA,1736934568256,501.72,76,buy
TSLA,1736934568292,197.47,44,buy
NVDA,1736934568320,501.54,82,buy
MSFT,1736934569673,297.8,4,sell
SPY,1736934569904,399.44,88,sell
AAPL,1736934569937,153.25,34,sell
TSLA,1736934570445,195.39,79,sell
SPY,1736934570462,400.28,26,sell
NVDA,1736934570511,500.55,18,buy
NVDA,1736934571103,500.94,32,sell
AAPL,1736934571588,152.71,86,sell
TSLA,1736934571808,199.12,65,buy
MSFT,1736934572720,303.11,72,buy
AAPL,1736934573761,149.76,11,sell
SPY,1736934575424,401.04,45,sell
NVDA,1736934575527,499.97,46,sell
MSFT,1736934575857,300.16,24,sell
AAPL,1736934576761,150.98,93,buy
TSLA,1736934577677,195.21,61,buy
AAPL,1736934577689,149.87,70,buy
NVDA,1736934578125,499.51,6,buy
NVDA,1736934579273,499.87,81,sell
AAPL,1736934579650,152.77,54,buy
AAPL,1736934579733,151.76,36,buy
AAPL,1736934580278,151.99,4,buy
MSFT,1736934583853,297.77,31,buy
SPY,1736934584769,399.44,63,buy
MSFT,1736934585036,301.44,79,buy
TSLA,1736934586407,194.61,80,sell
TSLA,1736934586725,199.76,38,buy
MSFT,1736934588018,297.55,76,sell
MSFT,1736934588423,299.2,8,sell
MSFT,1736934588919,300.14,71,buy
TSLA,1736934589470,198.25,91,sell
NVDA,1736934589601,503.42,92,sell
NVDA,1736934589842,503.35,78,buy
AAPL,1736934589926,152.84,66,sell
NVDA,1736934589954,501.25,48,buy
SPY,1736934590871,399.68,31,sell
MSFT,1736934591234,297.78,54,sell
MSFT,1736934591454,296.83,23,buy
TSLA,1736934591454,199.88,8,buy
TSLA,1736934591503,196.06,89,sell
NVDA,1736934591758,502.55,76,sell
SPY,1736934593523,400.67,38,sell
TSLA,1736934594482,196.33,3,buy
TSLA,1736934595294,193.55,77,sell
AAPL,1736934595600,151.56,92,sell
TSLA,1736934595772,195.16,15,buy
SPY,1736934596090,399.13,20,sell
AAPL,1736934596107,149.72,69,sell
NVDA,1736934596344,501.83,64,buy
AAPL,1736934596892,150.77,20,buy
MSFT,1736934597333,302.12,34,buy
SPY,1736934598413,399.27,28,buy
MSFT,1736934599787,297.68,75,sell
NVDA,1736934600159,499.86,2,sell
NVDA,1736934601465,499.98,94,sell
MSFT,1736934601611,297.66,15,sell
SPY,1736934602921,399.54,91,buy
MSFT,1736934602960,296.72,86,buy
TSLA,1736934603179,199.18,49,sell
AAPL,1736934603887,152.72,48,sell
SPY,1736934604051,401.58,64,sell
NVDA,1736934604811,499.27,95,buy
NVDA,1736934605130,499.51,98,sell
SPY,1736934605372,399.7,62,buy
AAPL,1736934606108,152.05,87,sell
AAPL,1736934607049,149.74,61,sell
AAPL,1736934607182,151.75,5,buy
AAPL,1736934607923,152.69,91,buy
NVDA,1736934608328,501.14,23,sell
NVDA,1736934608563,499.92,80,sell
NVDA,1736934608978,503.53,37,buy
SPY,1736934609496,399.19,5,buy
NVDA,1736934609978,499.97,68,buy
SPY,1736934610436,399.53,57,buy
MSFT,1736934610719,299.43,47,buy
SPY,1736934611142,399.77,78,sell
NVDA,1736934611552,499.57,14,buy
AAPL,1736934611782,152.35,85,sell
NVDA,1736934612736,499.52,39,buy
TSLA,1736934612747,195.37,24,sell
TSLA,1736934613897,195.23,92,buy
NVDA,1736934613922,502.4,11,sell
AAPL,1736934613936,152.42,60,sell
NVDA,1736934614808,500.84,68,buy
MSFT,1736934615646,297.53,52,buy
AAPL,1736934615743,150.87,96,buy
MSFT,1736934616781,298.95,74,sell
TSLA,1736934616935,196.33,8,sell
NVDA,1736934617176,500.56,85,buy
SPY,1736934617525,398.95,29,buy
SPY,1736934617833,401.4,81,sell
TSLA,1736934618388,194.83,43,buy
MSFT,1736934618583,298.89,68,buy
NVDA,1736934619429,498.61,98,sell
AAPL,1736934619796,151.82,31,buy
MSFT,1736934619904,298.09,96,buy
NVDA,1736934620285,502.7,64,buy
NVDA,1736934620891,499.39,39,buy
NVDA,1736934622109,499.75,35,sell
SPY,1736934622133,401.64,91,sell
NVDA,1736934622696,501.29,94,buy
TSLA,1736934624129,195.4,72,sell
NVDA,1736934624203,499.57,40,buy
TSLA,1736934625913,194.07,6,sell
TSLA,1736934626254,198.69,53,buy
TSLA,1736934626462,199.38,19,buy
SPY,1736934626904,401.1,49,sell
NVDA,1736934627576,501.71,49,sell
SPY,1736934627651,400.3,9,sell
NVDA,1736934627737,499.75,60,buy
NVDA,1736934627745,499.2,84,sell
AAPL,1736934628906,152.45,16,sell
AAPL,1736934629120,151.55,22,sell
TSLA,1736934630310,194.4,67,sell
MSFT,1736934630718,298.76,41,sell
AAPL,1736934630760,151.85,36,buy
SPY,1736934631513,399.62,51,sell
NVDA,1736934631910,498.77,10,sell
AAPL,1736934634078,152.38,32,sell
MSFT,1736934634291,301.91,41,sell
NVDA,1736934634650,502.71,61,buy
MSFT,1736934635062,298.93,41,buy
MSFT,1736934635161,297.88,88,buy
AAPL,1736934635493,152.97,30,sell
TSLA,1736934636373,194.83,48,buy
TSLA,1736934637493,198.58,95,buy
SPY,1736934638425,399.73,93,buy
MSFT,1736934639748,302.23,63,buy
MSFT,1736934640023,298.59,10,buy
SPY,1736934640716,400.61,2,sell
AAPL,1736934641155,149.88,93,sell
SPY,1736934641513,398.95,92,sell
TSLA,1736934643029,198.51,4,buy
NVDA,1736934644671,499.28,63,buy
AAPL,1736934644732,149.35,39,sell
TSLA,1736934646495,198.22,21,buy
TSLA,1736934647111,198.82,73,buy
MSFT,1736934653071,299.35,30,sell
TSLA,1736934653345,199.59,90,sell
MSFT,1736934654552,302.28,69,sell
MSFT,1736934654596,298.08,57,buy
NVDA,1736934655507,503.24,41,sell
NVDA,1736934656203,499.53,71,sell
AAPL,1736934656513,153.18,15,sell
TSLA,1736934657865,195.52,26,buy
TSLA,1736934658228,198.55,84,buy
MSFT,1736934659529,299.46,86,buy
SPY,1736934662645,400.01,66,sell
SPY,1736934663333,401.17,77,buy
MSFT,1736934663394,298.63,51,buy
MSFT,1736934666162,300.23,82,sell
TSLA,1736934666367,198.64,92,buy
AAPL,1736934666967,149.89,77,sell
SPY,1736934667728,401.45,14,buy
NVDA,1736934667909,499.12,19,sell
NVDA,1736934668034,501.09,33,buy
TSLA,1736934668252,198.74,18,sell
AAPL,1736934668951,151.11,77,buy
AAPL,1736934668987,152.69,55,sell
MSFT,1736934669170,299.85,80,buy
AAPL,1736934669372,151.47,6,buy
AAPL,1736934670859,149.3,16,sell
AAPL,1736934672864,150.29,63,sell
MSFT,1736934673912,301.46,89,buy
SPY,1736934674423,399.76,12,sell
AAPL,1736934674818,152.04,81,sell
AAPL,1736934675629,152.11,36,buy
TSLA,1736934676877,197.78,89,buy
NVDA,1736934677764,502.54,18,sell
MSFT,1736934678096,299.09,88,buy
MSFT,1736934678535,296.88,74,sell
MSFT,1736934678863,296.91,94,buy
NVDA,1736934679183,501.32,48,buy
MSFT,1736934679481,300.27,1,sell
NVDA,1736934679573,501.5,68,sell
AAPL,1736934679777,150.1,23,sell
MSFT,1736934680127,297.68,85,sell
NVDA,1736934680299,500.4,50,buy
MSFT,1736934682584,296.58,88,buy
MSFT,1736934683373,298.58,49,buy
MSFT,1736934684370,297.38,83,sell
AAPL,1736934685649,152.28,68,buy
MSFT,1736934687470,299.21,45,buy
AAPL,1736934687654,149.27,95,buy
NVDA,1736934687723,499.73,56,sell
NVDA,1736934687756,500.47,63,sell
AAPL,1736934688910,153.25,99,buy
MSFT,1736934689771,298.29,11,buy
AAPL,1736934690084,150.5,20,sell
AAPL,1736934690291,150.46,56,sell
SPY,1736934690618,399.24,82,buy
SPY,1736934691475,401.64,31,sell
SPY,1736934691984,399.79,28,buy
SPY,1736934692481,400.89,60,sell
NVDA,1736934693534,498.74,37,buy
MSFT,1736934693619,299.16,47,sell
MSFT,1736934695435,299.04,11,buy
SPY,1736934695900,399.03,59,buy
NVDA,1736934695921,499.43,71,sell
MSFT,1736934696931,301.57,76,sell
NVDA,1736934698030,500.86,70,sell
AAPL,1736934698089,151.99,81,sell
NVDA,1736934699041,502.47,96,buy
AAPL,1736934699659,152.69,87,buy
TSLA,1736934700450,198.97,60,sell
AAPL,1736934701569,151.79,95,buy
AAPL,1736934702143,152.13,11,sell
SPY,1736934702514,399.74,99,buy
NVDA,1736934704016,501.78,32,sell
NVDA,1736934705220,501.16,35,sell
SPY,1736934705303,401.58,69,buy
NVDA,1736934705791,502.51,11,sell
TSLA,1736934706432,197.69,22,buy
TSLA,1736934706595,194.8,30,sell
MSFT,1736934706685,297.5,26,buy
MSFT,1736934707315,300.22,30,buy
MSFT,1736934707866,300.32,29,buy
AAPL,1736934709478,152.0,92,buy
TSLA,1736934709573,197.43,14,sell
AAPL,1736934709593,150.29,16,sell
SPY,1736934709686,399.82,92,buy
AAPL,1736934710246,151.25,29,sell
AAPL,1736934710666,152.07,31,sell
AAPL,1736934710822,150.32,85,buy
NVDA,1736934711911,502.0,49,buy
SPY,1736934712232,400.76,97,buy
AAPL,1736934713106,149.87,75,sell
SPY,1736934713355,399.03,9,sell
NVDA,1736934713388,499.68,42,buy
NVDA,1736934713778,502.13,48,buy
SPY,1736934714452,398.81,50,buy
MSFT,1736934717604,298.31,22,buy
AAPL,1736934717709,151.98,89,buy
MSFT,1736934718974,297.27,9,sell
SPY,1736934719514,400.2,28,buy
AAPL,1736934719641,152.12,69,sell
NVDA,1736934720940,502.61,59,buy
MSFT,1736934723569,297.67,2,buy
SPY,1736934723941,401.44,30,buy
SPY,1736934724833,399.81,94,buy
NVDA,1736934724863,501.25,5,buy
AAPL,1736934725306,149.81,47,sell
NVDA,1736934725461,500.54,75,buy
TSLA,1736934726017,198.37,8,sell
SPY,1736934726075,399.99,19,buy
SPY,1736934726917,398.82,38,sell
TSLA,1736934727556,197.53,47,sell
AAPL,1736934727708,149.66,97,sell
MSFT,1736934728179,302.27,24,buy
MSFT,1736934728650,303.04,35,sell
SPY,1736934729714,400.34,79,buy
TSLA,1736934730088,198.61,6,sell
AAPL,1736934730909,151.73,93,buy
AAPL,1736934731018,151.76,58,buy
MSFT,1736934731989,302.64,82,sell
AAPL,1736934733165,153.15,41,sell
SPY,1736934733308,400.21,45,buy
SPY,1736934734445,399.97,53,buy
AAPL,1736934734663,151.22,62,sell
NVDA,1736934735103,502.28,7,buy
SPY,1736934735482,399.77,83,buy
NVDA,1736934736642,501.94,31,buy
SPY,1736934737118,399.42,91,buy
NVDA,1736934737259,498.79,49,buy
AAPL,1736934737850,152.82,1,sell
SPY,1736934738411,399.75,28,buy
TSLA,1736934740622,194.9,32,buy
TSLA,1736934741329,197.99,96,buy
MSFT,1736934741718,299.1,83,buy
AAPL,1736934742231,152.03,100,sell
AAPL,1736934743394,151.69,86,buy
AAPL,1736934743650,151.81,94,sell
MSFT,1736934744190,299.46,23,sell
TSLA,1736934744795,198.07,19,sell
TSLA,1736934745663,194.71,53,sell
AAPL,1736934746176,151.93,85,buy
TSLA,1736934747173,195.15,84,sell
TSLA,1736934747488,196.51,69,sell
TSLA,1736934747614,198.44,38,buy
TSLA,1736934748057,193.67,43,buy
MSFT,1736934748182,298.2,55,buy
TSLA,1736934749178,197.61,33,sell
TSLA,1736934752543,195.06,60,sell
MSFT,1736934753249,299.6,98,sell
MSFT,1736934753792,300.91,63,buy
MSFT,1736934754433,298.88,26,buy
SPY,1736934755763,401.52,80,buy
NVDA,1736934755927,500.97,86,buy
SPY,1736934756301,401.26,64,buy
TSLA,1736934757527,197.0,35,sell
SPY,1736934757684,401.62,26,sell
MSFT,1736934757959,296.79,24,buy
AAPL,1736934758426,149.94,22,sell
AAPL,1736934760897,152.03,61,buy
NVDA,1736934761383,502.58,73,buy
SPY,1736934761724,399.36,33,buy
NVDA,1736934761969,499.18,32,sell
MSFT,1736934762752,300.23,85,sell
AAPL,1736934762961,151.87,48,sell
NVDA,1736934764082,498.67,13,buy
MSFT,1736934764367,297.38,54,buy
MSFT,1736934764579,299.3,15,sell
NVDA,1736934764680,502.88,10,sell
NVDA,1736934765820,502.25,38,sell
AAPL,1736934766841,150.08,22,sell
NVDA,1736934767489,501.75,31,sell
TSLA,1736934767718,195.41,87,sell
MSFT,1736934768787,299.7,49,sell
TSLA,1736934769086,198.58,14,buy
SPY,1736934769891,399.64,64,sell
TSLA,1736934770309,198.85,16,sell
NVDA,1736934772135,501.76,30,sell
SPY,1736934774046,400.83,72,sell
NVDA,1736934774356,501.78,52,sell
MSFT,1736934774761,298.96,93,buy
TSLA,1736934775377,200.12,53,sell
TSLA,1736934780675,198.7,59,buy
MSFT,1736934780724,303.23,51,buy
AAPL,1736934781342,149.15,25,buy
NVDA,1736934783139,500.56,4,sell
MSFT,1736934783566,299.72,34,buy
SPY,1736934783930,399.38,48,sell
SPY,1736934784329,400.35,81,buy
AAPL,1736934784563,150.9,37,buy
TSLA,1736934784624,195.69,77,buy
TSLA,1736934785940,195.98,88,sell
NVDA,1736934787372,499.39,52,sell
NVDA,1736934787840,500.65,52,sell
AAPL,1736934788005,151.95,13,sell
MSFT,1736934788848,299.16,28,sell
MSFT,1736934790711,301.08,93,sell
SPY,1736934790931,400.03,87,sell
TSLA,1736934792596,198.58,33,sell
AAPL,1736934793811,152.48,10,sell
AAPL,1736934793910,152.76,50,buy
NVDA,1736934794137,501.43,63,buy
SPY,1736934797307,399.12,2,buy
TSLA,1736934797482,195.28,57,buy
SPY,1736934798046,400.34,90,buy
SPY,1736934799018,399.39,96,sell
AAPL,1736934799779,150.11,49,buy
AAPL,1736934800023,151.0,87,buy
NVDA,1736934801529,501.62,74,sell
MSFT,1736934801799,301.01,4,sell
AAPL,1736934803552,152.73,13,sell
SPY,1736934803556,400.98,91,sell
MSFT,1736934803682,301.95,50,buy
TSLA,1736934804286,198.74,15,sell
NVDA,1736934804785,503.55,20,sell
SPY,1736934805367,399.45,27,buy
MSFT,1736934806228,297.02,39,buy
SPY,1736934807107,399.84,43,sell
SPY,1736934807830,400.3,39,sell
MSFT,1736934807880,299.02,27,sell
NVDA,1736934807902,503.59,8,buy
TSLA,1736934808269,195.84,85,sell
SPY,1736934808630,399.98,2,buy
SPY,1736934808879,399.91,83,buy
TSLA,1736934809264,196.37,75,buy
TSLA,1736934809719,196.97,77,sell
AAPL,1736934810026,152.18,58,buy
AAPL,1736934810253,150.45,21,sell
AAPL,1736934810753,152.16,76,sell
MSFT,1736934813009,299.09,14,buy
SPY,1736934813358,399.5,35,buy
TSLA,1736934813362,193.39,51,buy
MSFT,1736934814229,299.25,69,buy
AAPL,1736934814651,152.21,6,buy
AAPL,1736934814716,149.23,36,buy
SPY,1736934814841,400.45,99,sell
MSFT,1736934814895,298.14,92,buy
AAPL,1736934815169,152.0,82,buy
TSLA,1736934815409,197.15,43,buy
SPY,1736934815606,400.9,77,sell
MSFT,1736934815697,297.77,1,buy
MSFT,1736934816081,298.38,23,buy
NVDA,1736934816339,500.76,59,buy
NVDA,1736934816438,502.48,3,buy
NVDA,1736934816631,499.05,10,buy
TSLA,1736934817000,197.84,100,buy
NVDA,1736934817019,503.08,98,buy
MSFT,1736934817270,296.7,77,buy
AAPL,1736934817406,152.99,55,buy
AAPL,1736934817433,152.98,48,sell
SPY,1736934817696,400.12,100,buy
NVDA,1736934818587,501.65,74,sell
TSLA,1736934818819,200.02,53,buy
AAPL,1736934819194,151.69,34,sell
MSFT,1736934819355,299.19,34,buy
SPY,1736934820017,400.89,52,buy
TSLA,1736934820076,198.49,5,buy
AAPL,1736934820263,149.43,81,sell
MSFT,1736934820397,298.66,6,buy
AAPL,1736934822497,150.2,68,buy
AAPL,1736934823797,152.49,36,buy
NVDA,1736934824758,502.42,32,buy
SPY,1736934825073,399.63,14,buy
AAPL,1736934825287,149.84,14,buy
AAPL,1736934827465,150.59,95,buy
TSLA,1736934828570,198.35,20,sell
MSFT,1736934830229,301.07,71,sell
TSLA,1736934830727,195.23,15,buy
AAPL,1736934831006,153.26,17,sell
SPY,1736934832303,401.38,86,sell
TSLA,1736934833029,199.91,29,buy
MSFT,1736934833146,297.39,13,buy
NVDA,1736934833792,502.78,87,buy
NVDA,1736934834287,501.58,9,sell
MSFT,1736934834731,299.46,18,buy
NVDA,1736934834756,499.92,74,sell
NVDA,1736934834830,501.17,29,buy
NVDA,1736934835219,498.83,74,buy
SPY,1736934835496,400.56,29,sell
NVDA,1736934835875,499.77,37,sell
SPY,1736934836878,399.09,29,sell
SPY,1736934837570,399.25,23,sell
NVDA,1736934837663,501.59,3,sell
NVDA,1736934838142,500.07,32,sell
SPY,1736934838621,401.55,64,buy
TSLA,1736934838908,197.42,98,buy
AAPL,1736934842277,152.19,38,sell
MSFT,1736934843069,302.73,11,sell
SPY,1736934843195,399.24,19,buy
AAPL,1736934843292,151.04,72,buy
SPY,1736934843406,399.27,18,sell
AAPL,1736934844242,149.26,6,buy
TSLA,1736934845644,197.43,53,sell
SPY,1736934845701,400.62,72,sell
AAPL,1736934846775,150.49,16,buy
NVDA,1736934847039,501.86,73,sell
AAPL,1736934847106,150.95,6,buy
SPY,1736934848786,399.81,49,sell
SPY,1736934848853,400.74,89,sell
SPY,1736934849424,401.08,51,buy
SPY,1736934849679,400.4,36,sell
MSFT,1736934851011,301.37,93,buy
TSLA,1736934853516,198.63,60,buy
NVDA,1736934853956,503.95,36,buy
SPY,1736934854368,400.68,17,buy
TSLA,1736934855680,199.23,12,sell
SPY,1736934856104,399.9,93,buy
MSFT,1736934856184,298.87,74,buy
AAPL,1736934856532,151.88,94,sell
SPY,1736934857050,399.61,97,buy
TSLA,1736934857685,199.91,87,sell
AAPL,1736934859252,149.9,82,sell
TSLA,1736934859468,200.26,14,buy
SPY,1736934859817,400.44,52,sell
TSLA,1736934862450,197.31,38,buy
TSLA,1736934863454,193.23,66,buy
NVDA,1736934864197,501.47,40,buy
TSLA,1736934864867,199.81,1,buy
NVDA,1736934864991,501.69,9,buy
MSFT,1736934866059,296.84,100,buy
NVDA,1736934866625,502.8,46,buy
MSFT,1736934868216,300.63,68,buy
AAPL,1736934868394,150.35,13,buy
TSLA,1736934869954,195.01,73,sell
SPY,1736934869977,400.43,19,buy
TSLA,1736934872921,197.73,73,sell
MSFT,1736934874113,297.25,60,buy
NVDA,1736934874798,500.21,64,buy
MSFT,1736934875361,297.6,82,buy
MSFT,1736934875716,299.78,53,buy
NVDA,1736934876689,501.07,100,sell
MSFT,1736934876807,296.99,74,buy
AAPL,1736934876941,152.53,9,buy
TSLA,1736934878425,193.1,59,sell
TSLA,1736934878607,198.15,84,sell
MSFT,1736934878649,296.69,81,sell
MSFT,1736934878769,299.09,34,buy
TSLA,1736934879439,195.36,38,buy
NVDA,1736934880191,500.6,69,buy
TSLA,1736934880217,198.95,30,buy
SPY,1736934881489,400.98,100,sell
NVDA,1736934882204,502.3,44,buy
TSLA,1736934882888,197.51,76,sell
MSFT,1736934883480,300.18,54,sell
NVDA,1736934883643,503.1,66,buy
NVDA,1736934884590,500.81,6,buy
SPY,1736934885253,400.53,38,sell
MSFT,1736934887183,297.57,87,buy
SPY,1736934887288,400.56,16,buy
SPY,1736934887489,400.3,76,buy
TSLA,1736934889480,193.12,18,buy
NVDA,1736934889910,500.72,77,buy
AAPL,1736934890015,149.9,8,sell
SPY,1736934890610,400.8,90,sell
TSLA,1736934894515,196.43,55,sell
AAPL,1736934894830,150.91,91,sell
TSLA,1736934896544,193.75,53,buy
MSFT,1736934899602,301.35,38,buy
MSFT,1736934899668,302.8,40,sell
SPY,1736934900220,400.31,13,sell
TSLA,1736934901628,194.89,44,sell
NVDA,1736934901842,501.58,29,sell
NVDA,1736934902590,498.45,15,sell
MSFT,1736934903174,299.74,37,sell
MSFT,1736934903237,296.89,94,buy
SPY,1736934903482,399.68,95,sell
SPY,1736934905266,399.25,57,buy
SPY,1736934905483,400.46,91,sell
NVDA,1736934905507,502.74,77,sell
TSLA,1736934905590,194.89,32,sell
SPY,1736934906606,399.79,99,buy
SPY,1736934906995,398.7,22,sell
AAPL,1736934908083,150.53,89,buy
SPY,1736934908645,400.69,51,sell
TSLA,1736934908762,198.96,42,buy
TSLA,1736934909061,194.56,56,sell
TSLA,1736934909423,195.72,7,sell
AAPL,1736934909500,150.21,36,buy
NVDA,1736934910013,503.66,20,buy
AAPL,1736934911677,152.44,8,sell
SPY,1736934912636,399.66,90,buy
MSFT,1736934912926,298.65,30,buy
AAPL,1736934913361,150.31,55,buy
SPY,1736934914023,399.74,56,buy
NVDA,1736934914245,500.36,93,buy
NVDA,1736934914670,499.6,97,buy
MSFT,1736934914723,301.34,69,buy
AAPL,1736934915177,149.05,71,sell
NVDA,1736934916749,502.34,33,buy
AAPL,1736934916912,151.43,25,buy
AAPL,1736934917356,151.9,69,buy
NVDA,1736934918170,501.66,91,sell
TSLA,1736934918838,194.19,43,sell
AAPL,1736934919098,152.98,49,buy
MSFT,1736934919135,298.58,58,sell
SPY,1736934919418,400.56,27,buy
AAPL,1736934920081,150.65,45,buy
NVDA,1736934920288,498.59,2,buy
TSLA,1736934923063,198.74,42,buy
MSFT,1736934923855,298.64,30,sell
TSLA,1736934925114,198.67,1,buy
AAPL,1736934926196,150.09,16,sell
MSFT,1736934927244,296.86,84,buy
NVDA,1736934929626,503.48,47,sell
TSLA,1736934930294,195.98,86,buy
MSFT,1736934930656,299.02,6,sell
SPY,1736934930826,401.69,69,sell
NVDA,1736934930862,499.22,67,sell
AAPL,1736934930902,152.49,59,buy
MSFT,1736934931041,301.23,74,sell
SPY,1736934933057,399.13,21,buy
AAPL,1736934933613,152.21,68,buy
NVDA,1736934933782,500.25,32,buy
NVDA,1736934935184,501.32,21,buy
AAPL,1736934936686,152.48,28,buy
TSLA,1736934936779,194.85,86,sell
TSLA,1736934937773,196.28,62,buy
AAPL,1736934938378,149.46,71,sell
NVDA,1736934938392,499.09,29,sell
MSFT,1736934938731,298.19,4,sell
NVDA,1736934939213,499.67,74,buy
MSFT,1736934939408,301.96,29,sell
AAPL,1736934940169,151.27,18,sell
AAPL,1736934940313,152.3,25,buy
SPY,1736934940918,399.39,79,sell
MSFT,1736934941115,297.09,27,sell
NVDA,1736934941258,501.29,55,sell
AAPL,1736934942205,152.94,41,buy
MSFT,1736934943777,298.77,97,sell
AAPL,1736934944973,152.54,33,buy
SPY,1736934945148,399.57,99,sell
AAPL,1736934945396,152.92,12,sell
NVDA,1736934946483,502.75,55,sell
MSFT,1736934947236,296.79,18,sell
TSLA,1736934948123,199.47,89,buy
SPY,1736934948503,400.61,16,buy
TSLA,1736934948931,194.77,88,buy
SPY,1736934951237,399.69,2,buy
SPY,1736934951946,399.36,74,sell
SPY,1736934952059,400.51,49,sell
NVDA,1736934952101,502.78,49,buy
NVDA,1736934952250,502.29,60,sell
TSLA,1736934952648,195.37,95,sell
TSLA,1736934953532,195.26,59,buy
NVDA,1736934955334,502.72,13,buy
NVDA,1736934955462,501.34,10,buy
TSLA,1736934956448,195.05,8,sell
TSLA,1736934956467,199.33,16,sell
SPY,1736934956615,398.77,22,buy
TSLA,1736934957706,197.58,21,buy
NVDA,1736934957927,499.0,91,sell
MSFT,1736934959014,300.34,41,sell
SPY,1736934960925,399.38,34,sell
SPY,1736934962343,399.72,47,sell
NVDA,1736934962351,499.27,70,buy
SPY,1736934962973,400.48,11,sell
AAPL,1736934966071,152.5,91,buy
MSFT,1736934966395,299.21,64,sell
SPY,1736934966601,400.66,49,buy
SPY,1736934967065,400.66,67,sell
TSLA,1736934967877,199.58,35,sell
SPY,1736934968415,399.64,72,buy
AAPL,1736934968690,151.7,54,sell
AAPL,1736934968760,149.19,16,buy
TSLA,1736934969177,194.37,26,buy
NVDA,1736934969524,502.29,7,buy
MSFT,1736934969823,301.36,33,buy
AAPL,1736934970910,150.22,11,sell
NVDA,1736934971966,501.51,7,sell
MSFT,1736934972047,299.26,86,sell
AAPL,1736934972456,149.7,47,buy
MSFT,1736934973798,298.63,62,buy
SPY,1736934974269,401.71,95,sell
TSLA,1736934974697,198.57,39,buy
AAPL,1736934974883,149.91,31,buy
AAPL,1736934975401,149.78,45,buy
NVDA,1736934976345,500.59,66,sell
AAPL,1736934976740,152.27,92,buy
MSFT,1736934977025,297.16,75,sell
NVDA,1736934977949,501.48,72,buy
MSFT,1736934979405,297.02,76,sell
NVDA,1736934980171,501.56,68,buy
AAPL,1736934980495,152.31,65,buy
AAPL,1736934980736,149.41,7,buy
AAPL,1736934981627,151.84,100,sell
MSFT,1736934982719,299.28,24,sell
MSFT,1736934983193,296.92,16,buy
NVDA,1736934983626,499.61,99,buy
MSFT,1736934984812,299.38,47,buy
TSLA,1736934984958,199.7,99,sell
NVDA,1736934986061,502.82,25,buy
TSLA,1736934987182,199.26,41,sell
MSFT,1736934987425,296.93,41,buy
NVDA,1736934987662,501.57,96,sell
TSLA,1736934988218,199.84,32,buy
NVDA,1736934988413,500.11,14,sell
TSLA,1736934988485,198.6,64,sell
NVDA,1736934992423,501.67,31,buy
AAPL,1736934992486,151.53,80,sell
MSFT,1736934995432,299.39,77,sell
NVDA,1736934995445,500.0,89,buy
MSFT,1736934996008,299.3,23,buy
MSFT,1736934997097,303.02,48,buy
AAPL,1736934999121,150.4,79,sell
NVDA,1736934999142,502.66,66,buy
AAPL,1736934999571,151.65,6,buy
MSFT,1736934999837,300.66,15,buy
TSLA,1736935000242,197.03,6,sell
NVDA,1736935002128,499.72,29,sell
NVDA,1736935002165,502.79,36,sell
TSLA,1736935002741,199.24,14,sell
TSLA,1736935002888,195.5,31,sell
SPY,1736935004181,399.64,49,sell
AAPL,1736935004202,151.21,66,buy
SPY,1736935004465,401.09,94,buy
AAPL,1736935007461,151.88,76,buy
NVDA,1736935008384,501.67,45,sell
NVDA,1736935008397,498.67,22,sell
TSLA,1736935008631,195.54,71,buy
TSLA,1736935010103,198.43,80,buy
SPY,1736935010977,400.55,84,buy
MSFT,1736935011559,299.03,59,sell
AAPL,1736935011757,151.71,85,sell
AAPL,1736935013302,152.0,11,buy
TSLA,1736935013613,199.44,1,sell
SPY,1736935013693,400.35,79,buy
TSLA,1736935014562,200.23,79,sell
AAPL,1736935014596,152.26,36,sell
AAPL,1736935016812,152.34,16,buy
TSLA,1736935017568,195.82,35,buy
SPY,1736935017678,400.59,56,buy
AAPL,1736935017745,152.31,60,buy
SPY,1736935018819,399.44,13,buy
SPY,1736935020573,399.63,93,buy
AAPL,1736935021264,151.06,83,sell
NVDA,1736935021814,503.81,45,buy
MSFT,1736935021975,299.02,10,buy
MSFT,1736935022493,298.67,52,buy
MSFT,1736935025213,299.02,53,buy
AAPL,1736935025946,151.97,80,buy
AAPL,1736935028190,152.7,10,sell
SPY,1736935030227,399.64,77,buy
SPY,1736935032640,401.24,91,buy
MSFT,1736935033435,297.15,48,buy
NVDA,1736935033574,500.39,57,sell
NVDA,1736935035750,500.76,83,buy
NVDA,1736935036118,501.25,29,buy
MSFT,1736935036250,297.27,91,sell
AAPL,1736935036583,151.87,2,sell
AAPL,1736935039249,151.42,66,buy
AAPL,1736935040433,151.94,13,buy
NVDA,1736935041615,500.37,74,buy
MSFT,1736935043163,298.6,61,sell
AAPL,1736935044865,152.07,63,sell
SPY,1736935045218,399.56,23,buy
NVDA,1736935045344,500.89,97,buy
AAPL,1736935045655,152.29,8,sell
SPY,1736935045692,399.06,95,sell
AAPL,1736935046952,151.18,83,sell
NVDA,1736935047090,502.73,80,sell
MSFT,1736935048942,298.67,73,sell
SPY,1736935049315,400.62,13,buy
TSLA,1736935050183,198.2,55,buy
SPY,1736935050242,399.86,13,buy
NVDA,1736935050791,503.66,43,sell
NVDA,1736935051439,501.28,72,buy
AAPL,1736935053059,149.43,93,sell
MSFT,1736935053128,299.23,99,buy
MSFT,1736935053301,297.16,23,sell
AAPL,1736935054235,151.48,67,sell
NVDA,1736935054293,500.39,7,buy
TSLA,1736935054547,200.02,17,sell
AAPL,1736935055032,151.44,19,sell
NVDA,1736935055505,499.63,33,buy
MSFT,1736935056151,297.64,28,buy
AAPL,1736935056178,152.01,60,sell
SPY,1736935056191,398.78,63,sell
MSFT,1736935056859,298.48,35,sell
NVDA,1736935057346,502.63,66,sell
MSFT,1736935057946,300.18,73,sell
AAPL,1736935058157,149.12,59,buy
NVDA,1736935058352,499.37,50,buy
MSFT,1736935058353,299.03,62,buy
MSFT,1736935058737,299.68,80,sell
NVDA,1736935059504,502.58,98,buy
AAPL,1736935060344,152.01,92,sell
MSFT,1736935061101,298.25,3,buy
NVDA,1736935061345,499.19,16,sell
TSLA,1736935062633,198.57,83,sell
TSLA,1736935062762,195.5,67,buy
NVDA,1736935063065,499.81,28,buy
SPY,1736935063890,401.73,76,buy
MSFT,1736935064385,300.29,75,buy
SPY,1736935065295,399.83,76,sell
NVDA,1736935065869,499.24,66,sell
MSFT,1736935065969,296.71,48,buy
SPY,1736935067439,399.16,28,sell
SPY,1736935068562,399.91,88,buy
NVDA,1736935068657,499.19,67,buy
TSLA,1736935068708,194.48,69,sell
SPY,1736935068825,401.09,45,buy
NVDA,1736935070579,502.02,36,sell
SPY,1736935071044,400.02,63,buy
MSFT,1736935071720,301.35,63,buy
AAPL,1736935071907,152.36,50,buy
NVDA,1736935073071,499.41,14,buy
SPY,1736935073203,400.2,60,sell
NVDA,1736935073999,503.6,44,buy
AAPL,1736935074380,152.19,53,sell
AAPL,1736935074440,149.48,99,sell
TSLA,1736935075046,200.19,53,buy
SPY,1736935076971,399.45,38,sell
TSLA,1736935077610,197.22,86,buy
MSFT,1736935078508,302.04,19,buy
AAPL,1736935078641,149.21,67,sell
SPY,1736935078804,399.05,99,sell
NVDA,1736935079081,501.34,70,sell
MSFT,1736935080501,297.06,66,sell
SPY,1736935082098,401.24,80,sell
SPY,1736935082982,399.15,96,buy
AAPL,1736935084182,152.47,51,sell
AAPL,1736935084212,152.95,66,buy
SPY,1736935084846,400.49,84,sell
SPY,1736935085402,400.71,69,sell
MSFT,1736935085780,300.88,13,sell
AAPL,1736935086076,149.33,78,sell
MSFT,1736935086293,297.57,30,buy
TSLA,1736935087632,195.1,27,buy
MSFT,1736935087665,301.07,8,sell
NVDA,1736935089281,499.7,1,buy
TSLA,1736935089347,198.64,13,buy
SPY,1736935090012,399.31,12,buy
NVDA,1736935090029,501.83,54,buy
AAPL,1736935090037,150.91,2,buy
TSLA,1736935091759,198.83,18,buy
TSLA,1736935092031,198.55,16,buy
TSLA,1736935093648,198.24,23,buy
NVDA,1736935093806,500.44,18,sell
NVDA,1736935093815,502.47,28,sell
SPY,1736935093846,399.99,88,buy
MSFT,1736935094140,297.5,24,sell
TSLA,1736935094919,197.28,16,buy
NVDA,1736935095489,501.21,17,sell
MSFT,1736935095913,298.45,19,sell
AAPL,1736935096629,149.93,76,sell
SPY,1736935096697,399.87,48,buy
SPY,1736935096971,399.71,36,sell
AAPL,1736935097674,150.32,37,sell
NVDA,1736935098500,501.51,14,buy
SPY,1736935098513,398.98,27,buy
MSFT,1736935098545,297.06,16,sell
AAPL,1736935098710,150.28,80,buy
NVDA,1736935098717,500.63,65,sell
NVDA,1736935099029,499.61,69,sell
SPY,1736935100995,400.89,46,buy
TSLA,1736935101573,200.04,65,sell
AAPL,1736935101620,149.6,89,buy
SPY,1736935102723,399.43,79,sell
AAPL,1736935103090,151.8,56,sell
SPY,1736935103147,400.39,70,buy
MSFT,1736935103335,298.95,65,buy
SPY,1736935104831,400.68,10,buy
AAPL,1736935104914,152.4,41,sell
SPY,1736935105365,401.08,78,sell
AAPL,1736935105366,152.66,11,buy
MSFT,1736935106307,297.51,54,buy
SPY,1736935107442,400.4,13,buy
AAPL,1736935107991,149.38,36,buy
MSFT,1736935108932,297.83,57,sell
SPY,1736935109752,399.68,58,buy
AAPL,1736935110199,149.36,54,buy
SPY,1736935112845,400.55,32,buy
TSLA,1736935113725,195.49,3,sell
TSLA,1736935114320,194.06,31,buy
TSLA,1736935115553,198.01,49,buy
MSFT,1736935115564,296.88,96,sell
MSFT,1736935116326,301.4,93,sell
NVDA,1736935117176,503.83,89,buy
NVDA,1736935118141,501.66,84,sell
AAPL,1736935118176,149.72,85,sell
TSLA,1736935120228,195.45,85,buy
SPY,1736935121596,400.51,18,sell
SPY,1736935122034,400.16,15,sell
MSFT,1736935122209,297.62,51,sell
SPY,1736935122409,400.33,7,buy
SPY,1736935122815,401.53,41,buy
SPY,1736935123597,401.25,38,sell
AAPL,1736935125006,152.38,35,buy
SPY,1736935125136,399.33,56,sell
MSFT,1736935125539,301.36,78,buy
NVDA,1736935128397,502.15,45,sell
SPY,1736935128415,399.19,13,buy
NVDA,1736935128907,503.68,75,buy
NVDA,1736935129489,499.56,77,sell
MSFT,1736935129741,300.38,70,sell
AAPL,1736935130380,149.37,34,sell
TSLA,1736935131040,194.72,74,buy
SPY,1736935132312,401.14,64,buy
TSLA,1736935132453,200.0,51,sell
SPY,1736935132797,399.31,3,buy
MSFT,1736935133768,298.8,60,sell
SPY,1736935134010,401.15,12,sell
TSLA,1736935135053,198.71,17,sell
SPY,1736935135785,399.86,45,buy
AAPL,1736935136320,151.0,92,sell
TSLA,1736935137047,198.87,9,buy
NVDA,1736935137310,499.37,98,sell
TSLA,1736935137680,195.24,32,buy
SPY,1736935138793,400.27,97,sell
SPY,1736935139115,399.08,52,sell
SPY,1736935140978,400.5,31,buy
MSFT,1736935141355,301.4,32,sell
TSLA,1736935141639,194.95,11,sell
NVDA,1736935143934,503.23,9,buy
NVDA,1736935144907,500.64,99,buy
MSFT,1736935145603,297.34,38,buy
SPY,1736935145762,399.22,75,sell
AAPL,1736935146101,149.47,35,buy
AAPL,1736935146537,152.64,50,sell
MSFT,1736935147396,300.36,94,sell
AAPL,1736935147682,152.37,74,sell
TSLA,1736935148387,194.89,20,sell
TSLA,1736935149337,197.44,67,buy
NVDA,1736935151284,501.02,50,sell
SPY,1736935152319,400.87,57,sell
SPY,1736935153189,401.62,75,sell
NVDA,1736935154247,502.3,75,buy
NVDA,1736935154743,502.44,42,buy
AAPL,1736935154926,152.21,59,sell
NVDA,1736935155952,501.13,26,buy
MSFT,1736935157187,298.93,79,buy
MSFT,1736935157242,297.49,18,buy
TSLA,1736935157482,200.28,56,sell
SPY,1736935157765,399.1,14,buy
AAPL,1736935158533,152.64,21,sell
AAPL,1736935158597,151.7,67,sell
NVDA,1736935158759,502.61,38,buy
MSFT,1736935159180,297.17,19,sell
NVDA,1736935159771,501.32,17,buy
SPY,1736935160141,399.79,96,sell
AAPL,1736935160814,151.43,54,buy
AAPL,1736935161238,150.05,93,buy
SPY,1736935161902,399.27,57,buy
NVDA,1736935162497,499.65,15,buy
SPY,1736935162829,399.87,25,buy
TSLA,1736935163842,198.88,20,buy
MSFT,1736935166223,299.67,43,sell
AAPL,1736935166490,152.01,83,buy
MSFT,1736935166806,298.37,66,buy
AAPL,1736935166914,150.25,50,buy
MSFT,1736935167760,301.29,60,buy
AAPL,1736935168172,151.52,10,sell
SPY,1736935170073,400.66,39,buy
AAPL,1736935173233,150.84,18,sell
NVDA,1736935176205,501.64,83,sell
MSFT,1736935176582,302.46,15,sell
AAPL,1736935177365,151.45,4,buy
AAPL,1736935177949,151.74,60,sell
AAPL,1736935178664,150.01,23,sell
NVDA,1736935178832,500.62,68,buy
MSFT,1736935180650,297.6,48,buy
MSFT,1736935181335,297.17,74,buy
TSLA,1736935181763,194.73,42,sell
MSFT,1736935182134,297.29,19,sell
MSFT,1736935183440,299.74,69,sell
MSFT,1736935184694,300.1,25,sell
TSLA,1736935185561,198.16,73,buy
AAPL,1736935185662,152.25,27,buy
TSLA,1736935186143,195.35,47,buy
TSLA,1736935187280,198.23,53,sell
SPY,1736935189271,399.73,59,sell
AAPL,1736935189384,149.89,23,buy
NVDA,1736935189495,502.86,56,buy
NVDA,1736935190273,500.42,54,sell
SPY,1736935190318,399.84,24,buy
AAPL,1736935190865,149.84,90,buy
AAPL,1736935191427,152.66,83,buy
AAPL,1736935192162,149.52,29,buy
AAPL,1736935193252,151.1,70,buy
NVDA,1736935193271,502.87,62,sell
MSFT,1736935194136,297.39,35,buy
AAPL,1736935195134,149.69,52,buy
MSFT,1736935195984,300.06,51,sell
MSFT,1736935196711,297.16,31,sell
NVDA,1736935197202,500.06,46,sell
TSLA,1736935197340,195.27,40,sell
TSLA,1736935197820,198.35,41,sell
NVDA,1736935198088,499.62,82,sell
MSFT,1736935198333,301.04,18,sell
NVDA,1736935200799,501.46,18,buy
MSFT,1736935201031,297.45,50,sell
MSFT,1736935201154,301.64,98,buy
SPY,1736935201495,399.71,56,sell
MSFT,1736935203302,303.01,36,buy
NVDA,1736935204025,501.57,20,buy
SPY,1736935204128,400.74,68,buy
NVDA,1736935204732,503.78,15,sell
MSFT,1736935205139,297.72,89,sell
MSFT,1736935205931,298.8,13,buy
TSLA,1736935206135,195.16,75,sell
TSLA,1736935206345,195.41,55,sell
SPY,1736935206399,401.22,90,buy
TSLA,1736935206581,195.73,66,sell
NVDA,1736935206756,502.7,65,buy
AAPL,1736935207310,151.03,20,buy
NVDA,1736935207314,503.75,79,sell
TSLA,1736935207944,197.44,95,sell
TSLA,1736935208198,198.8,44,buy
SPY,1736935208315,400.96,66,sell
AAPL,1736935208508,152.03,65,sell
TSLA,1736935210405,195.67,25,buy
NVDA,1736935210449,502.68,68,buy
MSFT,1736935211060,298.34,22,buy
SPY,1736935213105,399.72,42,sell
AAPL,1736935213273,150.91,29,buy
SPY,1736935214478,399.6,22,sell
TSLA,1736935216014,195.68,63,sell
MSFT,1736935216064,299.39,42,buy
AAPL,1736935216269,153.0,100,sell
AAPL,1736935217686,149.91,87,buy
SPY,1736935217923,400.25,93,buy
MSFT,1736935218133,300.17,29,sell
MSFT,1736935218485,301.76,8,buy
SPY,1736935218581,399.51,61,buy
SPY,1736935218924,399.77,44,sell
NVDA,1736935219838,501.38,69,sell
NVDA,1736935220130,500.41,35,sell
NVDA,1736935220170,499.19,95,buy
NVDA,1736935222041,504.13,57,buy
NVDA,1736935222068,501.45,81,buy
TSLA,1736935222645,196.0,55,sell
SPY,1736935223224,399.84,84,sell
SPY,1736935226849,399.38,57,sell
AAPL,1736935228215,152.06,74,sell
NVDA,1736935231929,500.69,51,sell
SPY,1736935231965,400.74,58,sell
NVDA,1736935232272,499.54,86,buy
NVDA,1736935232463,499.63,20,sell
SPY,1736935232472,401.88,32,buy
NVDA,1736935233038,501.19,67,sell
AAPL,1736935233655,152.13,73,sell
SPY,1736935237246,400.57,43,buy
MSFT,1736935237626,301.78,89,buy
SPY,1736935237823,400.24,72,sell
SPY,1736935238139,400.99,85,sell
TSLA,1736935238157,199.51,62,sell
NVDA,1736935238853,500.7,24,sell
SPY,1736935239063,399.65,93,sell
AAPL,1736935239594,152.29,21,sell
NVDA,1736935239862,499.47,7,sell
TSLA,1736935241371,193.27,17,buy
MSFT,1736935242165,297.34,32,buy
AAPL,1736935242720,150.94,46,buy
MSFT,1736935243365,302.91,84,buy
NVDA,1736935243405,501.94,11,sell
TSLA,1736935243418,197.85,93,buy
TSLA,1736935248470,194.62,63,buy
SPY,1736935252199,399.31,98,sell
AAPL,1736935253087,151.98,53,buy
MSFT,1736935253170,296.85,26,buy
MSFT,1736935253359,296.8,99,buy
AAPL,1736935253595,149.64,19,sell
AAPL,1736935253931,151.9,53,sell
AAPL,1736935254615,149.95,20,buy
MSFT,1736935254725,299.88,81,buy
TSLA,1736935254820,193.08,36,sell
TSLA,1736935254942,199.24,46,buy
AAPL,1736935255319,152.52,69,buy
MSFT,1736935258645,301.27,79,sell
TSLA,1736935259430,195.57,50,sell
NVDA,1736935259559,501.34,31,buy
TSLA,1736935259699,195.45,49,sell
SPY,1736935260837,399.69,76,sell
NVDA,1736935261114,500.56,61,sell
NVDA,1736935262489,501.36,86,sell
MSFT,1736935263091,297.64,68,buy
MSFT,1736935263791,298.58,76,sell
MSFT,1736935263972,297.63,4,sell
SPY,1736935264009,399.78,5,sell
NVDA,1736935266321,499.48,28,sell
NVDA,1736935269300,499.06,95,buy
MSFT,1736935269724,299.19,45,sell
MSFT,1736935270606,299.8,44,buy
SPY,1736935270769,401.01,34,buy
NVDA,1736935271052,501.46,59,sell
SPY,1736935271457,400.69,48,buy
SPY,1736935272209,400.67,51,buy
TSLA,1736935272311,198.65,8,sell
AAPL,1736935272850,151.96,40,sell
SPY,1736935272926,399.56,34,sell
NVDA,1736935273007,500.7,44,buy
NVDA,1736935274494,500.23,87,buy
AAPL,1736935274579,150.3,74,sell
SPY,1736935275582,400.65,59,sell
NVDA,1736935277647,499.66,53,buy
MSFT,1736935277855,298.42,67,sell
SPY,1736935278927,399.61,44,buy
TSLA,1736935279252,194.68,20,buy
SPY,1736935279268,400.09,24,sell
AAPL,1736935279581,152.04,69,buy
MSFT,1736935281227,296.91,18,buy
NVDA,1736935281432,503.86,72,sell
MSFT,1736935281675,299.46,94,buy
NVDA,1736935283421,502.62,78,sell
AAPL,1736935285291,149.36,58,buy
TSLA,1736935285727,197.95,57,buy
TSLA,1736935286192,195.84,61,buy
SPY,1736935286242,400.18,73,buy
SPY,1736935287815,399.58,78,buy
AAPL,1736935289124,152.39,78,buy
SPY,1736935290348,399.71,86,sell
NVDA,1736935290798,501.25,13,sell
MSFT,1736935291119,299.85,93,buy
TSLA,1736935293844,198.69,68,sell
SPY,1736935295849,401.24,53,sell
TSLA,1736935296345,193.34,34,buy
NVDA,1736935296535,501.67,29,buy
SPY,1736935296647,398.81,66,sell
AAPL,1736935298204,151.69,1,sell
TSLA,1736935299014,199.38,63,buy
MSFT,1736935299199,296.75,95,sell
MSFT,1736935299360,298.68,97,sell
AAPL,1736935299479,151.61,12,sell
MSFT,1736935299522,303.18,63,sell
MSFT,1736935300542,302.59,62,sell
NVDA,1736935301382,501.97,30,sell
AAPL,1736935302929,152.47,90,sell
AAPL,1736935304324,149.35,42,sell
NVDA,1736935304837,500.41,9,sell
MSFT,1736935306360,299.68,8,sell
SPY,1736935306982,400.09,15,buy
NVDA,1736935308301,500.36,20,sell
NVDA,1736935308652,499.71,46,sell
TSLA,1736935309500,198.48,37,buy
AAPL,1736935309599,151.79,87,buy
NVDA,1736935310166,501.24,28,buy
AAPL,1736935311899,150.27,97,buy
TSLA,1736935312206,197.98,69,sell
TSLA,1736935312955,195.28,49,sell
TSLA,1736935312978,193.84,42,buy
TSLA,1736935314896,193.98,58,buy
MSFT,1736935315590,296.99,30,sell
NVDA,1736935315692,500.6,54,buy
NVDA,1736935315834,499.17,60,buy
NVDA,1736935318465,502.54,69,buy
MSFT,1736935319786,297.1,32,sell
AAPL,1736935320770,149.64,12,buy
NVDA,1736935321493,500.46,71,sell
MSFT,1736935322288,298.55,15,sell
AAPL,1736935323136,152.85,39,buy
TSLA,1736935324048,194.52,71,sell
NVDA,1736935325891,502.58,97,buy
TSLA,1736935326391,196.68,42,sell
SPY,1736935326935,400.65,90,buy
SPY,1736935327660,399.54,82,buy
NVDA,1736935327690,499.55,25,sell
MSFT,1736935328464,299.08,52,sell
TSLA,1736935329108,198.23,64,sell
NVDA,1736935329244,501.22,96,buy
AAPL,1736935331820,149.8,10,sell
TSLA,1736935332136,200.15,53,sell
NVDA,1736935332165,501.25,28,sell
SPY,1736935332605,399.74,13,sell
AAPL,1736935332817,152.62,59,sell
NVDA,1736935333129,503.78,11,buy
AAPL,1736935333182,149.63,76,sell
TSLA,1736935333183,198.57,57,buy
SPY,1736935333247,399.54,51,sell
AAPL,1736935333960,152.67,8,sell
MSFT,1736935334453,299.12,13,sell
NVDA,1736935335315,499.23,40,buy
AAPL,1736935336084,152.91,26,buy
SPY,1736935337787,398.86,9,sell
MSFT,1736935338335,301.99,54,buy
NVDA,1736935339152,502.61,23,buy
MSFT,1736935340078,297.82,82,sell
SPY,1736935341178,400.23,82,sell
MSFT,1736935341763,297.33,33,sell
MSFT,1736935342197,297.51,91,buy
MSFT,1736935343788,296.9,67,buy
SPY,1736935345109,399.99,18,sell
NVDA,1736935345356,502.66,38,buy
TSLA,1736935345524,195.7,55,sell
SPY,1736935346172,400.37,19,sell
TSLA,1736935346900,197.79,59,sell
NVDA,1736935349245,499.1,24,sell
TSLA,1736935349696,195.24,41,sell
SPY,1736935350363,400.34,45,buy
SPY,1736935350813,399.2,94,buy
NVDA,1736935351136,502.14,76,sell
AAPL,1736935352023,150.47,94,sell
AAPL,1736935352246,151.08,86,buy
MSFT,1736935353138,300.46,57,sell
SPY,1736935353416,401.16,33,buy
AAPL,1736935354698,151.12,20,buy
MSFT,1736935354821,298.7,48,sell
SPY,1736935355054,399.71,100,sell
MSFT,1736935355298,299.65,95,sell
SPY,1736935356698,400.65,2,buy
NVDA,1736935358029,503.53,39,buy
MSFT,1736935358184,297.82,68,sell
SPY,1736935358639,400.75,82,buy
AAPL,1736935359751,150.11,77,sell
AAPL,1736935363044,152.06,82,buy
AAPL,1736935364836,152.8,90,buy
AAPL,1736935365363,152.48,6,sell
MSFT,1736935365401,297.59,69,sell
SPY,1736935365477,400.43,13,sell
SPY,1736935365921,400.43,84,buy
MSFT,1736935366362,299.14,57,buy
NVDA,1736935366551,502.39,42,sell
NVDA,1736935366671,501.67,5,sell
TSLA,1736935369177,198.13,85,buy
SPY,1736935370234,399.46,30,sell
TSLA,1736935374103,200.08,14,buy
NVDA,1736935374144,502.32,36,sell
SPY,1736935374260,400.58,88,buy
SPY,1736935375759,399.9,7,sell
AAPL,1736935377724,151.92,51,buy
MSFT,1736935378232,299.52,13,sell
SPY,1736935379575,399.24,1,buy
AAPL,1736935379768,151.57,77,buy
AAPL,1736935380448,150.42,80,buy
MSFT,1736935382284,301.22,12,sell
NVDA,1736935384415,500.41,51,sell
TSLA,1736935388079,198.38,76,sell
TSLA,1736935388345,199.05,88,sell
MSFT,1736935388718,300.34,10,buy
AAPL,1736935389066,151.15,84,sell
SPY,1736935389125,399.22,66,buy
TSLA,1736935389472,195.34,38,buy
MSFT,1736935390055,302.91,35,sell
NVDA,1736935392499,501.51,44,buy
SPY,1736935394466,401.05,63,sell
MSFT,1736935394877,299.07,46,buy
TSLA,1736935395331,195.8,35,sell
AAPL,1736935395405,151.94,81,buy
SPY,1736935395904,399.96,84,buy
SPY,1736935397623,399.64,13,buy
AAPL,1736935398052,149.31,21,buy
NVDA,1736935398748,503.26,39,buy
AAPL,1736935399125,149.52,19,sell
SPY,1736935399776,401.62,89,buy
AAPL,1736935400560,152.19,67,buy
MSFT,1736935400985,299.14,100,buy
SPY,1736935402925,400.66,99,buy
MSFT,1736935405516,297.11,62,buy
AAPL,1736935405641,150.5,73,sell
TSLA,1736935406967,198.29,78,sell
SPY,1736935407448,399.58,26,sell
TSLA,1736935408924,195.74,73,sell
TSLA,1736935409532,195.65,7,sell
AAPL,1736935410150,151.32,53,buy
NVDA,1736935411956,503.31,52,sell
NVDA,1736935413058,501.82,78,sell
MSFT,1736935413151,299.4,28,sell
TSLA,1736935413294,199.98,7,sell
NVDA,1736935413921,500.46,18,buy
TSLA,1736935415692,198.48,67,sell
NVDA,1736935416765,499.57,53,sell
TSLA,1736935417133,195.6,15,buy
SPY,1736935417706,401.68,81,buy
SPY,1736935417847,400.67,44,buy
SPY,1736935417990,399.26,42,buy
MSFT,1736935418975,299.23,37,buy
AAPL,1736935420265,151.94,9,buy
MSFT,1736935420283,298.77,96,buy
TSLA,1736935421315,197.99,38,buy
AAPL,1736935423576,151.25,28,sell
TSLA,1736935425196,199.69,33,sell
MSFT,1736935429646,297.15,16,sell
NVDA,1736935430735,499.78,79,sell
MSFT,1736935431926,298.61,37,buy
NVDA,1736935431967,501.72,2,sell
TSLA,1736935432164,198.88,13,sell
AAPL,1736935432289,149.69,98,buy
AAPL,1736935432545,149.31,83,buy
NVDA,1736935433090,500.89,52,sell
TSLA,1736935433709,198.19,6,buy
TSLA,1736935434633,195.58,83,buy
AAPL,1736935435361,152.55,80,sell
NVDA,1736935435387,501.52,94,buy
MSFT,1736935435662,296.83,34,buy
AAPL,1736935436269,150.73,22,sell
MSFT,1736935436678,301.36,80,sell
AAPL,1736935437624,152.34,92,buy
NVDA,1736935437858,501.81,83,buy
NVDA,1736935439020,503.98,83,sell
MSFT,1736935439427,298.52,78,buy
TSLA,1736935439549,195.74,54,buy
SPY,1736935440467,399.73,84,sell
NVDA,1736935440502,498.7,25,sell
AAPL,1736935441496,149.73,75,buy
NVDA,1736935444203,499.3,34,sell
MSFT,1736935444454,299.33,72,sell
MSFT,1736935445245,297.65,9,sell
MSFT,1736935445845,299.44,85,buy
MSFT,1736935445990,296.96,83,sell
NVDA,1736935446928,504.11,71,buy
MSFT,1736935447615,297.7,53,buy
TSLA,1736935448470,200.1,42,buy
NVDA,1736935448901,501.06,93,sell
AAPL,1736935449373,152.7,21,buy
NVDA,1736935452811,499.59,61,buy
NVDA,1736935453038,503.56,70,buy
TSLA,1736935453834,198.49,35,buy
NVDA,1736935454960,500.36,42,buy
NVDA,1736935455258,501.23,74,sell
SPY,1736935456087,399.05,66,buy
NVDA,1736935456229,499.55,37,sell
NVDA,1736935456332,500.97,10,sell
MSFT,1736935457067,298.71,2,sell
MSFT,1736935457646,298.1,2,buy
NVDA,1736935458177,500.42,20,buy
NVDA,1736935460643,502.06,40,buy
SPY,1736935461608,400.24,65,buy
AAPL,1736935462343,152.39,88,sell
NVDA,1736935462573,500.32,33,buy
SPY,1736935463047,399.3,5,buy
NVDA,1736935463183,499.61,1,buy
MSFT,1736935464329,297.07,99,sell
NVDA,1736935465950,498.85,44,buy
NVDA,1736935466497,502.32,33,buy
NVDA,1736935468043,499.06,17,sell
NVDA,1736935468240,501.5,91,sell
TSLA,1736935468726,198.53,30,buy
SPY,1736935469290,400.6,13,buy
MSFT,1736935470201,297.16,31,sell
MSFT,1736935470528,299.18,27,sell
AAPL,1736935470919,150.64,76,buy
TSLA,1736935471050,195.24,4,buy
SPY,1736935471609,400.71,22,buy
AAPL,1736935471758,149.96,24,sell
SPY,1736935475109,399.11,4,buy
AAPL,1736935475960,152.91,56,sell
MSFT,1736935476091,301.7,36,buy
TSLA,1736935476136,193.2,75,sell
MSFT,1736935477819,300.32,15,buy
SPY,1736935477848,400.41,62,buy
MSFT,1736935478146,298.71,78,buy
TSLA,1736935478886,198.55,24,buy
SPY,1736935479155,401.03,26,sell
MSFT,1736935479175,296.47,17,sell
TSLA,1736935479869,197.66,83,buy
AAPL,1736935482363,152.13,68,buy
AAPL,1736935483811,149.28,3,buy
NVDA,1736935484763,501.34,10,buy
NVDA,1736935484850,500.73,50,sell
TSLA,1736935486183,197.14,29,buy
SPY,1736935486853,399.7,97,sell
SPY,1736935487755,400.3,67,sell
MSFT,1736935487807,297.5,35,sell
TSLA,1736935488890,196.95,40,buy
SPY,1736935489021,400.77,58,sell
SPY,1736935489324,400.56,65,sell
SPY,1736935489519,400.54,6,sell
MSFT,1736935489632,300.1,9,buy
TSLA,1736935489746,198.93,35,buy
TSLA,1736935492015,196.44,65,sell
MSFT,1736935492888,301.92,30,buy
TSLA,1736935492980,199.19,8,buy
TSLA,1736935493753,195.53,34,sell
TSLA,1736935495404,199.25,81,sell
SPY,1736935495461,399.49,87,sell
TSLA,1736935495839,198.18,29,buy
AAPL,1736935496374,150.94,6,sell
SPY,1736935497209,398.95,64,buy
AAPL,1736935497409,149.98,15,sell
SPY,1736935498769,399.41,51,buy
SPY,1736935500005,399.65,38,sell
SPY,1736935501695,399.95,83,sell
AAPL,1736935502060,149.7,95,sell
TSLA,1736935502697,199.58,21,sell
AAPL,1736935502733,150.67,28,sell
MSFT,1736935502895,298.98,33,buy
SPY,1736935504291,401.07,5,sell
AAPL,1736935504389,149.66,84,buy
MSFT,1736935504432,298.95,4,sell
AAPL,1736935505169,152.37,57,sell
AAPL,1736935505739,152.52,24,sell
AAPL,1736935505925,149.58,76,buy
AAPL,1736935506304,150.98,81,buy
AAPL,1736935507677,152.33,81,buy
TSLA,1736935510247,195.44,97,sell
AAPL,1736935511045,149.33,44,buy
MSFT,1736935511909,299.1,68,buy
MSFT,1736935512256,300.99,62,sell
MSFT,1736935512538,302.2,24,buy
MSFT,1736935512765,296.9,19,buy
SPY,1736935512932,401.37,70,buy
TSLA,1736935513698,199.89,8,sell
NVDA,1736935513890,500.46,5,buy
AAPL,1736935514269,152.49,41,sell
NVDA,1736935514364,502.82,8,sell
NVDA,1736935514414,501.76,89,buy
MSFT,1736935514600,300.93,93,buy
SPY,1736935515095,400.62,55,buy
SPY,1736935515671,400.74,81,sell
AAPL,1736935516158,153.26,16,buy
SPY,1736935516490,400.75,4,sell
MSFT,1736935516596,299.4,57,sell
TSLA,1736935517743,199.7,47,buy
MSFT,1736935517871,300.95,44,sell
AAPL,1736935518138,151.02,41,buy
AAPL,1736935518983,149.93,19,sell
NVDA,1736935519198,499.0,14,buy
MSFT,1736935520487,300.16,96,buy
AAPL,1736935520809,149.59,6,sell
TSLA,1736935521298,196.96,31,buy
SPY,1736935521687,399.39,51,buy
TSLA,1736935522469,194.82,2,sell
MSFT,1736935522954,299.1,44,buy
TSLA,1736935523076,199.22,32,buy
SPY,1736935523404,399.51,44,buy
SPY,1736935524024,400.91,11,sell
MSFT,1736935524903,299.39,46,buy
AAPL,1736935525195,152.68,18,sell
NVDA,1736935525566,503.75,52,buy
SPY,1736935525800,399.08,62,buy
TSLA,1736935525800,194.09,38,buy
SPY,1736935526571,400.41,70,buy
MSFT,1736935526921,297.34,23,buy
TSLA,1736935527690,195.47,9,sell
SPY,1736935527931,399.91,36,buy
TSLA,1736935528023,198.73,14,buy
NVDA,1736935528209,502.43,46,sell
AAPL,1736935528621,152.46,40,buy
SPY,1736935528827,399.53,61,sell
AAPL,1736935529836,149.91,66,buy
MSFT,1736935530560,301.69,27,buy
AAPL,1736935532571,152.77,48,sell
SPY,1736935532576,401.13,100,sell
TSLA,1736935532580,198.01,8,sell
NVDA,1736935532793,500.82,17,sell
MSFT,1736935532812,298.53,21,sell
SPY,1736935533049,401.68,11,sell
NVDA,1736935533741,502.64,71,buy
TSLA,1736935535267,198.71,51,buy
TSLA,1736935536014,198.37,85,buy
AAPL,1736935536711,149.39,23,sell
TSLA,1736935537532,198.19,3,buy
NVDA,1736935537533,499.24,69,sell
MSFT,1736935538420,300.47,54,sell
SPY,1736935539913,400.68,14,buy
SPY,1736935541196,399.21,41,sell
TSLA,1736935541440,195.43,77,sell
SPY,1736935541766,398.73,44,buy
SPY,1736935542384,401.03,29,buy
SPY,1736935542417,399.83,84,buy
SPY,1736935543128,400.21,53,sell
MSFT,1736935544501,300.1,52,sell
NVDA,1736935545918,501.78,30,sell
MSFT,1736935546490,298.22,74,sell
NVDA,1736935547690,501.82,16,sell
MSFT,1736935547807,298.99,59,buy
MSFT,1736935548304,302.14,3,sell
NVDA,1736935549124,503.25,22,buy
TSLA,1736935549573,199.64,70,buy
MSFT,1736935550799,300.25,60,buy
TSLA,1736935552215,195.07,31,buy
NVDA,1736935552823,501.58,33,buy
AAPL,1736935556657,152.68,78,sell
MSFT,1736935556779,300.22,23,buy
AAPL,1736935557404,149.38,19,sell
AAPL,1736935558138,149.25,9,sell
MSFT,1736935559228,297.48,61,sell
SPY,1736935559534,400.39,21,sell
AAPL,1736935559958,149.62,58,sell
AAPL,1736935560064,151.17,7,buy
AAPL,1736935560580,150.98,65,sell
NVDA,1736935560685,499.51,74,sell
TSLA,1736935560712,195.47,66,sell
AAPL,1736935560781,152.41,27,sell
TSLA,1736935561184,198.6,57,buy
NVDA,1736935561280,503.82,17,buy
NVDA,1736935564988,503.6,93,sell
SPY,1736935565330,398.93,34,buy
SPY,1736935565342,398.8,21,sell
NVDA,1736935565844,499.46,10,sell
AAPL,1736935565866,151.92,24,sell
AAPL,1736935567874,150.94,45,sell
TSLA,1736935567958,196.11,93,buy
MSFT,1736935568924,301.63,13,sell
TSLA,1736935571301,197.9,74,buy
NVDA,1736935571757,501.46,11,sell
MSFT,1736935571945,297.22,40,sell
NVDA,1736935572236,498.84,51,buy
MSFT,1736935572631,297.31,36,sell
SPY,1736935572784,401.09,51,sell
TSLA,1736935572861,194.97,26,buy
TSLA,1736935573338,198.69,98,sell
SPY,1736935574428,399.89,94,sell
SPY,1736935576910,398.76,66,buy
AAPL,1736935578066,151.9,92,buy
SPY,1736935580010,399.42,77,buy
SPY,1736935580113,401.45,47,sell
MSFT,1736935580302,300.14,16,buy
NVDA,1736935582544,500.39,31,sell
AAPL,1736935582974,150.21,8,buy
TSLA,1736935583613,196.39,32,buy
TSLA,1736935584238,195.08,46,sell
SPY,1736935584308,400.65,59,sell
SPY,1736935585059,400.74,68,sell
SPY,1736935586062,399.54,74,sell
NVDA,1736935587737,500.22,68,buy
SPY,1736935588888,398.77,45,sell
TSLA,1736935589212,197.47,8,sell
AAPL,1736935589267,152.72,77,buy
SPY,1736935589309,400.74,18,sell
TSLA,1736935590542,197.96,100,buy
NVDA,1736935590588,502.7,85,buy
MSFT,1736935590737,297.49,35,buy
AAPL,1736935591451,149.94,3,buy
TSLA,1736935592188,196.21,79,sell
NVDA,1736935592319,501.65,42,sell
MSFT,1736935593921,299.88,69,sell
AAPL,1736935594198,149.52,60,sell
SPY,1736935594525,400.93,86,buy
MSFT,1736935595259,301.27,38,sell
TSLA,1736935595419,197.62,97,buy
MSFT,1736935595565,300.87,45,sell
NVDA,1736935597296,500.85,83,sell
SPY,1736935597323,400.83,37,sell
AAPL,1736935599356,152.0,64,sell
SPY,1736935599710,401.09,6,sell
SPY,1736935600516,399.42,32,sell
MSFT,1736935602206,298.74,94,sell
NVDA,1736935602434,500.74,89,sell
MSFT,1736935603872,298.91,76,buy
NVDA,1736935604184,498.73,96,buy
TSLA,1736935604431,198.69,81,sell
NVDA,1736935605193,499.61,49,sell
NVDA,1736935606017,502.44,32,sell
MSFT,1736935607006,302.92,38,buy
TSLA,1736935607551,195.42,59,buy
MSFT,1736935607937,302.14,13,buy
TSLA,1736935608635,197.74,82,buy
MSFT,1736935608914,299.45,23,sell
NVDA,1736935609340,499.47,62,buy
SPY,1736935609503,399.17,11,sell
AAPL,1736935609982,152.57,2,sell
NVDA,1736935610066,503.45,9,sell
AAPL,1736935610152,150.86,90,buy
MSFT,1736935612471,297.72,98,buy
SPY,1736935612656,401.31,49,sell
NVDA,1736935615020,502.4,62,sell
NVDA,1736935615337,501.62,23,sell
AAPL,1736935615813,151.8,12,buy
AAPL,1736935616325,149.2,43,buy
MSFT,1736935616795,296.99,10,buy
SPY,1736935617287,399.65,26,buy
NVDA,1736935618658,499.23,37,buy
SPY,1736935620080,399.46,62,buy
NVDA,1736935620601,499.56,97,buy
MSFT,1736935621926,300.36,89,buy
TSLA,1736935623350,197.94,77,buy
TSLA,1736935625212,194.94,73,buy
MSFT,1736935625358,300.19,6,buy
SPY,1736935625684,400.1,21,sell
AAPL,1736935625702,151.68,3,buy
TSLA,1736935626036,194.93,21,sell
NVDA,1736935626785,503.66,41,sell
SPY,1736935626897,400.91,64,sell
NVDA,1736935627198,503.82,67,sell
MSFT,1736935627226,296.67,3,sell
TSLA,1736935627515,194.68,97,sell
AAPL,1736935630100,152.52,46,sell
NVDA,1736935630509,499.71,48,buy
SPY,1736935630793,400.93,27,buy
MSFT,1736935631292,298.88,12,sell
AAPL,1736935631682,152.59,41,sell
MSFT,1736935631767,299.78,70,sell
NVDA,1736935632047,499.53,24,buy
AAPL,1736935632547,150.32,13,sell
NVDA,1736935634457,502.06,31,buy
AAPL,1736935634975,151.46,97,sell
TSLA,1736935636339,198.95,87,buy
AAPL,1736935636764,149.98,62,buy
NVDA,1736935636802,502.83,53,buy
SPY,1736935637927,399.21,75,sell
AAPL,1736935638023,152.16,31,sell
SPY,1736935638078,401.48,15,buy
SPY,1736935638586,399.5,10,buy
SPY,1736935638806,399.2,66,sell
SPY,1736935638962,399.34,75,buy
NVDA,1736935640069,501.61,35,buy
MSFT,1736935641088,299.02,10,sell
NVDA,1736935641208,500.22,35,sell
AAPL,1736935643519,149.46,27,sell
NVDA,1736935643528,499.15,54,sell
TSLA,1736935643967,194.93,26,buy
AAPL,1736935644373,152.85,28,buy
AAPL,1736935644648,152.61,81,sell
SPY,1736935644676,398.85,49,sell
MSFT,1736935645122,297.57,1,buy
SPY,1736935647271,401.61,7,buy
AAPL,1736935647404,151.25,59,buy
AAPL,1736935648382,152.43,58,sell
NVDA,1736935649748,499.93,13,sell
MSFT,1736935649932,303.05,41,sell
TSLA,1736935650575,198.65,82,buy
AAPL,1736935651313,152.83,91,buy
SPY,1736935652441,400.81,27,buy
AAPL,1736935653023,149.72,85,buy
TSLA,1736935653038,195.13,44,buy
TSLA,1736935653902,194.68,75,sell
SPY,1736935654120,399.18,9,sell
AAPL,1736935655270,149.5,35,sell
MSFT,1736935655369,297.13,86,buy
TSLA,1736935655970,193.91,15,sell
TSLA,1736935656047,195.29,77,sell
TSLA,1736935656210,193.7,72,buy
TSLA,1736935657165,199.07,67,sell
MSFT,1736935657768,298.94,98,sell
AAPL,1736935658218,151.91,62,buy
TSLA,1736935658436,198.88,37,sell
TSLA,1736935658806,198.94,81,sell
AAPL,1736935659110,149.55,40,sell
SPY,1736935660043,399.85,64,buy
MSFT,1736935661115,298.61,42,sell
NVDA,1736935661774,501.06,47,buy
MSFT,1736935662237,303.04,21,buy
TSLA,1736935663331,194.83,43,sell
SPY,1736935663822,400.25,34,buy
NVDA,1736935664141,500.42,50,sell
AAPL,1736935664712,150.37,8,sell
TSLA,1736935666465,198.79,62,sell
TSLA,1736935667284,200.2,41,sell
AAPL,1736935668639,150.48,38,buy
TSLA,1736935669849,194.78,37,sell
NVDA,1736935670143,499.57,34,buy
NVDA,1736935670538,503.62,11,buy
AAPL,1736935670542,152.23,10,buy
NVDA,1736935670990,502.25,93,sell
SPY,1736935671584,399.18,63,sell
AAPL,1736935671797,151.61,73,buy
AAPL,1736935671857,149.7,28,sell
SPY,1736935672064,400.64,3,sell
TSLA,1736935672989,200.37,91,sell
AAPL,1736935673672,149.41,83,buy
MSFT,1736935675646,296.82,65,buy
TSLA,1736935675691,198.72,98,sell
SPY,1736935676205,400.72,57,buy
SPY,1736935677146,399.77,23,buy
TSLA,1736935677493,196.49,59,sell
TSLA,1736935678661,195.09,18,buy
AAPL,1736935679208,153.08,46,buy
AAPL,1736935679565,152.49,87,sell
AAPL,1736935679989,152.43,97,sell
SPY,1736935680770,400.43,10,buy
MSFT,1736935680829,297.12,44,buy
NVDA,1736935682026,499.22,19,buy
MSFT,1736935684932,301.86,53,sell
AAPL,1736935687519,149.45,79,buy
AAPL,1736935689469,150.5,55,sell
TSLA,1736935690940,195.37,2,sell
AAPL,1736935692961,150.36,4,sell
TSLA,1736935693973,199.77,9,buy
MSFT,1736935695133,301.03,63,buy
TSLA,1736935695387,195.35,6,buy
TSLA,1736935696305,194.95,74,sell
SPY,1736935696306,401.71,91,sell
AAPL,1736935696692,150.06,86,sell
TSLA,1736935697048,197.01,74,buy
MSFT,1736935697140,297.39,92,sell
NVDA,1736935697270,504.21,87,sell
MSFT,1736935698497,300.1,9,sell
TSLA,1736935698652,198.67,10,sell
MSFT,1736935698951,298.98,62,buy
MSFT,1736935700826,298.62,67,buy
AAPL,1736935702493,152.23,7,sell
SPY,1736935702909,401.59,60,buy
MSFT,1736935703060,301.86,15,buy
AAPL,1736935703270,149.6,57,buy
AAPL,1736935703708,151.36,4,sell
SPY,1736935704242,400.01,100,buy
AAPL,1736935704974,150.95,84,sell
NVDA,1736935705184,500.6,59,buy
NVDA,1736935705629,500.9,75,sell
MSFT,1736935706258,303.22,20,buy
SPY,1736935707620,400.56,12,sell
SPY,1736935708192,399.88,76,sell
AAPL,1736935709371,152.39,34,buy
MSFT,1736935709390,298.92,19,buy
NVDA,1736935709444,502.35,76,sell
MSFT,1736935710039,298.1,20,sell
SPY,1736935712952,399.52,44,sell
SPY,1736935712974,400.54,56,buy
NVDA,1736935714518,502.57,27,buy
NVDA,1736935715568,501.85,63,sell
MSFT,1736935715763,301.41,66,buy
SPY,1736935715786,401.54,3,buy
MSFT,1736935716044,299.29,26,buy
NVDA,1736935717144,501.52,59,buy
TSLA,1736935717508,195.42,42,sell
TSLA,1736935717834,199.72,59,buy
MSFT,1736935718388,296.87,38,sell
TSLA,1736935719166,196.08,74,sell
TSLA,1736935719305,193.4,50,sell
MSFT,1736935719555,299.01,10,buy
SPY,1736935720255,399.32,18,buy
NVDA,1736935721133,500.03,69,sell
MSFT,1736935725367,299.88,48,sell
AAPL,1736935725415,152.26,72,sell
NVDA,1736935726492,499.5,94,sell
TSLA,1736935727216,199.83,59,sell
AAPL,1736935730285,149.89,27,sell
MSFT,1736935730442,299.53,20,sell
TSLA,1736935731892,195.47,45,buy
MSFT,1736935731959,299.17,15,sell
NVDA,1736935734566,501.68,43,sell
SPY,1736935734708,399.41,53,sell
AAPL,1736935735134,152.27,70,buy
NVDA,1736935735509,504.08,100,buy
NVDA,1736935736454,502.86,67,buy
SPY,1736935739112,399.71,75,buy
MSFT,1736935739130,297.41,23,sell
SPY,1736935740595,401.16,54,sell
NVDA,1736935742982,500.0,87,buy
TSLA,1736935744060,193.38,39,sell
TSLA,1736935744429,196.07,64,sell
TSLA,1736935744675,196.02,85,buy
AAPL,1736935745030,150.49,57,sell
NVDA,1736935745838,502.85,72,buy
MSFT,1736935746362,297.37,91,sell
AAPL,1736935746733,152.08,44,buy
TSLA,1736935746829,195.26,75,sell
AAPL,1736935747150,151.85,69,buy
AAPL,1736935747750,151.81,4,sell
NVDA,1736935748958,500.42,46,buy
TSLA,1736935750376,195.33,70,buy
SPY,1736935750994,399.9,80,buy
NVDA,1736935751996,498.95,34,buy
TSLA,1736935752657,199.18,85,buy
MSFT,1736935753762,299.12,54,buy
MSFT,1736935753882,302.27,83,sell
SPY,1736935755935,401.26,60,sell
NVDA,1736935756740,500.34,72,buy
SPY,1736935757599,399.82,28,buy
TSLA,1736935759062,198.49,51,sell
NVDA,1736935762736,503.18,27,sell
SPY,1736935763780,399.33,16,buy
TSLA,1736935764274,198.41,34,buy
NVDA,1736935765982,500.61,43,sell
MSFT,1736935766007,301.72,27,sell
NVDA,1736935766588,499.07,46,sell
MSFT,1736935768312,299.67,7,buy
SPY,1736935768530,400.11,19,buy
NVDA,1736935770037,502.93,8,buy
TSLA,1736935771395,199.39,77,buy
SPY,1736935771563,400.69,77,sell
TSLA,1736935771577,195.71,85,sell
AAPL,1736935771956,151.58,76,buy
NVDA,1736935772019,499.98,29,sell
SPY,1736935772641,400.62,36,buy
AAPL,1736935773185,150.83,24,sell
AAPL,1736935773948,149.74,20,buy
AAPL,1736935774498,152.57,84,buy
SPY,1736935774909,399.66,60,buy
MSFT,1736935776826,297.34,80,sell
MSFT,1736935777437,301.78,56,buy
AAPL,1736935778420,149.67,3,sell
MSFT,1736935778520,297.47,21,sell
NVDA,1736935779666,501.29,85,buy
TSLA,1736935780249,195.01,56,sell
SPY,1736935780355,399.53,31,buy
AAPL,1736935781476,152.48,69,buy
AAPL,1736935784675,149.51,17,sell
NVDA,1736935785790,499.85,95,sell
MSFT,1736935786059,296.91,34,buy
AAPL,1736935786294,150.23,13,buy
MSFT,1736935786502,297.02,49,buy
AAPL,1736935787237,150.46,55,sell
MSFT,1736935788075,302.1,61,buy
TSLA,1736935790876,199.15,18,buy
TSLA,1736935791633,195.64,23,sell
AAPL,1736935791988,152.12,22,sell
AAPL,1736935794320,151.84,82,sell
NVDA,1736935794576,499.42,5,sell
MSFT,1736935795053,299.16,25,buy
NVDA,1736935795115,499.66,40,sell
MSFT,1736935797294,296.84,44,buy
AAPL,1736935799652,149.81,84,buy
AAPL,1736935800706,149.25,68,sell
NVDA,1736935801770,499.88,30,buy
NVDA,1736935802112,501.63,89,sell
SPY,1736935802478,399.38,71,buy
MSFT,1736935804750,297.61,81,sell
MSFT,1736935805872,297.28,44,sell
MSFT,1736935806949,298.39,64,buy
SPY,1736935807144,400.76,8,buy
TSLA,1736935809103,196.01,9,buy
AAPL,1736935810476,152.2,60,sell
NVDA,1736935812439,500.22,64,buy
SPY,1736935812564,400.93,97,sell
AAPL,1736935813371,149.63,99,buy
TSLA,1736935813908,199.69,57,buy
NVDA,1736935814359,501.68,87,buy
MSFT,1736935814536,298.2,81,sell
MSFT,1736935814752,300.87,19,buy
AAPL,1736935815458,153.34,54,buy
NVDA,1736935816641,500.53,99,sell
SPY,1736935817175,399.61,97,sell
AAPL,1736935817213,151.0,18,buy
TSLA,1736935817881,195.39,70,sell
MSFT,1736935818534,301.32,78,sell
MSFT,1736935818630,298.53,6,buy
MSFT,1736935819731,297.49,41,sell
MSFT,1736935820182,297.02,67,sell
AAPL,1736935820218,151.68,72,buy
TSLA,1736935820288,193.66,80,buy
SPY,1736935823242,401.15,71,buy
TSLA,1736935823430,195.19,93,sell
MSFT,1736935827160,297.32,26,sell
TSLA,1736935827403,197.25,46,buy
SPY,1736935827491,400.25,42,sell
TSLA,1736935828289,198.63,48,sell
NVDA,1736935829633,502.5,30,buy
TSLA,1736935830462,195.48,15,buy
NVDA,1736935831259,501.28,58,buy
NVDA,1736935831395,501.44,57,buy
TSLA,1736935832662,195.22,50,buy
AAPL,1736935833424,151.51,35,buy
AAPL,1736935834354,151.66,65,buy
NVDA,1736935835078,502.2,38,buy
MSFT,1736935836919,296.54,18,buy
TSLA,1736935836956,195.6,97,buy
TSLA,1736935837003,195.31,59,sell
TSLA,1736935837468,199.68,32,buy
NVDA,1736935837706,499.39,32,sell
NVDA,1736935839334,502.72,43,buy
AAPL,1736935840518,152.82,58,buy
TSLA,1736935841862,193.22,38,buy
TSLA,1736935843926,198.71,75,buy
TSLA,1736935844695,198.93,3,buy
NVDA,1736935845604,502.08,14,sell
NVDA,1736935846710,498.68,85,sell
TSLA,1736935847453,195.15,21,sell
TSLA,1736935847712,199.87,34,buy
TSLA,1736935847940,198.72,20,sell
TSLA,1736935848065,195.57,41,sell
TSLA,1736935848158,200.09,50,sell
AAPL,1736935848258,149.62,88,sell
NVDA,1736935849372,499.99,90,sell
AAPL,1736935849429,152.93,78,buy
TSLA,1736935850789,196.02,23,sell
MSFT,1736935852624,297.32,7,sell
NVDA,1736935852988,503.65,37,buy
MSFT,1736935853349,299.0,2,sell
TSLA,1736935853349,193.13,38,buy
AAPL,1736935853608,151.82,63,buy
AAPL,1736935853749,151.89,37,sell
TSLA,1736935854642,195.39,9,buy
SPY,1736935854979,399.82,29,buy
TSLA,1736935855459,197.61,88,buy
NVDA,1736935855583,501.57,3,sell
NVDA,1736935856617,500.73,64,sell
MSFT,1736935856793,303.0,92,sell
SPY,1736935856899,399.37,27,sell
TSLA,1736935858167,194.6,78,buy
TSLA,1736935858961,198.66,69,sell
AAPL,1736935858997,152.94,79,buy
NVDA,1736935861175,504.01,4,sell
MSFT,1736935861907,301.54,76,sell
MSFT,1736935862276,301.86,28,sell
NVDA,1736935862311,499.19,48,buy
NVDA,1736935863082,501.57,73,sell
AAPL,1736935863098,150.32,79,sell
SPY,1736935863316,398.92,83,sell
SPY,1736935864269,399.12,50,buy
TSLA,1736935864272,195.89,100,sell
TSLA,1736935864591,198.39,83,buy
AAPL,1736935865187,149.46,53,buy
SPY,1736935865247,399.7,61,buy
TSLA,1736935865371,198.15,99,buy
MSFT,1736935865670,298.66,76,buy
TSLA,1736935866092,193.23,77,buy
MSFT,1736935867244,300.69,22,buy
MSFT,1736935868788,301.98,58,buy
MSFT,1736935869061,298.92,95,buy
AAPL,1736935869157,149.97,61,sell
SPY,1736935869720,399.84,86,sell
NVDA,1736935873327,499.1,35,sell
SPY,1736935873456,400.42,93,buy
SPY,1736935873903,400.66,53,buy
NVDA,1736935873936,502.13,5,buy
AAPL,1736935874072,151.24,34,sell
TSLA,1736935874926,195.01,95,buy
AAPL,1736935875419,150.68,3,sell
SPY,1736935877021,401.1,61,buy
NVDA,1736935878095,503.12,47,buy
AAPL,1736935879688,152.75,73,buy
AAPL,1736935879721,152.12,60,sell
NVDA,1736935880811,502.5,2,sell
AAPL,1736935881218,151.9,58,sell
MSFT,1736935881358,301.27,35,buy
TSLA,1736935881897,198.56,75,sell
NVDA,1736935882412,501.6,32,buy
SPY,1736935882520,399.58,36,buy
SPY,1736935882628,399.29,49,sell
TSLA,1736935882816,196.4,84,sell
MSFT,1736935884311,296.95,100,buy
MSFT,1736935884571,299.11,52,sell
AAPL,1736935886030,150.88,34,buy
AAPL,1736935886812,151.63,45,buy
SPY,1736935886967,399.56,69,buy
AAPL,1736935888959,150.16,40,sell
SPY,1736935889429,401.48,19,sell
NVDA,1736935892644,500.63,46,sell
TSLA,1736935892847,195.35,85,buy
AAPL,1736935892938,149.78,88,sell
AAPL,1736935893998,152.35,49,buy
AAPL,1736935894576,152.55,91,sell
NVDA,1736935896204,501.38,55,sell
MSFT,1736935896532,300.47,56,buy
NVDA,1736935899609,501.84,34,buy
NVDA,1736935899997,503.52,54,buy
SPY,1736935900504,398.79,18,buy
NVDA,1736935900903,501.58,53,buy
AAPL,1736935901569,152.29,95,buy
AAPL,1736935902991,152.28,38,buy
AAPL,1736935903459,152.71,4,sell
TSLA,1736935903986,196.25,90,sell
AAPL,1736935904968,150.21,14,sell
TSLA,1736935905041,198.32,85,buy
TSLA,1736935905134,197.37,36,buy
SPY,1736935906036,400.64,95,sell
AAPL,1736935906593,150.19,60,buy
AAPL,1736935907342,151.66,95,buy
NVDA,1736935908826,499.89,95,sell
MSFT,1736935910622,298.96,43,buy
NVDA,1736935910845,501.78,38,sell
SPY,1736935911172,400.86,43,sell
SPY,1736935911379,399.4,48,buy
NVDA,1736935911497,498.98,90,sell
NVDA,1736935911801,504.26,48,sell
NVDA,1736935912461,502.8,60,sell
NVDA,1736935913116,501.22,25,buy
NVDA,1736935913278,501.05,52,buy
NVDA,1736935914134,501.35,7,buy
MSFT,1736935914894,298.76,100,sell
NVDA,1736935915680,500.24,16,sell
MSFT,1736935916805,296.97,48,sell
MSFT,1736935916898,297.7,2,sell
NVDA,1736935917141,502.81,97,sell
SPY,1736935918500,399.02,58,sell
SPY,1736935919642,399.56,87,buy
NVDA,1736935919648,499.59,63,sell
TSLA,1736935919960,199.28,38,buy
MSFT,1736935920545,299.08,42,sell
SPY,1736935921245,401.13,2,buy
SPY,1736935922098,401.63,46,buy
AAPL,1736935922854,150.14,98,buy
TSLA,1736935923097,200.03,6,buy
NVDA,1736935924084,503.52,36,sell
MSFT,1736935924099,298.98,14,buy
TSLA,1736935924269,195.67,78,buy
SPY,1736935926631,398.76,95,sell
SPY,1736935926982,400.53,32,sell
SPY,1736935928684,400.2,91,buy
MSFT,1736935929202,302.74,22,sell
SPY,1736935929288,399.55,69,sell
SPY,1736935929948,399.41,94,sell
SPY,1736935930266,399.76,15,sell
MSFT,1736935931701,298.38,93,sell
TSLA,1736935933361,198.32,15,sell
SPY,1736935933957,400.49,60,sell
MSFT,1736935934109,299.39,63,buy
SPY,1736935934737,399.75,15,sell
AAPL,1736935936397,152.53,38,buy
TSLA,1736935938097,197.84,22,buy
TSLA,1736935939645,198.53,40,sell
TSLA,1736935940065,198.65,44,sell
TSLA,1736935940220,197.94,1,buy
AAPL,1736935940372,150.4,48,buy
SPY,1736935940754,399.73,88,sell
AAPL,1736935941457,152.8,27,buy
SPY,1736935941714,398.77,97,sell
TSLA,1736935942353,195.72,20,buy
NVDA,1736935943448,503.48,96,buy
MSFT,1736935943510,300.08,35,buy
SPY,1736935943572,401.62,37,buy
NVDA,1736935944165,501.52,27,buy
AAPL,1736935946124,152.8,29,sell
SPY,1736935946710,401.27,21,sell
AAPL,1736935947030,150.63,30,sell
AAPL,1736935947637,152.72,24,buy
NVDA,1736935948301,500.88,25,sell
SPY,1736935949934,399.06,92,sell
AAPL,1736935950062,151.57,94,sell
TSLA,1736935950728,193.38,7,buy
NVDA,1736935950805,500.66,40,buy
TSLA,1736935951219,196.25,98,sell
TSLA,1736935951466,193.05,100,buy
AAPL,1736935953539,149.52,53,buy
NVDA,1736935953916,502.35,47,sell
TSLA,1736935956095,193.5,21,sell
SPY,1736935957053,401.24,12,sell
SPY,1736935957645,400.82,72,sell
SPY,1736935958104,399.57,59,sell
MSFT,1736935959254,297.67,48,sell
TSLA,1736935959407,199.35,69,buy
SPY,1736935960418,400.55,83,sell
AAPL,1736935960735,151.64,22,sell
AAPL,1736935960843,152.09,82,sell
MSFT,1736935961721,300.29,94,sell
TSLA,1736935962928,195.19,14,sell
NVDA,1736935963095,501.14,11,sell
MSFT,1736935963219,298.18,81,sell
MSFT,1736935963434,298.17,64,buy
NVDA,1736935964279,500.03,11,sell
NVDA,1736935964446,502.7,18,sell
NVDA,1736935965032,499.25,54,sell
AAPL,1736935965461,152.12,25,buy
NVDA,1736935966881,502.22,47,sell
NVDA,1736935967214,499.38,48,sell
MSFT,1736935967270,298.8,4,buy
TSLA,1736935968103,194.97,25,buy
SPY,1736935969707,400.85,54,buy
NVDA,1736935969743,500.5,8,buy
MSFT,1736935970057,298.95,16,sell
AAPL,1736935970642,151.16,12,buy
TSLA,1736935970828,195.49,2,sell
SPY,1736935971127,400.1,94,buy
TSLA,1736935973328,194.86,88,buy
SPY,1736935973476,401.33,43,buy
MSFT,1736935973879,299.37,72,sell
MSFT,1736935974148,297.05,95,sell
SPY,1736935974395,399.53,32,sell
NVDA,1736935975447,500.24,46,buy
SPY,1736935978321,399.41,86,sell
AAPL,1736935979618,150.61,91,buy
NVDA,1736935980434,501.46,68,buy
AAPL,1736935980596,151.95,29,buy
NVDA,1736935981065,499.94,22,sell
MSFT,1736935981370,298.7,43,sell
SPY,1736935981447,399.94,98,buy
NVDA,1736935981793,501.65,20,buy
SPY,1736935981973,399.62,82,sell
AAPL,1736935982420,150.78,21,sell
TSLA,1736935982628,197.08,76,sell
AAPL,1736935982738,149.97,88,sell
TSLA,1736935983026,194.97,37,sell
MSFT,1736935983135,300.32,29,buy
AAPL,1736935983500,151.71,82,sell
NVDA,1736935984059,500.05,15,buy
MSFT,1736935985354,297.16,56,buy
MSFT,1736935985448,296.98,16,buy
MSFT,1736935985605,301.57,95,sell
AAPL,1736935986450,150.82,1,buy
TSLA,1736935987247,197.93,36,sell
NVDA,1736935988064,501.33,92,buy
AAPL,1736935988921,152.04,91,sell
MSFT,1736935990179,297.5,48,buy
NVDA,1736935990652,500.28,72,buy
SPY,1736935991472,400.62,11,buy
MSFT,1736935992183,297.52,96,buy
TSLA,1736935992709,197.95,100,buy
AAPL,1736935993347,151.62,51,buy
AAPL,1736935993570,152.39,47,sell
NVDA,1736935993867,501.68,15,sell
TSLA,1736935993926,199.71,81,sell
AAPL,1736935995246,149.99,16,sell
NVDA,1736935995563,499.41,63,sell
SPY,1736935995987,400.55,3,buy
NVDA,1736935996255,501.19,67,sell
AAPL,1736935996702,151.68,94,buy
NVDA,1736935997640,499.73,21,buy
TSLA,1736935998619,195.96,71,buy
SPY,1736936000698,399.9,17,sell
TSLA,1736936000793,198.57,44,buy
MSFT,1736936001938,299.51,91,sell
TSLA,1736936002037,199.67,13,sell
SPY,1736936005125,400.63,29,buy
MSFT,1736936005145,299.4,87,sell
SPY,1736936008291,399.83,78,sell
AAPL,1736936009187,151.22,14,sell
AAPL,1736936009370,149.59,13,sell
MSFT,1736936009693,300.09,46,sell
AAPL,1736936011225,151.23,75,sell
NVDA,1736936011238,503.88,35,sell
NVDA,1736936012740,500.16,51,sell
MSFT,1736936013549,299.08,13,buy
AAPL,1736936014367,151.91,28,buy
TSLA,1736936014511,197.99,13,sell
TSLA,1736936015009,196.46,33,sell
NVDA,1736936015576,499.12,54,sell
SPY,1736936016824,401.04,20,sell
TSLA,1736936017207,199.66,24,buy
TSLA,1736936017459,195.21,28,buy
NVDA,1736936017745,500.33,77,sell
NVDA,1736936018983,499.4,15,buy
AAPL,1736936022527,150.12,44,sell
TSLA,1736936023241,195.74,15,sell
MSFT,1736936023399,299.09,92,sell
TSLA,1736936024424,198.58,98,buy
MSFT,1736936024840,297.16,83,sell
MSFT,1736936024919,299.41,44,sell
SPY,1736936025652,399.75,75,sell
MSFT,1736936026552,297.29,16,sell
SPY,1736936026599,399.65,27,buy
MSFT,1736936027712,299.1,76,buy
AAPL,1736936028141,150.91,51,sell
TSLA,1736936028273,199.56,100,buy
MSFT,1736936028847,297.02,31,sell
NVDA,1736936028997,501.63,61,sell
NVDA,1736936029111,501.49,86,sell
AAPL,1736936030033,152.56,2,buy
TSLA,1736936031237,198.3,20,sell
NVDA,1736936031314,500.65,74,sell
TSLA,1736936032066,198.26,72,buy
MSFT,1736936033996,298.69,17,buy
NVDA,1736936034888,499.66,55,sell
SPY,1736936035312,399.49,62,buy
TSLA,1736936035589,198.78,66,buy
TSLA,1736936035983,198.76,95,sell
MSFT,1736936036247,301.12,50,sell
MSFT,1736936036705,298.49,29,buy
MSFT,1736936037127,297.41,9,buy
MSFT,1736936037679,302.16,45,sell
NVDA,1736936037731,503.76,85,buy
AAPL,1736936037834,152.44,5,sell
AAPL,1736936037956,152.71,73,sell
SPY,1736936039566,399.32,11,buy
TSLA,1736936039700,197.72,1,sell
SPY,1736936040556,399.15,91,buy
MSFT,1736936042169,302.21,23,sell
MSFT,1736936042914,301.14,27,sell
TSLA,1736936044482,196.33,96,sell
SPY,1736936044788,400.19,46,sell
SPY,1736936046495,399.85,13,sell
TSLA,1736936047874,198.42,41,sell
SPY,1736936048733,399.61,95,sell
AAPL,1736936049059,151.37,60,buy
AAPL,1736936050594,149.03,40,sell
AAPL,1736936050791,152.46,42,sell
NVDA,1736936050824,501.36,41,buy
SPY,1736936050854,399.8,49,buy
NVDA,1736936051430,502.45,56,buy
MSFT,1736936051480,296.79,64,buy
AAPL,1736936052353,149.67,37,buy
AAPL,1736936055023,152.61,94,buy
SPY,1736936055119,400.97,70,sell
NVDA,1736936055309,499.34,48,sell
TSLA,1736936055656,194.78,63,sell
TSLA,1736936055906,198.27,75,sell
TSLA,1736936055919,197.62,31,sell
NVDA,1736936055947,502.87,90,sell
NVDA,1736936056074,502.09,32,sell
MSFT,1736936058184,303.31,51,sell
MSFT,1736936058879,298.87,96,buy
TSLA,1736936059009,195.51,75,sell
SPY,1736936060173,399.02,45,sell
TSLA,1736936060617,194.46,62,sell
NVDA,1736936061528,500.38,94,sell
TSLA,1736936062406,194.62,11,sell
TSLA,1736936062962,198.08,52,buy
SPY,1736936062992,399.48,5,buy
AAPL,1736936063333,150.19,28,sell
SPY,1736936063395,398.73,97,buy
SPY,1736936063604,399.96,96,buy
AAPL,1736936063953,151.64,45,sell
AAPL,1736936063954,152.96,4,sell
MSFT,1736936065207,300.49,87,sell
SPY,1736936066383,399.63,42,sell
MSFT,1736936066903,297.75,33,sell
SPY,1736936067011,399.66,79,sell
NVDA,1736936067329,499.64,74,sell
NVDA,1736936067646,502.29,64,sell
AAPL,1736936068344,150.37,53,sell
SPY,1736936068587,400.77,11,sell
MSFT,1736936069390,300.67,56,sell
AAPL,1736936069987,152.12,88,sell
SPY,1736936070843,399.72,91,buy
NVDA,1736936072457,501.54,91,sell
TSLA,1736936072642,198.36,69,buy
NVDA,1736936072780,499.68,61,buy
NVDA,1736936072875,501.95,23,sell
NVDA,1736936073409,499.3,51,sell
TSLA,1736936073478,198.69,25,buy
AAPL,1736936074321,151.02,40,buy
MSFT,1736936075026,303.2,6,buy
SPY,1736936075399,399.88,35,sell
NVDA,1736936079920,501.5,26,sell
TSLA,1736936080088,194.2,1,sell
NVDA,1736936080326,501.68,25,buy
TSLA,1736936080934,196.06,85,sell
MSFT,1736936082910,296.97,38,buy
MSFT,1736936083231,300.38,22,sell
NVDA,1736936085161,502.87,77,buy
AAPL,1736936085241,150.23,69,sell
MSFT,1736936087446,298.93,48,sell
MSFT,1736936089804,301.45,44,buy
SPY,1736936091724,401.22,60,buy
TSLA,1736936091746,193.85,8,sell
NVDA,1736936092226,500.87,12,sell
NVDA,1736936093198,501.97,24,sell
AAPL,1736936093977,150.46,30,sell
MSFT,1736936095471,298.92,26,sell
TSLA,1736936095539,195.23,49,sell
MSFT,1736936095635,299.14,59,sell
AAPL,1736936095943,149.93,16,sell
SPY,1736936096266,399.63,83,sell
NVDA,1736936096942,502.98,29,sell
NVDA,1736936096958,500.22,47,sell
NVDA,1736936097090,500.78,84,sell
AAPL,1736936097123,152.74,88,sell
SPY,1736936097123,398.9,12,buy
TSLA,1736936099168,198.09,71,buy
AAPL,1736936099303,149.23,58,buy
TSLA,1736936099314,195.56,51,buy
SPY,1736936099891,400.51,85,sell
SPY,1736936100395,399.25,85,buy
NVDA,1736936100713,503.51,73,sell
SPY,1736936101276,400.45,3,sell
MSFT,1736936103969,298.66,79,sell
TSLA,1736936106036,197.53,26,buy
SPY,1736936106980,400.84,66,sell
SPY,1736936107397,400.45,45,buy
SPY,1736936107515,399.73,50,buy
NVDA,1736936108290,500.24,27,buy
MSFT,1736936109633,299.05,36,sell
AAPL,1736936111093,150.86,71,sell
SPY,1736936111236,399.6,60,sell
SPY,1736936111913,399.68,74,sell
NVDA,1736936111917,501.25,87,buy
AAPL,1736936112480,151.33,94,sell
MSFT,1736936112966,301.7,88,sell
SPY,1736936113535,399.64,33,sell
AAPL,1736936113790,152.78,35,sell
SPY,1736936117215,399.49,95,sell
MSFT,1736936118256,298.83,27,sell
MSFT,1736936122246,299.29,42,sell
NVDA,1736936122278,499.22,72,sell
TSLA,1736936122980,198.53,82,buy
SPY,1736936123942,398.81,90,sell
MSFT,1736936124128,299.4,77,sell
TSLA,1736936124199,195.59,38,buy
AAPL,1736936125061,149.93,14,sell
TSLA,1736936125554,196.42,62,sell
MSFT,1736936125566,301.5,85,sell
AAPL,1736936125714,152.17,46,sell
AAPL,1736936125798,151.79,32,buy
TSLA,1736936126900,196.58,13,buy
TSLA,1736936127065,194.77,2,buy
MSFT,1736936128709,297.48,9,sell
AAPL,1736936128716,152.91,37,buy
AAPL,1736936130358,152.2,67,buy
MSFT,1736936130815,301.15,95,sell
NVDA,1736936130903,503.82,49,sell
SPY,1736936131299,399.48,81,sell
TSLA,1736936131893,195.27,42,sell
NVDA,1736936133181,499.47,6,buy
AAPL,1736936133592,151.84,27,sell
SPY,1736936133734,399.12,4,sell
TSLA,1736936134856,197.84,86,sell
TSLA,1736936135427,195.17,30,buy
NVDA,1736936137436,500.81,54,buy
SPY,1736936137795,399.59,81,buy
AAPL,1736936138887,149.84,74,sell
NVDA,1736936139700,498.77,45,sell
NVDA,1736936139744,501.66,88,sell
TSLA,1736936139776,194.55,53,buy
AAPL,1736936139935,153.19,94,buy
SPY,1736936141255,400.64,35,sell
TSLA,1736936141982,198.42,28,buy
MSFT,1736936142207,299.55,37,buy
MSFT,1736936143622,300.94,18,buy
AAPL,1736936143634,150.56,80,buy
NVDA,1736936143812,500.05,49,buy
SPY,1736936145393,400.45,78,sell
AAPL,1736936146142,150.01,44,buy
NVDA,1736936148531,502.24,49,buy
SPY,1736936149148,400.39,36,buy
SPY,1736936149500,400.71,14,sell
TSLA,1736936150208,198.26,36,sell
AAPL,1736936150310,151.17,87,sell
MSFT,1736936150370,297.39,10,sell
AAPL,1736936150477,150.87,74,sell
NVDA,1736936150675,500.83,29,sell
NVDA,1736936150861,503.11,11,sell
SPY,1736936152439,400.47,91,buy
AAPL,1736936153231,149.9,58,sell
AAPL,1736936153876,151.65,56,buy
SPY,1736936154396,398.96,2,sell
AAPL,1736936154947,152.07,95,buy
TSLA,1736936155012,195.28,41,buy
TSLA,1736936155295,195.01,92,buy
MSFT,1736936155833,297.69,76,sell
SPY,1736936155885,401.6,25,buy
MSFT,1736936156344,302.05,31,sell
SPY,1736936156702,400.52,99,buy
SPY,1736936158031,399.55,65,buy
TSLA,1736936158969,195.5,84,buy
MSFT,1736936158978,298.77,3,sell
MSFT,1736936159625,297.51,78,buy
TSLA,1736936160691,193.64,84,sell
MSFT,1736936161089,298.72,21,buy
MSFT,1736936161758,299.0,8,buy
NVDA,1736936161916,500.71,73,sell
NVDA,1736936162001,503.45,30,sell
NVDA,1736936164624,502.11,13,sell
SPY,1736936165604,399.57,47,sell
MSFT,1736936165921,297.95,6,sell
TSLA,1736936166429,195.29,48,buy
NVDA,1736936167036,501.83,46,buy
AAPL,1736936167814,151.75,17,sell
NVDA,1736936168053,503.41,75,sell
NVDA,1736936168620,500.66,56,sell
AAPL,1736936168625,149.91,18,sell
TSLA,1736936169036,194.94,4,buy
MSFT,1736936169187,297.51,55,buy
AAPL,1736936169906,152.7,21,sell
TSLA,1736936170631,198.86,10,sell
TSLA,1736936171914,195.31,77,sell
TSLA,1736936173682,199.84,77,sell
AAPL,1736936174739,151.83,44,sell
AAPL,1736936174868,152.29,78,sell
AAPL,1736936175435,151.84,35,sell
SPY,1736936175857,400.18,67,sell
SPY,1736936176272,400.75,12,buy
SPY,1736936176850,399.96,24,buy
NVDA,1736936178108,500.02,90,buy
TSLA,1736936180045,198.44,75,sell
SPY,1736936180372,401.03,93,buy
AAPL,1736936180957,149.39,40,buy
MSFT,1736936182231,297.37,100,sell
MSFT,1736936182491,303.31,41,sell
AAPL,1736936182631,151.63,81,sell
NVDA,1736936182653,503.63,78,buy
TSLA,1736936183530,195.29,35,sell
MSFT,1736936184118,302.17,65,sell
TSLA,1736936184134,194.8,62,buy
MSFT,1736936184332,300.27,87,sell
SPY,1736936184507,400.01,9,sell
SPY,1736936185203,399.55,90,sell
MSFT,1736936186079,300.39,70,buy
TSLA,1736936186525,200.1,66,sell
NVDA,1736936187317,499.73,82,buy
TSLA,1736936188193,198.63,55,sell
NVDA,1736936189376,500.65,79,buy
NVDA,1736936190103,501.68,11,sell
MSFT,1736936191041,297.07,78,sell
AAPL,1736936192383,151.75,16,buy
TSLA,1736936192914,199.22,8,sell
TSLA,1736936193011,195.16,14,buy
SPY,1736936193625,399.57,35,sell
NVDA,1736936193953,501.81,18,sell
SPY,1736936194796,399.67,34,buy
SPY,1736936195086,398.98,20,sell
MSFT,1736936195401,303.21,100,sell
TSLA,1736936196158,195.53,42,buy
SPY,1736936196570,400.49,59,sell
NVDA,1736936197113,501.92,64,sell
AAPL,1736936197217,152.45,54,buy
SPY,1736936198160,399.45,18,buy
MSFT,1736936198298,299.94,17,buy
TSLA,1736936199411,195.38,27,sell
AAPL,1736936200163,151.08,25,sell
SPY,1736936200655,400.0,64,sell
SPY,1736936200877,399.42,41,buy
SPY,1736936201150,399.6,100,buy
NVDA,1736936201158,502.59,47,sell
MSFT,1736936201170,301.11,26,buy
TSLA,1736936201764,196.93,38,buy
SPY,1736936203597,400.78,69,sell
NVDA,1736936204013,500.59,88,sell
NVDA,1736936204057,503.69,73,buy
NVDA,1736936205193,499.18,79,sell
SPY,1736936205587,400.0,22,sell
SPY,1736936205626,399.76,74,sell
SPY,1736936205743,399.48,94,sell
NVDA,1736936205835,503.41,24,sell
TSLA,1736936206476,193.52,39,sell
NVDA,1736936206846,501.36,60,buy
MSFT,1736936208345,299.76,88,buy
SPY,1736936209389,400.98,92,buy
SPY,1736936209417,398.67,20,buy
MSFT,1736936209679,299.1,84,buy
TSLA,1736936209931,195.3,89,sell
MSFT,1736936211017,301.32,15,buy
TSLA,1736936211868,194.08,8,buy
MSFT,1736936215289,299.73,64,buy
MSFT,1736936215518,296.81,47,sell
MSFT,1736936215818,297.03,61,sell
TSLA,1736936218216,196.13,68,sell
NVDA,1736936218521,501.44,63,sell
SPY,1736936218944,401.37,49,buy
AAPL,1736936220141,150.03,63,sell
NVDA,1736936220508,499.99,32,buy
TSLA,1736936225462,198.37,57,sell
MSFT,1736936226048,299.25,32,sell
TSLA,1736936226183,197.09,56,buy
MSFT,1736936227482,299.06,68,sell
MSFT,1736936229222,302.16,58,buy
SPY,1736936230163,400.11,68,buy
SPY,1736936230410,400.68,92,buy
NVDA,1736936231757,499.04,43,buy
SPY,1736936233195,400.94,40,sell
SPY,1736936233922,399.28,79,sell
SPY,1736936235398,399.9,74,sell
NVDA,1736936235801,501.45,98,sell
TSLA,1736936235971,197.28,37,buy
MSFT,1736936236509,299.89,22,sell
MSFT,1736936236849,297.25,34,sell
TSLA,1736936238663,196.3,48,buy
AAPL,1736936239181,152.08,15,buy
MSFT,1736936240310,297.01,40,sell
SPY,1736936240705,399.07,72,sell
SPY,1736936241221,400.66,20,sell
AAPL,1736936241660,152.51,64,buy
SPY,1736936242367,399.96,4,sell
MSFT,1736936243204,297.38,43,buy
TSLA,1736936244787,200.03,7,buy
NVDA,1736936246493,502.72,53,sell
NVDA,1736936247622,500.56,89,buy
TSLA,1736936248685,195.26,73,buy
SPY,1736936248918,399.21,18,buy
SPY,1736936249595,400.67,75,buy
MSFT,1736936250060,296.8,91,buy
AAPL,1736936250155,152.8,80,sell
SPY,1736936250240,399.8,5,buy
MSFT,1736936250649,297.35,78,sell
TSLA,1736936251230,195.46,2,sell
TSLA,1736936251284,198.57,53,buy
SPY,1736936253229,399.15,77,sell
NVDA,1736936255505,499.55,20,sell
MSFT,1736936255752,297.71,28,sell
MSFT,1736936255843,301.03,100,buy
MSFT,1736936255943,299.98,2,sell
MSFT,1736936256240,297.26,92,sell
NVDA,1736936256322,500.42,5,sell
SPY,1736936256609,399.69,66,sell
SPY,1736936256819,400.31,78,buy
NVDA,1736936256840,501.57,84,sell
NVDA,1736936257508,501.56,61,buy
MSFT,1736936257703,298.41,74,sell
MSFT,1736936258253,300.57,46,buy
SPY,1736936259602,399.14,29,buy
MSFT,1736936260016,300.2,3,sell
SPY,1736936261303,400.77,21,buy
NVDA,1736936261890,502.58,56,buy
SPY,1736936262238,401.66,57,sell
AAPL,1736936262296,153.4,93,buy
SPY,1736936262348,399.37,96,sell
TSLA,1736936262465,199.08,22,buy
NVDA,1736936262596,500.07,33,buy
AAPL,1736936262714,149.39,61,sell
NVDA,1736936262877,500.06,14,buy
MSFT,1736936263687,298.67,70,buy
TSLA,1736936263752,198.33,72,buy
TSLA,1736936264518,195.18,88,buy
MSFT,1736936264906,299.65,42,sell
NVDA,1736936264941,501.13,94,buy
MSFT,1736936265500,302.79,45,buy
TSLA,1736936265861,194.83,40,buy
TSLA,1736936266738,195.2,7,sell
TSLA,1736936266934,198.66,97,buy
SPY,1736936267117,399.52,60,sell
MSFT,1736936268802,301.51,58,buy
TSLA,1736936268973,197.17,12,buy
NVDA,1736936269163,501.65,3,sell
MSFT,1736936269226,297.36,18,buy
MSFT,1736936270127,298.34,10,sell
NVDA,1736936270244,499.37,23,sell
MSFT,1736936270424,297.43,38,buy
AAPL,1736936271945,149.84,33,sell
AAPL,1736936272734,149.24,62,buy
MSFT,1736936274192,299.27,64,buy
SPY,1736936274251,400.53,13,buy
SPY,1736936274601,398.83,2,sell
SPY,1736936275594,400.49,31,sell
NVDA,1736936275745,501.52,41,sell
TSLA,1736936276031,194.93,98,buy
MSFT,1736936276392,297.02,73,sell
NVDA,1736936276393,499.62,95,buy
NVDA,1736936276464,499.4,58,buy
AAPL,1736936276833,152.14,96,buy
SPY,1736936277041,400.75,22,sell
MSFT,1736936278223,297.74,36,sell
AAPL,1736936279954,150.48,56,buy
MSFT,1736936280234,299.23,6,buy
AAPL,1736936280932,152.66,23,sell
MSFT,1736936281105,298.09,50,buy
SPY,1736936281472,400.46,82,sell
MSFT,1736936281910,297.67,49,buy
TSLA,1736936282018,198.09,35,buy
SPY,1736936282072,400.06,37,sell
NVDA,1736936282740,502.69,22,sell
MSFT,1736936283399,297.47,100,buy
TSLA,1736936284401,195.33,24,sell
TSLA,1736936284912,199.8,52,buy
TSLA,1736936285492,200.31,56,buy
SPY,1736936285644,400.89,71,buy
SPY,1736936285926,400.18,81,sell
SPY,1736936289230,401.42,3,buy
TSLA,1736936289944,198.73,58,buy
NVDA,1736936290354,500.89,50,buy
NVDA,1736936292342,498.67,33,buy
NVDA,1736936292453,500.48,65,sell
NVDA,1736936293284,499.99,85,sell
AAPL,1736936293464,150.73,22,buy
TSLA,1736936293650,194.74,77,sell
TSLA,1736936295696,193.85,65,buy
AAPL,1736936296393,151.92,51,sell
NVDA,1736936296662,501.81,72,buy
SPY,1736936298772,399.28,62,sell
AAPL,1736936299193,150.79,30,buy
TSLA,1736936300799,194.5,75,buy
AAPL,1736936302381,152.42,66,buy
NVDA,1736936302381,501.65,46,sell
AAPL,1736936303211,149.28,43,buy
TSLA,1736936304223,199.12,93,buy
SPY,1736936304258,399.23,34,sell
AAPL,1736936305159,151.76,83,sell
TSLA,1736936309712,199.03,52,buy
AAPL,1736936309758,153.29,43,sell
AAPL,1736936311309,151.43,68,buy
NVDA,1736936311743,502.61,62,buy
MSFT,1736936312270,296.63,70,buy
MSFT,1736936312309,297.01,61,buy
TSLA,1736936312775,198.65,16,sell
SPY,1736936313164,401.4,9,buy
TSLA,1736936313703,198.24,33,buy
NVDA,1736936315343,503.5,36,sell
TSLA,1736936315619,198.65,54,sell
MSFT,1736936315693,301.62,71,sell
NVDA,1736936318989,499.9,9,sell
AAPL,1736936319492,152.92,18,sell
NVDA,1736936319845,499.6,6,buy
TSLA,1736936321307,198.38,79,buy
TSLA,1736936321362,200.46,29,sell
NVDA,1736936321882,499.4,77,buy
TSLA,1736936322008,198.42,87,buy
TSLA,1736936322353,195.65,1,sell
SPY,1736936323946,399.91,26,sell
AAPL,1736936323975,150.36,22,sell
NVDA,1736936324052,502.56,7,buy
TSLA,1736936324239,198.33,22,buy
AAPL,1736936325480,152.36,28,sell
NVDA,1736936325500,503.16,56,sell
NVDA,1736936327261,500.22,83,sell
AAPL,1736936328096,149.92,38,sell
TSLA,1736936329441,198.66,53,sell
MSFT,1736936330804,301.2,40,buy
AAPL,1736936331966,150.26,43,buy
MSFT,1736936332260,301.18,51,sell
AAPL,1736936332557,152.45,30,sell
MSFT,1736936332744,299.97,64,sell
NVDA,1736936333826,503.42,40,buy
NVDA,1736936334887,501.57,54,buy
TSLA,1736936335782,195.67,3,buy
AAPL,1736936336377,152.65,15,sell
MSFT,1736936336904,296.89,5,sell
NVDA,1736936337048,501.8,4,sell
AAPL,1736936338125,152.37,17,buy
MSFT,1736936339397,301.29,63,sell
TSLA,1736936339870,199.87,60,buy
MSFT,1736936340048,298.42,47,sell
AAPL,1736936340873,151.77,58,buy
TSLA,1736936341105,196.5,68,buy
SPY,1736936342321,400.88,4,sell
SPY,1736936342637,400.04,27,buy
TSLA,1736936342729,200.26,17,sell
NVDA,1736936343102,503.38,83,sell
SPY,1736936344114,399.76,92,buy
AAPL,1736936344433,149.43,79,buy
AAPL,1736936344668,150.19,46,sell
TSLA,1736936345521,198.26,69,buy
SPY,1736936346363,399.45,6,sell
MSFT,1736936346926,301.76,30,buy
SPY,1736936347727,399.14,52,sell
NVDA,1736936348276,502.25,72,sell
TSLA,1736936348345,195.99,19,sell
NVDA,1736936348936,504.08,67,buy
SPY,1736936350043,399.09,38,buy
NVDA,1736936350553,499.22,70,sell
SPY,1736936350824,399.93,8,buy
AAPL,1736936351011,150.6,27,sell
TSLA,1736936351778,197.99,78,sell
TSLA,1736936351954,198.23,77,sell
AAPL,1736936352855,151.79,28,buy
TSLA,1736936352927,200.29,57,sell
NVDA,1736936353126,502.43,59,buy
AAPL,1736936353208,152.31,77,buy
SPY,1736936353312,399.63,87,buy
NVDA,1736936357488,502.28,63,sell
NVDA,1736936357608,499.89,71,sell
AAPL,1736936357769,149.25,61,buy
MSFT,1736936358289,298.22,6,sell
TSLA,1736936360143,195.14,25,sell
TSLA,1736936360344,193.86,78,sell
MSFT,1736936360479,300.21,74,buy
SPY,1736936360706,399.05,95,buy
AAPL,1736936362643,151.92,25,sell
TSLA,1736936363615,195.03,72,sell
TSLA,1736936366041,195.14,58,sell
TSLA,1736936366744,199.55,97,buy
MSFT,1736936368601,297.55,19,sell
AAPL,1736936368781,150.88,93,sell
SPY,1736936370189,400.76,5,buy
AAPL,1736936370444,151.26,76,buy
MSFT,1736936370931,296.79,37,sell
AAPL,1736936371659,151.91,98,sell
AAPL,1736936372112,152.34,80,buy
AAPL,1736936372685,150.43,20,sell
AAPL,1736936373202,152.47,36,buy
NVDA,1736936374127,502.11,41,buy
TSLA,1736936374247,194.86,29,buy
TSLA,1736936374898,198.78,80,buy
TSLA,1736936375450,196.13,58,sell
NVDA,1736936375902,499.59,25,sell
NVDA,1736936376115,499.33,42,buy
AAPL,1736936376729,149.56,79,sell
TSLA,1736936376873,198.05,39,sell
MSFT,1736936377527,302.41,100,buy
SPY,1736936378346,399.22,46,buy
TSLA,1736936378581,195.63,79,buy
TSLA,1736936378809,197.98,10,buy
TSLA,1736936378865,195.09,31,buy
MSFT,1736936380096,300.33,61,sell
SPY,1736936381806,401.5,72,buy
NVDA,1736936382233,499.59,56,buy
AAPL,1736936382334,149.88,51,buy
NVDA,1736936385017,499.72,98,buy
SPY,1736936385555,399.56,63,sell
NVDA,1736936386806,502.04,46,buy
TSLA,1736936387729,195.2,56,buy
TSLA,1736936388466,195.04,93,sell
AAPL,1736936388575,149.05,62,sell
TSLA,1736936388962,199.29,25,buy
AAPL,1736936389685,149.75,48,buy
AAPL,1736936390445,149.79,7,sell
NVDA,1736936390637,500.11,23,sell
SPY,1736936391881,401.61,39,buy
NVDA,1736936392402,498.9,24,buy
AAPL,1736936392596,151.13,17,buy
SPY,1736936393326,398.93,98,sell
SPY,1736936393623,399.86,11,buy
AAPL,1736936394915,150.64,59,sell
TSLA,1736936397573,199.48,12,sell
AAPL,1736936397704,149.95,41,buy
MSFT,1736936397925,301.92,18,sell
TSLA,1736936398704,198.24,43,buy
AAPL,1736936399061,152.28,83,buy
NVDA,1736936399153,502.65,87,buy
SPY,1736936399461,400.62,80,buy
TSLA,1736936400413,198.34,49,buy
AAPL,1736936400595,149.79,39,buy
TSLA,1736936403255,198.32,15,sell
AAPL,1736936403497,151.94,54,buy
SPY,1736936403534,400.91,69,sell
AAPL,1736936404206,151.75,98,sell
NVDA,1736936406289,503.44,3,sell
TSLA,1736936406728,195.15,84,sell
NVDA,1736936407239,499.05,16,buy
SPY,1736936407645,399.8,88,buy
NVDA,1736936407983,500.94,31,sell
MSFT,1736936408550,300.42,80,buy
SPY,1736936408772,399.86,61,buy
AAPL,1736936411004,152.8,89,buy
NVDA,1736936411740,502.35,55,buy
NVDA,1736936411883,500.39,95,buy
MSFT,1736936412167,299.19,17,sell
MSFT,1736936412966,299.02,12,sell
SPY,1736936414915,400.54,70,buy
SPY,1736936416034,400.22,32,sell
NVDA,1736936416144,499.54,69,buy
MSFT,1736936418021,300.44,13,buy
TSLA,1736936418498,195.51,61,buy
SPY,1736936418992,399.62,16,buy
NVDA,1736936420392,500.26,13,buy
MSFT,1736936421298,297.3,17,sell
AAPL,1736936421626,151.94,62,sell
MSFT,1736936421893,299.61,95,buy
SPY,1736936422347,400.19,6,sell
AAPL,1736936422482,150.69,85,buy
AAPL,1736936422973,149.42,1,buy
SPY,1736936423499,399.84,12,buy
MSFT,1736936423935,300.48,40,sell
NVDA,1736936425594,500.52,48,buy
MSFT,1736936426926,299.09,37,buy
NVDA,1736936427206,501.16,76,sell
NVDA,1736936427973,500.21,59,buy
MSFT,1736936428068,299.75,3,buy
SPY,1736936428327,401.23,18,buy
AAPL,1736936428484,149.81,68,sell
NVDA,1736936429121,499.21,79,buy
SPY,1736936431648,400.94,90,sell
SPY,1736936432072,399.23,45,buy
SPY,1736936434159,401.61,18,sell
AAPL,1736936434562,151.9,43,buy
SPY,1736936434726,400.17,53,buy
TSLA,1736936435095,199.39,17,sell
NVDA,1736936437196,501.44,12,sell
MSFT,1736936437895,298.96,2,sell
SPY,1736936438228,400.4,93,sell
SPY,1736936438355,399.9,88,sell
NVDA,1736936438477,499.95,13,buy
TSLA,1736936439494,194.96,87,buy
NVDA,1736936439497,500.28,48,buy
MSFT,1736936439585,299.13,31,buy
AAPL,1736936440550,152.0,53,sell
MSFT,1736936440794,297.54,17,sell
AAPL,1736936441098,152.84,71,buy
MSFT,1736936441950,301.14,54,sell
TSLA,1736936441980,199.44,65,buy
TSLA,1736936443294,194.42,66,buy
NVDA,1736936444465,501.85,52,buy
AAPL,1736936445210,150.75,10,buy
MSFT,1736936446668,298.45,62,sell
TSLA,1736936447039,194.47,11,sell
MSFT,1736936447316,302.23,31,sell
SPY,1736936447453,400.21,83,sell
NVDA,1736936447736,500.65,52,sell
AAPL,1736936448172,152.58,20,sell
SPY,1736936448570,398.96,89,buy
TSLA,1736936449760,197.98,61,buy
MSFT,1736936452057,301.38,27,buy
AAPL,1736936454106,150.49,31,sell
AAPL,1736936454752,151.85,17,sell
SPY,1736936455948,399.14,28,sell
SPY,1736936456748,399.48,4,buy
SPY,1736936457356,400.0,97,buy
MSFT,1736936457409,301.06,31,sell
NVDA,1736936457588,503.18,87,sell
NVDA,1736936458095,503.16,91,buy
SPY,1736936458186,399.78,38,buy
SPY,1736936458546,399.34,12,buy
AAPL,1736936460096,150.0,9,sell
MSFT,1736936460817,299.28,67,buy
MSFT,1736936461248,297.18,17,buy
AAPL,1736936461264,152.64,72,buy
MSFT,1736936464429,296.75,55,buy
NVDA,1736936464697,500.47,48,buy
AAPL,1736936464738,152.57,23,sell
TSLA,1736936465009,195.14,61,buy
TSLA,1736936465059,198.96,88,sell
TSLA,1736936465943,197.66,66,buy
NVDA,1736936466271,499.04,91,sell
TSLA,1736936466846,193.11,20,sell
SPY,1736936467602,399.67,34,buy
AAPL,1736936469173,151.21,52,buy
MSFT,1736936469609,303.03,51,buy
NVDA,1736936470215,500.84,66,buy
SPY,1736936470282,400.58,99,sell
AAPL,1736936470331,151.92,36,sell
AAPL,1736936470369,150.2,97,sell
NVDA,1736936470472,502.39,45,sell
SPY,1736936470686,399.41,98,buy
MSFT,1736936470767,299.53,57,buy
TSLA,1736936472951,195.9,79,buy
NVDA,1736936473420,500.92,59,buy
MSFT,1736936473519,296.86,83,sell
AAPL,1736936474923,150.63,100,buy
TSLA,1736936475153,197.89,78,buy
TSLA,1736936475295,200.09,68,sell
TSLA,1736936476268,199.42,64,buy
SPY,1736936476286,401.06,1,sell
TSLA,1736936477474,193.89,74,buy
AAPL,1736936481185,152.05,8,sell
MSFT,1736936482595,300.0,100,sell
TSLA,1736936483866,195.5,95,sell
SPY,1736936485869,401.01,4,sell
MSFT,1736936485938,297.7,5,sell
AAPL,1736936486290,152.05,19,buy
TSLA,1736936486329,194.96,81,sell
MSFT,1736936486950,297.01,98,sell
AAPL,1736936488877,149.5,34,sell
TSLA,1736936489010,197.93,13,sell
AAPL,1736936489611,149.28,62,sell
MSFT,1736936490139,298.97,74,buy
TSLA,1736936490457,195.13,39,sell
TSLA,1736936491715,193.2,36,buy
MSFT,1736936491761,297.97,41,sell
AAPL,1736936491815,149.59,14,buy
MSFT,1736936492049,299.33,24,sell
TSLA,1736936492273,199.39,64,sell
AAPL,1736936494032,150.11,36,sell
MSFT,1736936494095,300.32,60,sell
SPY,1736936495749,399.83,54,buy
TSLA,1736936496352,194.79,97,buy
NVDA,1736936496434,501.75,45,buy
MSFT,1736936496486,297.48,17,buy
AAPL,1736936496850,151.43,60,buy
SPY,1736936497129,401.07,35,buy
SPY,1736936497633,400.5,61,sell
MSFT,1736936497943,299.54,52,buy
AAPL,1736936498678,151.23,44,buy
SPY,1736936499188,399.29,50,sell
NVDA,1736936500459,500.42,39,sell
AAPL,1736936500668,150.2,69,buy
SPY,1736936501422,400.1,39,buy
MSFT,1736936502025,302.0,48,buy
TSLA,1736936502223,195.34,93,buy
TSLA,1736936502356,194.52,51,buy
TSLA,1736936505837,199.83,85,buy
TSLA,1736936506032,199.6,13,buy
TSLA,1736936507175,197.08,5,sell
TSLA,1736936507774,195.47,28,sell
TSLA,1736936508480,195.17,82,buy
AAPL,1736936508722,152.52,82,buy
TSLA,1736936508841,199.28,46,sell
TSLA,1736936509135,196.38,55,buy
NVDA,1736936510474,499.43,76,sell
TSLA,1736936510867,195.26,87,sell
SPY,1736936510962,399.62,89,sell
AAPL,1736936511242,150.6,31,buy
SPY,1736936511263,399.22,10,buy
TSLA,1736936512220,194.29,61,sell
NVDA,1736936512606,502.65,100,buy
TSLA,1736936512804,195.71,60,sell
TSLA,1736936514130,195.4,44,sell
MSFT,1736936514575,302.58,13,buy
TSLA,1736936515271,194.62,78,sell
SPY,1736936517545,399.3,87,sell
NVDA,1736936518875,499.86,50,buy
NVDA,1736936519255,503.62,72,sell
TSLA,1736936520359,199.03,39,sell
TSLA,1736936520578,200.02,54,sell
TSLA,1736936520935,195.05,97,buy
SPY,1736936522598,401.39,4,sell
TSLA,1736936522790,198.41,25,buy
AAPL,1736936523216,151.21,7,buy
NVDA,1736936523975,499.18,88,sell
MSFT,1736936525442,297.33,67,sell
MSFT,1736936525591,300.13,63,sell
TSLA,1736936525738,195.7,53,sell
NVDA,1736936526370,498.93,93,sell
SPY,1736936526452,399.69,89,buy
SPY,1736936526635,400.34,56,sell
NVDA,1736936528058,499.63,40,buy
TSLA,1736936528984,198.33,49,buy
SPY,1736936529004,400.73,75,buy
SPY,1736936529262,400.85,96,sell
SPY,1736936529400,399.7,47,buy
NVDA,1736936529808,501.08,22,buy
AAPL,1736936531017,151.81,17,sell
NVDA,1736936532634,501.76,17,buy
NVDA,1736936534394,499.5,44,buy
TSLA,1736936535478,199.86,53,sell
AAPL,1736936536225,149.3,45,buy
NVDA,1736936537863,501.78,77,buy
MSFT,1736936539940,302.68,60,buy
AAPL,1736936540033,150.44,7,sell
NVDA,1736936540577,500.05,27,buy
AAPL,1736936543505,152.9,7,buy
TSLA,1736936545058,193.59,97,buy
AAPL,1736936546119,151.92,83,sell
MSFT,1736936546393,298.13,66,sell
MSFT,1736936546397,299.14,77,sell
TSLA,1736936546590,195.2,28,buy
SPY,1736936546768,400.67,65,sell
SPY,1736936547723,399.62,12,sell
AAPL,1736936548026,150.61,82,sell
AAPL,1736936548781,150.02,34,buy
NVDA,1736936549249,499.06,18,sell
MSFT,1736936551033,296.9,33,sell
NVDA,1736936552191,501.29,35,buy
NVDA,1736936552920,501.95,97,buy
NVDA,1736936553478,500.19,89,sell
TSLA,1736936553479,199.98,16,buy
AAPL,1736936554380,152.09,95,buy
SPY,1736936554809,399.42,81,buy
AAPL,1736936555297,152.75,97,sell
AAPL,1736936555957,151.78,28,sell
MSFT,1736936560096,296.82,88,sell
NVDA,1736936560105,503.07,95,sell
MSFT,1736936560129,297.46,48,sell
TSLA,1736936560420,195.22,96,buy
SPY,1736936560833,401.18,22,sell
MSFT,1736936561322,299.28,51,sell
NVDA,1736936561644,501.65,70,sell
TSLA,1736936562081,196.6,46,buy
SPY,1736936563960,400.51,66,buy
AAPL,1736936564510,152.01,62,sell
AAPL,1736936566530,152.94,45,sell
MSFT,1736936566899,301.95,73,sell
TSLA,1736936567030,196.29,90,buy
SPY,1736936567369,400.4,2,sell
NVDA,1736936569909,504.03,99,sell
NVDA,1736936570574,500.02,71,buy
MSFT,1736936571355,302.15,74,buy
TSLA,1736936571806,195.08,9,sell
MSFT,1736936573305,300.57,21,buy
AAPL,1736936573327,149.93,69,buy
SPY,1736936574533,399.23,88,buy
AAPL,1736936574721,151.69,77,sell
AAPL,1736936574784,150.13,73,buy
NVDA,1736936575119,501.54,64,sell
MSFT,1736936575663,298.62,88,buy
AAPL,1736936575786,150.1,48,buy
MSFT,1736936576324,297.19,89,sell
NVDA,1736936577052,500.08,58,sell
SPY,1736936577390,399.04,11,buy
MSFT,1736936577985,298.08,16,sell
SPY,1736936580894,399.84,58,buy
NVDA,1736936580940,498.78,76,buy
AAPL,1736936581569,150.89,38,buy
NVDA,1736936582947,500.75,19,buy
TSLA,1736936583656,194.49,10,buy
NVDA,1736936583711,500.09,17,buy
TSLA,1736936583775,194.62,30,buy
MSFT,1736936584098,299.16,20,buy
AAPL,1736936584699,151.79,3,buy
TSLA,1736936586009,195.43,35,buy
TSLA,1736936586669,197.79,39,sell
NVDA,1736936586788,500.62,35,buy
AAPL,1736936587532,149.93,6,sell
MSFT,1736936588077,301.38,70,buy
AAPL,1736936588465,151.95,80,buy
NVDA,1736936589064,503.86,94,sell
MSFT,1736936589547,299.25,62,sell
AAPL,1736936589733,151.17,40,sell
MSFT,1736936589891,300.83,96,buy
MSFT,1736936589992,300.33,48,buy
NVDA,1736936590692,499.11,98,sell
SPY,1736936590995,400.62,45,buy
MSFT,1736936591100,300.08,3,sell
AAPL,1736936592614,151.86,2,sell
AAPL,1736936593739,151.02,46,sell
AAPL,1736936594708,152.94,64,buy
TSLA,1736936595245,196.9,3,buy
SPY,1736936595581,399.76,31,sell
MSFT,1736936595967,298.32,13,buy
TSLA,1736936596842,195.38,29,buy
AAPL,1736936597152,151.99,30,sell
MSFT,1736936597824,297.73,12,buy
SPY,1736936598480,399.01,94,buy
SPY,1736936598791,399.47,17,sell
SPY,1736936598911,400.63,64,buy
MSFT,1736936599336,300.17,31,buy
AAPL,1736936599847,150.4,45,buy
TSLA,1736936600509,195.13,82,buy
NVDA,1736936600794,500.35,13,buy
NVDA,1736936600962,500.57,27,buy
SPY,1736936601984,399.37,39,sell
AAPL,1736936602802,152.27,66,buy
SPY,1736936602947,399.51,76,sell
SPY,1736936603556,399.65,36,buy
TSLA,1736936603681,198.96,90,buy
SPY,1736936604012,400.49,78,sell
NVDA,1736936604731,498.88,31,buy
NVDA,1736936604992,499.19,68,buy
TSLA,1736936605708,195.77,100,sell
AAPL,1736936605743,149.44,75,buy
SPY,1736936605836,401.44,7,sell
TSLA,1736936605950,198.8,43,sell
AAPL,1736936606499,149.83,75,sell
AAPL,1736936607835,153.14,97,buy
TSLA,1736936608160,199.19,30,sell
MSFT,1736936610057,302.74,2,buy
TSLA,1736936612198,199.08,53,sell
AAPL,1736936613515,150.75,88,sell
AAPL,1736936614276,151.98,64,buy
NVDA,1736936616570,499.69,73,buy
TSLA,1736936616910,195.68,64,sell
MSFT,1736936617681,296.86,25,buy
AAPL,1736936617883,150.15,6,sell
SPY,1736936619707,400.15,17,sell
SPY,1736936619811,399.73,21,buy
MSFT,1736936620246,299.6,3,buy
AAPL,1736936621050,151.21,58,sell
AAPL,1736936623118,152.73,96,sell
TSLA,1736936623233,198.5,25,sell
MSFT,1736936624971,300.98,56,buy
MSFT,1736936625342,297.57,79,buy
SPY,1736936625353,400.22,37,buy
MSFT,1736936625508,298.54,85,buy
TSLA,1736936626270,195.78,28,buy
AAPL,1736936628784,152.42,12,buy
TSLA,1736936628903,199.81,42,buy
MSFT,1736936629113,298.71,59,sell
NVDA,1736936630246,499.82,1,buy
MSFT,1736936630569,297.83,35,sell
NVDA,1736936630987,502.22,97,sell
SPY,1736936631860,399.67,17,buy
NVDA,1736936632386,499.42,22,buy
TSLA,1736936632577,198.05,5,buy
TSLA,1736936632603,198.61,67,buy
NVDA,1736936633473,502.25,94,buy
SPY,1736936634045,399.63,21,sell
TSLA,1736936634623,196.09,8,sell
MSFT,1736936635060,301.73,89,sell
TSLA,1736936635267,195.04,77,sell
MSFT,1736936637837,300.68,52,buy
NVDA,1736936638338,502.85,14,sell
SPY,1736936639098,401.2,17,buy
SPY,1736936641193,399.09,96,buy
SPY,1736936642418,400.72,25,sell
AAPL,1736936642461,152.75,89,buy
AAPL,1736936643406,152.43,66,buy
AAPL,1736936643783,152.57,42,buy
SPY,1736936644440,400.6,96,sell
NVDA,1736936645991,503.54,38,buy
TSLA,1736936646296,199.17,40,buy
SPY,1736936646421,400.26,81,sell
AAPL,1736936646578,150.06,46,buy
MSFT,1736936647867,302.04,43,sell
MSFT,1736936648748,300.86,71,sell
NVDA,1736936651224,500.41,19,sell
AAPL,1736936651611,149.4,58,buy
NVDA,1736936651916,501.55,14,sell
AAPL,1736936652202,152.17,36,buy
NVDA,1736936652726,502.38,75,sell
AAPL,1736936653056,149.72,68,buy
TSLA,1736936653558,199.64,28,buy
NVDA,1736936654149,499.72,85,sell
SPY,1736936654271,399.4,14,buy
NVDA,1736936654526,503.5,67,sell
AAPL,1736936655568,152.18,75,buy
SPY,1736936655777,400.22,38,sell
MSFT,1736936656486,299.08,3,buy
MSFT,1736936657325,298.71,50,buy
NVDA,1736936657421,499.14,29,buy
MSFT,1736936657824,302.31,74,sell
NVDA,1736936658095,500.31,66,sell
AAPL,1736936658354,150.95,92,buy
TSLA,1736936661453,198.25,23,sell
SPY,1736936662181,399.57,53,buy
TSLA,1736936662236,198.61,26,buy
AAPL,1736936662998,150.19,27,sell
TSLA,1736936663752,197.78,83,buy
SPY,1736936663989,399.61,78,buy
SPY,1736936664560,398.74,26,buy
MSFT,1736936665222,297.75,97,sell
NVDA,1736936665319,501.95,46,sell
MSFT,1736936665877,297.26,19,sell
AAPL,1736936666201,149.14,65,sell
TSLA,1736936666449,196.35,8,sell
AAPL,1736936666890,150.72,18,buy
NVDA,1736936667410,499.57,57,sell
SPY,1736936669649,400.57,21,sell
TSLA,1736936669835,195.45,8,sell
AAPL,1736936670511,151.25,59,buy
TSLA,1736936670582,193.87,33,buy
NVDA,1736936672895,501.09,90,buy
MSFT,1736936673239,296.88,20,buy
NVDA,1736936674098,499.24,48,buy
MSFT,1736936674465,300.98,59,sell
AAPL,1736936674658,152.49,89,buy
MSFT,1736936676583,299.89,26,buy
NVDA,1736936676677,498.89,24,sell
SPY,1736936677044,399.73,46,buy
MSFT,1736936680308,297.56,49,buy
NVDA,1736936680884,502.35,84,sell
MSFT,1736936681491,300.08,1,buy
AAPL,1736936681871,150.07,65,buy
MSFT,1736936682057,297.76,53,sell
AAPL,1736936682695,151.59,41,buy
TSLA,1736936682839,195.75,72,sell
AAPL,1736936683235,150.78,32,sell
SPY,1736936683407,399.76,26,buy
SPY,1736936684732,400.88,87,buy
MSFT,1736936684929,296.69,19,buy
AAPL,1736936685065,149.09,2,buy
MSFT,1736936685579,298.15,11,sell
NVDA,1736936685690,502.58,77,buy
SPY,1736936686278,400.61,98,buy
MSFT,1736936686544,301.88,25,buy
AAPL,1736936687585,149.53,66,buy
AAPL,1736936688237,151.69,78,sell
AAPL,1736936688720,150.83,22,buy
MSFT,1736936689255,299.46,68,sell
SPY,1736936689734,399.65,60,sell
MSFT,1736936693024,299.07,42,buy
MSFT,1736936693904,300.28,73,buy
NVDA,1736936693979,500.02,92,sell
TSLA,1736936694159,199.22,2,buy
MSFT,1736936694527,297.63,33,buy
SPY,1736936697656,400.37,87,sell
MSFT,1736936697758,299.62,75,buy
AAPL,1736936697970,150.36,79,buy
TSLA,1736936698959,195.03,13,buy
MSFT,1736936699851,296.82,38,buy
SPY,1736936700603,400.78,67,sell
SPY,1736936700975,399.34,93,buy
AAPL,1736936701017,149.85,74,buy
SPY,1736936701161,400.77,47,sell
TSLA,1736936701198,195.65,77,sell
MSFT,1736936704074,301.07,28,sell
AAPL,1736936704415,153.17,89,buy
TSLA,1736936706239,198.29,42,buy
NVDA,1736936706701,500.18,7,buy
TSLA,1736936707277,195.47,13,buy
MSFT,1736936707754,296.8,38,buy
SPY,1736936708918,401.02,86,buy
AAPL,1736936712282,152.49,92,buy
NVDA,1736936712523,501.74,72,sell
NVDA,1736936712777,499.48,31,buy
SPY,1736936713853,399.57,62,sell
AAPL,1736936714007,152.51,100,buy
SPY,1736936714713,400.23,43,buy
MSFT,1736936715205,297.52,50,sell
MSFT,1736936717248,297.87,16,sell
TSLA,1736936717974,195.12,95,buy
NVDA,1736936718566,500.53,58,sell
AAPL,1736936718745,151.97,22,sell
SPY,1736936719267,399.75,4,buy
NVDA,1736936720305,500.69,66,sell
NVDA,1736936720681,500.55,24,sell
SPY,1736936720720,399.17,61,buy
TSLA,1736936722087,195.09,4,buy
NVDA,1736936722261,499.24,22,buy
MSFT,1736936724100,297.69,60,buy
SPY,1736936725203,399.54,25,buy
TSLA,1736936725633,195.38,81,buy
AAPL,1736936725984,152.64,38,buy
NVDA,1736936726145,501.79,85,sell
MSFT,1736936726299,297.58,30,buy
NVDA,1736936726398,500.59,61,buy
TSLA,1736936727296,194.7,4,buy
SPY,1736936728489,401.07,97,buy
NVDA,1736936728667,499.11,74,buy
NVDA,1736936728909,502.81,51,sell
TSLA,1736936728950,197.64,78,sell
NVDA,1736936729233,500.61,37,sell
NVDA,1736936729471,503.49,28,buy
AAPL,1736936730421,151.85,6,sell
TSLA,1736936732800,195.28,60,sell
AAPL,1736936732843,152.47,58,sell
AAPL,1736936735006,149.86,12,sell
NVDA,1736936735243,499.27,53,sell
TSLA,1736936736251,199.35,34,sell
SPY,1736936736341,400.34,70,buy
NVDA,1736936736526,502.65,39,buy
TSLA,1736936737204,198.21,89,sell
AAPL,1736936737272,152.12,47,buy
MSFT,1736936738516,299.7,73,buy
AAPL,1736936740172,153.25,42,sell
SPY,1736936741399,401.16,52,sell
AAPL,1736936741709,151.84,53,sell
SPY,1736936742294,399.36,6,sell
TSLA,1736936742305,198.02,31,buy
NVDA,1736936742581,500.42,26,buy
TSLA,1736936743029,199.95,91,buy
MSFT,1736936743083,297.8,84,buy
NVDA,1736936743411,499.93,78,sell
MSFT,1736936744071,298.55,11,buy
AAPL,1736936744136,151.2,59,buy
AAPL,1736936744139,151.68,65,buy
TSLA,1736936744229,195.61,90,sell
NVDA,1736936745180,499.62,12,buy
TSLA,1736936746126,200.31,42,buy
SPY,1736936746872,399.46,21,sell
NVDA,1736936749600,502.82,28,buy
AAPL,1736936750501,150.72,73,buy
MSFT,1736936752304,297.17,68,sell
SPY,1736936752430,400.25,15,buy
SPY,1736936752680,399.35,19,buy
NVDA,1736936752869,499.47,16,buy
NVDA,1736936755026,503.77,25,sell
NVDA,1736936756129,502.71,61,buy
NVDA,1736936757513,500.55,54,sell
TSLA,1736936761675,193.55,61,buy
TSLA,1736936763294,194.08,66,sell
TSLA,1736936765001,200.09,70,sell
NVDA,1736936765100,499.55,46,buy
TSLA,1736936765845,197.84,92,buy
NVDA,1736936766333,503.34,62,sell
MSFT,1736936767509,297.88,92,buy
MSFT,1736936769332,299.2,40,sell
TSLA,1736936769927,196.91,42,buy
AAPL,1736936770233,150.29,5,buy
AAPL,1736936770559,149.43,42,buy
NVDA,1736936771277,500.2,47,buy
SPY,1736936771411,400.07,86,sell
TSLA,1736936772536,195.13,15,buy
TSLA,1736936772668,198.48,46,buy
TSLA,1736936773668,194.54,83,sell
AAPL,1736936773886,150.4,96,buy
TSLA,1736936775746,199.33,87,sell
NVDA,1736936778268,500.22,85,sell
SPY,1736936780069,400.63,93,sell
TSLA,1736936780186,198.01,82,buy
MSFT,1736936780646,299.44,70,buy
MSFT,1736936781297,298.52,27,sell
MSFT,1736936781970,301.52,75,buy
TSLA,1736936782657,194.67,90,buy
SPY,1736936782912,401.17,36,buy
AAPL,1736936783001,149.12,45,sell
AAPL,1736936783345,150.45,74,buy
NVDA,1736936783758,501.68,4,sell
NVDA,1736936783852,499.43,93,sell
NVDA,1736936788569,501.65,86,sell
SPY,1736936788815,399.14,17,buy
MSFT,1736936790154,301.4,42,sell
AAPL,1736936790211,149.9,54,sell
TSLA,1736936790736,195.22,71,buy
TSLA,1736936790789,197.76,90,sell
TSLA,1736936790829,198.89,42,sell
SPY,1736936790962,399.54,30,buy
SPY,1736936792066,400.7,100,sell
SPY,1736936792623,401.21,8,buy
TSLA,1736936794215,198.21,42,buy
AAPL,1736936796674,151.67,90,buy
MSFT,1736936796938,297.19,79,sell
AAPL,1736936797986,153.22,27,buy
MSFT,1736936799897,301.45,72,buy
TSLA,1736936800365,195.45,93,sell
NVDA,1736936801350,500.52,74,sell
MSFT,1736936801365,299.38,44,buy
AAPL,1736936801681,152.78,26,sell
TSLA,1736936802158,194.86,43,buy
TSLA,1736936802410,198.49,25,sell
NVDA,1736936802684,500.8,5,sell
SPY,1736936802731,399.12,72,buy
NVDA,1736936802783,502.34,59,buy
NVDA,1736936803613,499.28,37,buy
NVDA,1736936803724,501.94,4,sell
NVDA,1736936803984,502.08,40,buy
SPY,1736936805241,400.86,98,sell
TSLA,1736936805955,200.15,49,buy
TSLA,1736936806129,196.33,1,sell
NVDA,1736936808293,499.62,62,sell
NVDA,1736936810548,501.29,24,sell
MSFT,1736936812233,299.33,63,sell
TSLA,1736936812625,195.09,30,sell
SPY,1736936814244,399.31,77,sell
AAPL,1736936816817,150.5,11,sell
AAPL,1736936819560,151.38,59,sell
AAPL,1736936819585,152.37,99,sell
AAPL,1736936820550,149.86,60,sell
MSFT,1736936822013,298.76,18,sell
NVDA,1736936822592,503.73,94,buy
SPY,1736936822975,399.22,12,buy
NVDA,1736936824451,501.58,92,sell
MSFT,1736936825057,297.79,85,buy
TSLA,1736936826658,196.93,43,buy
SPY,1736936827213,399.73,45,buy
NVDA,1736936829793,498.76,96,sell
AAPL,1736936829982,149.95,27,sell
SPY,1736936830077,399.31,41,sell
AAPL,1736936830428,152.37,70,sell
AAPL,1736936835078,152.47,17,sell
TSLA,1736936835226,200.03,78,buy
SPY,1736936836323,399.39,67,sell
NVDA,1736936836393,502.74,91,sell
AAPL,1736936837360,151.1,93,buy
AAPL,1736936837488,152.89,73,sell
SPY,1736936837558,400.81,2,sell
SPY,1736936839937,399.69,93,buy
AAPL,1736936840078,151.48,52,sell
NVDA,1736936841425,500.58,35,buy
SPY,1736936842840,399.58,32,buy
NVDA,1736936843081,499.62,29,sell
TSLA,1736936843932,198.72,6,buy
MSFT,1736936844710,299.94,41,sell
MSFT,1736936844886,296.89,27,buy
MSFT,1736936845091,297.09,2,buy
MSFT,1736936845266,297.82,91,buy
TSLA,1736936846185,194.22,27,sell
TSLA,1736936847610,195.6,33,sell
AAPL,1736936849177,152.61,51,sell
NVDA,1736936849718,502.97,71,buy
AAPL,1736936853968,152.03,25,sell
NVDA,1736936854022,501.0,63,buy
SPY,1736936854604,400.68,12,sell
TSLA,1736936854732,195.1,71,buy
SPY,1736936854741,400.72,50,sell
AAPL,1736936855628,151.92,78,sell
TSLA,1736936855970,198.54,92,buy
SPY,1736936856009,399.51,95,buy
MSFT,1736936856489,299.18,96,buy
MSFT,1736936857712,301.59,87,sell
SPY,1736936858010,399.0,95,buy
AAPL,1736936858249,152.28,98,sell
SPY,1736936858366,400.12,90,sell
AAPL,1736936858604,149.5,3,sell
NVDA,1736936859625,502.44,5,buy
TSLA,1736936861073,198.49,29,buy
MSFT,1736936861257,301.58,77,buy
MSFT,1736936861430,297.66,63,buy
NVDA,1736936861699,500.84,4,sell
TSLA,1736936861754,200.0,26,buy
MSFT,1736936862170,297.34,26,buy
TSLA,1736936862568,200.01,17,sell
SPY,1736936863283,400.74,18,buy
SPY,1736936863673,400.54,53,sell
AAPL,1736936864970,149.19,57,sell
NVDA,1736936864984,499.89,78,sell
NVDA,1736936865176,500.47,16,buy
TSLA,1736936865944,198.34,79,buy
MSFT,1736936865997,301.45,38,sell
SPY,1736936868023,399.14,9,buy
MSFT,1736936869074,299.27,79,sell
AAPL,1736936869526,150.34,42,sell
TSLA,1736936869966,194.65,25,sell
AAPL,1736936870987,152.01,79,buy
NVDA,1736936871538,501.96,5,sell
AAPL,1736936872194,150.5,46,buy
MSFT,1736936872723,298.17,42,sell
NVDA,1736936873498,500.31,5,buy
SPY,1736936873639,401.11,36,buy
TSLA,1736936873966,199.27,20,buy
SPY,1736936874020,400.56,64,buy
SPY,1736936874673,399.62,26,sell
MSFT,1736936875349,301.0,8,sell
SPY,1736936876584,399.85,22,sell
MSFT,1736936876786,301.4,54,sell
SPY,1736936877842,401.18,4,buy
MSFT,1736936879655,297.81,73,sell
AAPL,1736936879912,151.99,44,buy
NVDA,1736936881876,502.6,93,sell
MSFT,1736936882388,298.63,61,buy
NVDA,1736936882481,500.04,44,sell
MSFT,1736936882530,299.41,62,buy
MSFT,1736936882861,299.16,62,buy
TSLA,1736936882887,194.47,48,sell
NVDA,1736936884042,499.38,73,buy
AAPL,1736936884397,152.08,38,sell
TSLA,1736936884682,195.22,43,sell
AAPL,1736936885095,151.1,8,sell
TSLA,1736936886107,196.96,5,buy
NVDA,1736936886752,503.93,53,sell
AAPL,1736936887698,150.54,13,sell
AAPL,1736936889580,151.24,9,sell
AAPL,1736936891504,149.39,29,buy
AAPL,1736936892348,149.72,21,sell
MSFT,1736936892823,301.52,10,buy
NVDA,1736936893726,498.99,27,sell
TSLA,1736936893937,194.25,88,buy
NVDA,1736936894280,498.67,36,sell
AAPL,1736936896811,152.75,86,buy
TSLA,1736936901467,198.0,59,sell
MSFT,1736936901978,301.12,75,sell
AAPL,1736936902447,152.29,55,buy
NVDA,1736936902693,500.12,16,buy
AAPL,1736936902731,150.16,10,buy
MSFT,1736936902959,301.76,85,sell
TSLA,1736936903338,194.8,33,buy
SPY,1736936903723,399.85,4,buy
TSLA,1736936903812,199.9,95,buy
AAPL,1736936904212,152.76,52,buy
SPY,1736936904472,399.68,93,buy
SPY,1736936905024,399.92,77,buy
TSLA,1736936905232,199.73,44,sell
SPY,1736936905830,399.2,15,buy
SPY,1736936906969,399.61,16,buy
SPY,1736936910031,399.58,59,buy
NVDA,1736936910149,501.8,56,sell
SPY,1736936911236,399.38,31,sell
MSFT,1736936914599,298.98,94,buy
SPY,1736936915117,399.76,79,buy
AAPL,1736936916842,152.06,35,buy
AAPL,1736936917134,151.9,33,sell
MSFT,1736936918003,298.44,63,sell
AAPL,1736936918170,151.66,92,buy
MSFT,1736936919417,299.48,70,buy
TSLA,1736936920880,198.33,69,buy
NVDA,1736936920953,499.39,2,buy
SPY,1736936920964,399.73,53,sell
AAPL,1736936921042,151.69,17,sell
MSFT,1736936921583,296.89,77,sell
SPY,1736936921909,400.84,82,buy
AAPL,1736936922113,151.41,87,sell
TSLA,1736936922120,194.45,14,buy
TSLA,1736936923777,197.82,75,buy
NVDA,1736936924245,503.73,52,sell
NVDA,1736936924685,502.26,39,buy
AAPL,1736936925072,152.19,2,sell
NVDA,1736936926854,499.22,13,buy
TSLA,1736936927662,194.59,52,buy
MSFT,1736936927774,299.31,38,buy
MSFT,1736936928229,296.91,19,buy
SPY,1736936929471,399.58,3,buy
TSLA,1736936931066,196.94,10,buy
SPY,1736936931069,398.99,70,sell
AAPL,1736936932894,152.03,35,sell
AAPL,1736936933035,149.44,54,sell
NVDA,1736936933191,502.63,41,buy
AAPL,1736936934631,151.81,8,sell
MSFT,1736936934653,299.26,53,sell
NVDA,1736936934898,501.68,44,buy
TSLA,1736936935477,197.22,11,buy
SPY,1736936936360,399.07,72,sell
SPY,1736936936876,399.55,57,sell
MSFT,1736936937693,296.99,22,buy
AAPL,1736936937812,151.53,32,sell
MSFT,1736936938361,299.28,96,buy
SPY,1736936939791,398.97,50,buy
NVDA,1736936940008,499.94,1,buy
SPY,1736936940587,400.18,24,buy
NVDA,1736936941386,501.71,23,buy
TSLA,1736936944522,195.08,81,sell
MSFT,1736936944888,300.03,29,sell
TSLA,1736936945818,193.55,16,buy
SPY,1736936946408,399.84,100,buy
AAPL,1736936946920,150.05,58,buy
TSLA,1736936947801,198.84,94,sell
AAPL,1736936948439,152.67,84,sell
NVDA,1736936948448,503.57,74,sell
TSLA,1736936950337,198.6,39,sell
MSFT,1736936950935,301.16,68,buy
TSLA,1736936952151,198.48,89,buy
TSLA,1736936952401,195.4,64,sell
MSFT,1736936953437,301.77,56,sell
SPY,1736936953657,400.84,63,sell
MSFT,1736936955022,296.67,96,buy
NVDA,1736936955155,499.77,42,sell
TSLA,1736936955354,198.44,14,sell
MSFT,1736936955799,300.44,79,buy
TSLA,1736936955913,198.56,2,sell
TSLA,1736936956375,198.52,11,buy
MSFT,1736936957007,302.8,95,buy
AAPL,1736936957236,150.78,24,sell
TSLA,1736936957733,198.23,33,buy
AAPL,1736936958585,150.43,32,buy
MSFT,1736936959162,299.25,69,sell
TSLA,1736936959623,196.23,54,sell
AAPL,1736936960044,150.58,58,buy
NVDA,1736936960137,498.58,80,buy
SPY,1736936960461,400.12,17,sell
SPY,1736936960586,400.14,54,buy
AAPL,1736936960965,150.87,35,buy
TSLA,1736936961014,198.3,93,buy
TSLA,1736936961298,195.99,24,sell
NVDA,1736936961538,499.66,24,buy
NVDA,1736936961574,501.63,86,sell
AAPL,1736936961875,150.35,90,sell
AAPL,1736936962474,151.4,71,sell
NVDA,1736936962666,502.75,73,buy
SPY,1736936962822,398.88,88,buy
MSFT,1736936963241,301.25,52,buy
MSFT,1736936963471,300.37,85,buy
MSFT,1736936964200,298.45,86,sell
NVDA,1736936966403,499.86,90,buy
AAPL,1736936966894,150.19,63,sell
AAPL,1736936967301,152.09,59,sell
NVDA,1736936968399,502.64,18,buy
AAPL,1736936968795,151.64,75,buy
NVDA,1736936969883,500.97,96,sell
TSLA,1736936971124,197.56,25,buy
MSFT,1736936971686,297.27,37,buy
SPY,1736936972188,400.82,31,buy
TSLA,1736936972370,195.22,22,buy
MSFT,1736936972393,301.34,69,buy
NVDA,1736936972437,500.74,22,sell
SPY,1736936972699,400.82,26,buy
SPY,1736936972801,401.43,28,sell
TSLA,1736936973002,196.33,76,buy
SPY,1736936973336,400.92,39,sell
SPY,1736936974383,400.7,98,sell
SPY,1736936977191,399.88,14,sell
TSLA,1736936978405,193.21,72,buy
TSLA,1736936978693,195.18,98,sell
NVDA,1736936978794,500.66,7,sell
AAPL,1736936979118,149.79,1,buy
SPY,1736936979833,399.9,74,sell
MSFT,1736936980125,298.28,62,buy
AAPL,1736936982428,151.28,58,buy
TSLA,1736936983089,194.62,97,buy
AAPL,1736936983611,150.5,22,buy
MSFT,1736936984124,299.42,57,buy
TSLA,1736936984806,197.31,29,buy
TSLA,1736936985298,195.27,68,sell
AAPL,1736936987310,152.82,50,sell
TSLA,1736936987317,197.95,81,buy
MSFT,1736936987445,299.07,13,buy
NVDA,1736936988355,502.69,18,buy
MSFT,1736936989229,298.51,86,buy
SPY,1736936989593,399.72,36,sell
AAPL,1736936990330,151.73,47,buy
TSLA,1736936991648,199.75,44,buy
AAPL,1736936992389,152.04,51,buy
SPY,1736936993436,401.19,3,sell
TSLA,1736936994145,198.01,72,buy
SPY,1736936994935,400.28,7,buy
NVDA,1736936995069,500.16,55,buy
MSFT,1736936995150,301.69,78,buy
TSLA,1736936996041,197.71,55,buy
TSLA,1736936996407,195.05,57,buy
MSFT,1736936996822,297.47,42,sell
AAPL,1736936996891,150.32,70,sell
MSFT,1736936997665,298.69,68,buy
MSFT,1736937001255,302.2,54,sell
SPY,1736937001550,400.02,78,sell
SPY,1736937002187,399.57,74,buy
NVDA,1736937003484,499.65,43,buy
AAPL,1736937004947,151.91,23,buy
AAPL,1736937005258,149.37,1,buy
TSLA,1736937005974,193.1,71,sell
SPY,1736937006091,399.92,71,buy
MSFT,1736937006321,302.93,59,buy
MSFT,1736937007097,300.15,72,buy
NVDA,1736937008610,499.34,15,sell
SPY,1736937008786,399.35,12,sell
NVDA,1736937010670,499.91,100,buy
AAPL,1736937011102,151.34,95,buy
SPY,1736937011567,400.33,51,buy
MSFT,1736937011804,297.27,51,sell
SPY,1736937011887,399.76,34,buy
SPY,1736937012389,400.05,78,buy
SPY,1736937012501,399.74,29,sell
MSFT,1736937013481,301.04,36,buy
AAPL,1736937015111,152.51,57,sell
MSFT,1736937016304,296.69,21,buy
TSLA,1736937016336,198.6,31,sell
TSLA,1736937016781,199.09,20,buy
MSFT,1736937020018,297.56,32,sell
TSLA,1736937020174,198.84,75,buy
NVDA,1736937020699,503.26,47,sell
AAPL,1736937021097,151.8,5,buy
MSFT,1736937021527,301.67,28,buy
NVDA,1736937021653,503.7,96,sell
SPY,1736937021885,399.39,4,sell
TSLA,1736937022209,193.71,64,buy
NVDA,1736937022871,502.56,2,buy
TSLA,1736937024047,199.26,74,sell
TSLA,1736937024672,196.09,96,buy
TSLA,1736937025223,198.16,50,buy
TSLA,1736937025533,195.03,81,sell
AAPL,1736937025824,148.92,22,buy
NVDA,1736937027408,499.86,41,sell
AAPL,1736937027872,152.33,23,buy
NVDA,1736937028004,502.41,28,sell
SPY,1736937028423,398.76,71,sell
NVDA,1736937030368,501.09,30,buy
AAPL,1736937032381,152.72,56,buy
SPY,1736937033185,400.68,43,buy
MSFT,1736937033756,299.13,89,buy
NVDA,1736937034024,501.3,43,sell
AAPL,1736937034272,150.5,28,buy
NVDA,1736937038135,499.24,84,buy
AAPL,1736937038566,152.84,72,buy
SPY,1736937039162,400.84,34,sell
MSFT,1736937039786,296.7,38,sell
MSFT,1736937039954,301.29,18,buy
NVDA,1736937040008,502.65,82,sell
AAPL,1736937040119,150.93,10,buy
SPY,1736937040253,398.89,4,buy
NVDA,1736937040264,500.09,56,sell
TSLA,1736937041099,195.5,16,buy
AAPL,1736937041335,150.36,51,buy
MSFT,1736937041832,298.93,45,buy
MSFT,1736937042029,297.36,82,buy
MSFT,1736937046699,298.53,11,sell
SPY,1736937047157,399.58,65,buy
NVDA,1736937047595,502.85,92,buy
SPY,1736937048657,399.62,80,buy
SPY,1736937049428,399.89,89,sell
NVDA,1736937049442,500.36,39,buy
TSLA,1736937049738,198.95,63,sell
TSLA,1736937050252,195.13,83,sell
AAPL,1736937051983,151.21,10,buy
AAPL,1736937052794,149.28,15,sell
SPY,1736937052977,399.43,100,buy
NVDA,1736937053041,499.59,27,buy
AAPL,1736937053324,149.65,39,buy
AAPL,1736937053391,150.44,27,buy
NVDA,1736937053584,500.55,84,sell
NVDA,1736937053925,499.15,37,sell
MSFT,1736937053972,297.25,36,sell
AAPL,1736937054424,150.34,83,buy
AAPL,1736937054866,149.18,84,sell
MSFT,1736937055188,298.66,19,sell
TSLA,1736937055625,195.7,59,buy
TSLA,1736937056905,195.61,20,buy
MSFT,1736937056995,297.27,20,sell
AAPL,1736937057733,149.02,54,buy
TSLA,1736937057907,198.53,42,sell
MSFT,1736937057985,301.75,69,buy
SPY,1736937058101,399.49,65,sell
NVDA,1736937058564,502.8,80,buy
SPY,1736937058890,399.27,13,buy
NVDA,1736937059871,499.37,21,sell
AAPL,1736937060122,152.31,53,sell
MSFT,1736937060139,299.26,50,sell
AAPL,1736937061595,151.5,77,buy
AAPL,1736937061699,149.44,6,buy
TSLA,1736937062576,198.41,33,buy
MSFT,1736937062597,299.22,59,sell
AAPL,1736937063742,150.84,73,buy
MSFT,1736937064668,299.72,98,buy
MSFT,1736937065011,302.37,7,buy
SPY,1736937066044,400.61,42,buy
AAPL,1736937068095,149.53,16,sell
NVDA,1736937071061,501.07,14,sell
SPY,1736937072056,400.14,70,sell
MSFT,1736937072298,297.6,62,buy
AAPL,1736937072777,152.52,75,buy
AAPL,1736937072836,150.28,22,sell
MSFT,1736937073146,297.04,94,buy
NVDA,1736937073224,499.76,31,sell
AAPL,1736937073685,149.43,73,sell
SPY,1736937074951,400.69,54,sell
AAPL,1736937076473,150.46,29,buy
SPY,1736937076544,398.95,96,buy
NVDA,1736937077140,498.61,30,sell
MSFT,1736937078241,297.54,59,buy
MSFT,1736937078245,301.35,92,sell
TSLA,1736937080397,198.57,4,buy
AAPL,1736937080630,150.24,60,sell
SPY,1736937080687,399.0,47,sell
NVDA,1736937081031,502.24,45,buy
MSFT,1736937081643,299.78,61,buy
NVDA,1736937082219,501.19,77,sell
NVDA,1736937082227,502.8,11,sell
TSLA,1736937084541,194.53,22,sell
TSLA,1736937084677,198.24,2,buy
NVDA,1736937084729,501.08,8,buy
MSFT,1736937084906,297.17,16,sell
NVDA,1736937085146,501.58,6,sell
SPY,1736937085785,399.73,64,sell
TSLA,1736937085839,199.43,43,sell
SPY,1736937086612,401.37,75,buy
TSLA,1736937088438,195.7,88,buy
SPY,1736937088458,400.81,68,buy
NVDA,1736937089501,499.53,81,buy
NVDA,1736937089978,500.62,80,sell
AAPL,1736937091040,150.17,75,buy
AAPL,1736937091614,151.54,34,buy
MSFT,1736937093551,298.83,71,sell
NVDA,1736937094967,502.71,39,buy
NVDA,1736937095907,500.9,96,buy
SPY,1736937096665,400.29,5,buy
TSLA,1736937099799,195.43,34,buy
AAPL,1736937100436,152.12,99,buy
NVDA,1736937102447,499.79,16,buy
NVDA,1736937102710,499.64,87,buy
MSFT,1736937102817,299.82,43,buy
NVDA,1736937103984,501.22,56,sell
SPY,1736937104015,400.72,61,sell
MSFT,1736937104240,297.11,24,buy
AAPL,1736937104631,152.4,17,buy
AAPL,1736937104811,150.0,25,buy
TSLA,1736937107746,193.66,2,buy
NVDA,1736937108022,499.42,35,sell
TSLA,1736937108422,199.67,74,buy
MSFT,1736937108487,299.69,13,sell
MSFT,1736937108788,299.66,12,buy
TSLA,1736937109119,193.21,95,sell
AAPL,1736937109428,151.62,84,buy
AAPL,1736937110513,151.66,10,sell
NVDA,1736937112004,500.5,78,buy
AAPL,1736937112971,149.63,39,sell
NVDA,1736937113298,499.51,66,sell
NVDA,1736937113433,502.75,46,buy
SPY,1736937115524,401.38,17,buy
AAPL,1736937116136,149.84,100,buy
NVDA,1736937116510,501.32,62,buy
TSLA,1736937116756,197.76,48,sell
TSLA,1736937117499,197.9,95,buy
TSLA,1736937118218,199.47,84,buy
NVDA,1736937118544,499.56,17,buy
TSLA,1736937124853,200.12,3,buy
MSFT,1736937125289,302.17,12,buy
NVDA,1736937126034,498.55,83,buy
NVDA,1736937126630,499.4,3,sell
AAPL,1736937126786,151.84,57,sell
TSLA,1736937127935,198.52,3,buy
AAPL,1736937128076,152.53,23,sell
SPY,1736937128080,399.25,20,buy
MSFT,1736937128631,300.78,76,sell
TSLA,1736937128835,200.02,42,buy
NVDA,1736937128939,503.84,5,buy
TSLA,1736937129401,199.0,16,sell
MSFT,1736937129503,299.41,47,sell
MSFT,1736937129602,297.47,73,sell
NVDA,1736937129624,502.35,13,sell
TSLA,1736937130977,195.35,72,buy
TSLA,1736937132070,195.18,18,buy
MSFT,1736937132479,297.5,80,buy
MSFT,1736937135000,300.61,53,buy
AAPL,1736937135439,151.97,48,sell
SPY,1736937135608,400.48,10,buy
AAPL,1736937136558,152.77,81,buy
SPY,1736937137547,400.7,91,sell
NVDA,1736937137573,499.22,72,buy
AAPL,1736937139688,150.64,80,sell
NVDA,1736937140195,502.1,100,sell
TSLA,1736937140763,198.6,86,buy
NVDA,1736937142102,500.49,40,buy
NVDA,1736937144202,501.11,96,buy
AAPL,1736937145127,149.91,30,buy
TSLA,1736937145175,194.43,73,sell
MSFT,1736937145466,297.0,3,buy
MSFT,1736937146135,299.4,53,buy
SPY,1736937146137,401.23,91,sell
MSFT,1736937148212,300.31,47,sell
NVDA,1736937148305,499.03,30,buy
TSLA,1736937148874,193.17,87,buy
TSLA,1736937149050,198.4,67,buy
NVDA,1736937150653,502.51,52,buy
MSFT,1736937151065,299.12,6,sell
MSFT,1736937151249,302.56,51,sell
AAPL,1736937152045,150.4,80,buy
TSLA,1736937153953,198.75,60,sell
SPY,1736937156950,399.79,38,buy
AAPL,1736937157890,151.38,31,sell
TSLA,1736937158717,195.18,12,buy
MSFT,1736937160318,301.97,42,buy
AAPL,1736937160781,149.1,25,sell
TSLA,1736937161715,196.01,23,buy
SPY,1736937162245,401.46,70,buy
NVDA,1736937162756,501.62,16,sell
AAPL,1736937162833,150.43,99,sell
AAPL,1736937162847,152.87,77,sell
SPY,1736937164290,400.55,90,sell
TSLA,1736937164346,198.67,28,buy
MSFT,1736937165319,298.57,64,sell
MSFT,1736937165735,300.74,100,sell
SPY,1736937167922,399.74,42,sell
MSFT,1736937168146,301.83,44,buy
MSFT,1736937168510,298.27,43,sell
NVDA,1736937168900,499.73,15,buy
AAPL,1736937169179,151.84,33,buy
TSLA,1736937169314,199.45,45,buy
TSLA,1736937170105,199.05,83,sell
SPY,1736937171797,400.1,33,sell
TSLA,1736937172096,194.76,63,buy
TSLA,1736937172116,196.98,37,buy
MSFT,1736937173814,298.2,18,sell
SPY,1736937173841,400.35,87,buy
SPY,1736937175848,399.66,14,sell
AAPL,1736937177401,151.24,83,sell
TSLA,1736937177421,200.14,99,sell
MSFT,1736937177829,297.53,68,sell
TSLA,1736937178394,198.44,98,sell
NVDA,1736937178894,504.23,73,sell
SPY,1736937179926,399.79,90,sell
MSFT,1736937179979,300.82,86,buy
TSLA,1736937179981,194.16,88,buy
SPY,1736937181081,400.47,95,buy
SPY,1736937181670,399.78,100,buy
MSFT,1736937183830,299.01,6,sell
TSLA,1736937187065,195.25,45,sell
AAPL,1736937187343,150.69,43,buy
TSLA,1736937190174,195.42,91,buy
MSFT,1736937190897,297.05,75,buy
SPY,1736937193796,400.42,44,sell
NVDA,1736937194762,500.79,50,buy
SPY,1736937196752,400.61,27,sell
NVDA,1736937198051,499.3,86,buy
NVDA,1736937198755,501.34,47,buy
MSFT,1736937199242,299.22,90,sell
MSFT,1736937199346,301.97,53,buy
AAPL,1736937200026,151.81,16,buy
TSLA,1736937200819,194.46,25,buy
SPY,1736937200952,400.15,19,buy
MSFT,1736937201879,299.05,1,buy
SPY,1736937203273,399.91,55,buy
SPY,1736937206502,399.64,9,buy
SPY,1736937206624,400.29,85,buy
MSFT,1736937208155,300.46,64,buy
SPY,1736937208216,399.71,41,buy
MSFT,1736937211450,297.17,36,buy
AAPL,1736937212295,152.07,56,buy
MSFT,1736937212817,299.04,15,buy
TSLA,1736937213207,199.75,96,buy
SPY,1736937213641,400.43,57,sell
AAPL,1736937215102,152.08,77,sell
NVDA,1736937215519,501.68,28,buy
SPY,1736937216014,399.86,60,sell
AAPL,1736937216267,152.51,87,sell
MSFT,1736937217125,300.41,36,sell
TSLA,1736937217967,195.4,96,buy
TSLA,1736937218734,195.58,64,buy
TSLA,1736937223859,195.52,56,buy
TSLA,1736937223964,194.94,7,sell
TSLA,1736937224404,195.55,34,buy
MSFT,1736937226349,303.32,78,buy
SPY,1736937226363,399.6,18,sell
TSLA,1736937226772,193.99,61,sell
NVDA,1736937227077,503.29,34,sell
AAPL,1736937229102,149.89,67,sell
AAPL,1736937229623,151.09,10,sell
AAPL,1736937230647,152.0,99,buy
TSLA,1736937231182,196.15,54,sell
AAPL,1736937232492,150.68,95,sell
TSLA,1736937233297,195.19,83,buy
TSLA,1736937235162,200.11,81,buy
TSLA,1736937235700,193.3,35,sell
TSLA,1736937235735,195.42,75,sell
TSLA,1736937236611,200.35,6,buy
TSLA,1736937236757,198.37,19,sell
TSLA,1736937237785,198.15,30,sell
MSFT,1736937237985,298.45,84,sell
AAPL,1736937238381,150.26,64,buy
TSLA,1736937238437,193.88,35,buy
TSLA,1736937239041,197.28,48,sell
AAPL,1736937239165,151.94,2,sell
NVDA,1736937239964,502.37,47,buy
AAPL,1736937240391,151.75,9,sell
TSLA,1736937241381,194.52,85,sell
TSLA,1736937241520,193.12,64,sell
AAPL,1736937243593,150.78,69,buy
SPY,1736937244176,398.83,87,buy
MSFT,1736937244324,302.19,56,sell
SPY,1736937244406,399.52,68,sell
SPY,1736937244572,399.81,52,buy
SPY,1736937244642,400.42,13,sell
SPY,1736937244728,399.23,3,buy
TSLA,1736937244736,199.8,37,sell
AAPL,1736937245455,151.35,93,buy
NVDA,1736937247641,501.24,35,buy
NVDA,1736937247977,501.69,16,buy
NVDA,1736937249158,499.23,21,buy
SPY,1736937249374,399.48,60,sell
MSFT,1736937249784,300.98,80,sell
TSLA,1736937250024,198.51,52,sell
AAPL,1736937250564,150.55,64,sell
NVDA,1736937251269,499.49,1,buy
AAPL,1736937251511,151.85,82,sell
AAPL,1736937252080,152.56,41,buy
SPY,1736937252864,401.28,8,sell
MSFT,1736937254264,302.4,49,sell
MSFT,1736937255446,301.03,28,buy
NVDA,1736937255676,501.88,71,buy
SPY,1736937255688,400.67,3,sell
MSFT,1736937256447,302.07,93,buy
NVDA,1736937257181,498.99,87,buy
SPY,1736937257290,399.89,82,sell
TSLA,1736937257364,195.39,18,buy
NVDA,1736937257442,502.15,41,sell
TSLA,1736937257531,198.4,68,sell
NVDA,1736937257854,503.41,9,buy
MSFT,1736937258770,297.62,96,sell
AAPL,1736937259236,152.66,31,buy
NVDA,1736937259655,499.02,30,buy
MSFT,1736937261340,297.67,24,buy
MSFT,1736937262971,300.25,11,buy
MSFT,1736937263820,299.27,20,buy
NVDA,1736937264005,503.42,9,buy
SPY,1736937265122,398.89,90,sell
NVDA,1736937265801,503.46,61,buy
SPY,1736937266475,399.81,8,sell
NVDA,1736937267214,498.97,12,sell
MSFT,1736937268504,297.67,3,buy
NVDA,1736937269578,499.07,36,sell
MSFT,1736937271113,297.26,15,buy
MSFT,1736937271715,297.24,73,buy
AAPL,1736937272220,151.75,36,buy
NVDA,1736937272607,499.44,25,buy
AAPL,1736937273581,149.96,18,buy
AAPL,1736937275996,151.89,81,sell
AAPL,1736937277579,151.84,1,sell
SPY,1736937277961,400.52,69,buy
SPY,1736937280655,401.16,85,sell
SPY,1736937280894,399.19,7,buy
NVDA,1736937281070,502.81,26,sell
SPY,1736937281239,400.01,7,sell
TSLA,1736937281379,199.4,79,buy
NVDA,1736937281484,502.62,15,sell
MSFT,1736937281612,298.65,31,buy
MSFT,1736937281902,296.6,41,sell
NVDA,1736937284323,501.4,29,sell
MSFT,1736937284759,302.63,71,sell
SPY,1736937285265,399.65,60,sell
SPY,1736937286161,399.62,80,buy
AAPL,1736937286830,150.43,4,sell
AAPL,1736937287630,149.36,65,buy
TSLA,1736937288121,195.63,91,buy
MSFT,1736937288604,297.98,35,sell
MSFT,1736937289327,298.58,18,sell
AAPL,1736937289431,152.37,55,sell
AAPL,1736937290008,152.05,66,buy
SPY,1736937290028,401.65,38,buy
TSLA,1736937292217,194.74,83,buy
MSFT,1736937292734,302.04,93,sell
TSLA,1736937293992,197.01,81,buy
MSFT,1736937294727,300.14,32,sell
TSLA,1736937294877,197.8,4,sell
NVDA,1736937295417,500.61,8,sell
AAPL,1736937296780,152.11,15,buy
MSFT,1736937296962,302.53,3,sell
NVDA,1736937297827,502.9,14,buy
AAPL,1736937301267,150.31,79,sell
TSLA,1736937301659,195.58,53,sell
SPY,1736937301843,398.76,68,sell
AAPL,1736937301999,152.83,4,buy
AAPL,1736937302689,152.49,77,sell
AAPL,1736937303573,150.37,56,buy
MSFT,1736937303938,296.89,27,buy
MSFT,1736937304603,297.06,95,buy
MSFT,1736937305996,297.48,13,buy
AAPL,1736937308155,151.81,51,buy
TSLA,1736937309553,196.41,32,buy
SPY,1736937310222,398.87,70,sell
NVDA,1736937310300,500.36,73,sell
TSLA,1736937310614,197.71,83,sell
MSFT,1736937311288,297.62,40,buy
MSFT,1736937313954,298.59,4,buy
AAPL,1736937313967,152.04,61,buy
TSLA,1736937314050,198.14,93,sell
MSFT,1736937314250,299.13,72,buy
AAPL,1736937316280,149.19,23,sell
NVDA,1736937316334,499.66,81,buy
SPY,1736937316728,399.15,84,buy
TSLA,1736937316825,197.28,3,buy
TSLA,1736937316979,195.09,91,buy
TSLA,1736937318012,196.26,32,sell
TSLA,1736937318105,194.96,18,sell
SPY,1736937318406,399.85,5,buy
MSFT,1736937318801,297.29,92,buy
AAPL,1736937319026,151.73,56,sell
AAPL,1736937320595,151.77,46,buy
SPY,1736937321470,399.95,88,buy
SPY,1736937322049,400.48,94,buy
TSLA,1736937322623,194.99,38,sell
MSFT,1736937323030,302.01,4,sell
SPY,1736937323528,399.67,22,sell
NVDA,1736937323686,502.72,19,buy
AAPL,1736937323951,150.77,55,sell
NVDA,1736937325374,499.05,40,sell
TSLA,1736937327437,199.5,59,sell
MSFT,1736937327710,297.47,49,buy
SPY,1736937328178,400.31,18,buy
SPY,1736937330393,399.71,37,buy
NVDA,1736937330881,498.72,98,sell
NVDA,1736937332122,501.4,27,buy
SPY,1736937332195,401.47,97,sell
AAPL,1736937332699,150.03,81,buy
SPY,1736937333451,399.66,99,sell
NVDA,1736937334197,502.93,100,sell
TSLA,1736937334713,194.91,5,sell
AAPL,1736937335286,149.67,58,buy
SPY,1736937335600,400.67,68,buy
AAPL,1736937335871,152.09,10,sell
MSFT,1736937336127,299.71,76,sell
TSLA,1736937336414,197.45,43,sell
SPY,1736937336632,399.94,9,buy
NVDA,1736937336795,501.78,87,sell
AAPL,1736937336842,152.49,28,buy
TSLA,1736937337357,194.76,12,sell
TSLA,1736937337515,200.0,19,buy
TSLA,1736937338140,193.63,47,buy
MSFT,1736937338420,299.6,89,sell
SPY,1736937338445,399.04,89,buy
MSFT,1736937338747,298.59,12,sell
NVDA,1736937338940,498.7,39,sell
SPY,1736937340538,399.3,19,buy
TSLA,1736937340850,193.2,4,sell
SPY,1736937341501,400.86,39,sell
MSFT,1736937342452,297.42,65,buy
NVDA,1736937343669,501.26,2,buy
TSLA,1736937344152,195.59,79,sell
TSLA,1736937344914,198.94,52,buy
NVDA,1736937348091,499.47,92,buy
TSLA,1736937348493,195.14,77,buy
AAPL,1736937349050,149.75,29,buy
AAPL,1736937349483,152.41,23,buy
MSFT,1736937349678,300.13,4,sell
SPY,1736937351462,399.89,28,sell
SPY,1736937351575,399.99,34,sell
NVDA,1736937353129,499.36,87,buy
SPY,1736937355641,400.6,55,buy
AAPL,1736937355905,149.27,18,sell
AAPL,1736937356560,150.33,49,buy
TSLA,1736937356893,198.91,24,buy
NVDA,1736937356932,500.86,47,buy
AAPL,1736937357720,150.91,73,sell
AAPL,1736937357764,153.05,2,buy
TSLA,1736937358575,197.68,51,sell
MSFT,1736937359659,297.44,64,sell
NVDA,1736937360332,501.67,24,sell
AAPL,1736937361656,150.21,17,sell
NVDA,1736937361993,501.64,68,buy
NVDA,1736937362528,500.35,58,sell
MSFT,1736937363456,299.41,49,buy
TSLA,1736937364515,196.07,23,buy
SPY,1736937365272,399.11,13,sell
NVDA,1736937365458,501.16,19,buy
SPY,1736937365755,400.27,22,sell
SPY,1736937366990,401.65,31,buy
AAPL,1736937367816,150.08,69,sell
SPY,1736937368248,400.64,42,buy
SPY,1736937369458,400.83,40,sell
SPY,1736937369665,399.69,23,sell
TSLA,1736937372220,199.34,11,sell
AAPL,1736937373085,152.55,89,buy
MSFT,1736937373946,300.14,21,buy
NVDA,1736937374347,500.77,70,sell
AAPL,1736937374436,149.66,76,sell
TSLA,1736937374753,193.71,8,sell
TSLA,1736937376607,199.26,45,sell
TSLA,1736937379559,197.66,34,sell
TSLA,1736937379623,195.94,42,sell
TSLA,1736937379680,198.95,47,buy
TSLA,1736937379914,195.37,47,sell
NVDA,1736937380182,501.19,22,sell
NVDA,1736937381064,502.43,89,buy
TSLA,1736937381545,198.78,71,sell
TSLA,1736937382080,195.05,80,buy
SPY,1736937382455,399.73,15,sell
SPY,1736937382551,399.68,6,buy
NVDA,1736937382889,501.62,95,sell
MSFT,1736937383383,297.23,35,sell
MSFT,1736937383906,299.15,62,sell
NVDA,1736937384088,500.69,52,buy
MSFT,1736937384976,302.85,16,buy
MSFT,1736937385587,300.19,36,buy
SPY,1736937386594,399.58,59,sell
AAPL,1736937387399,149.14,56,buy
NVDA,1736937389025,501.5,74,buy
TSLA,1736937389031,198.81,6,sell
TSLA,1736937389137,194.91,9,sell
TSLA,1736937389892,198.4,5,sell
SPY,1736937391243,401.52,67,buy
SPY,1736937392471,399.41,93,sell
TSLA,1736937392982,198.06,37,sell
TSLA,1736937393528,195.33,92,sell
MSFT,1736937393869,298.9,95,sell
SPY,1736937394764,399.34,75,buy
AAPL,1736937396382,149.34,99,sell
MSFT,1736937396691,299.24,13,buy
MSFT,1736937396827,299.0,30,sell
AAPL,1736937397114,149.43,54,sell
MSFT,1736937397710,302.33,73,buy
NVDA,1736937397819,501.73,87,sell
AAPL,1736937397907,149.84,58,sell
MSFT,1736937397973,298.05,7,sell
MSFT,1736937398082,297.14,52,sell
NVDA,1736937398294,501.33,83,sell
SPY,1736937398331,398.81,92,buy
TSLA,1736937398910,199.17,15,sell
TSLA,1736937398914,195.46,27,sell
MSFT,1736937403182,299.35,30,buy
SPY,1736937403265,401.25,7,buy
SPY,1736937403369,400.26,62,sell
SPY,1736937404948,400.07,91,sell
AAPL,1736937405600,153.02,4,sell
SPY,1736937405791,399.86,32,buy
AAPL,1736937406331,150.26,27,sell
NVDA,1736937407378,500.51,36,sell
NVDA,1736937407986,499.86,26,sell
TSLA,1736937409636,198.48,75,buy
AAPL,1736937410969,151.37,15,buy
SPY,1736937411378,399.3,44,buy
MSFT,1736937413190,297.74,40,sell
SPY,1736937413359,400.45,47,sell
MSFT,1736937413967,297.68,67,sell
MSFT,1736937415117,300.31,40,sell
AAPL,1736937415800,152.2,41,sell
SPY,1736937416160,401.34,57,buy
MSFT,1736937416498,297.37,32,buy
TSLA,1736937417015,195.84,88,sell
MSFT,1736937417387,297.13,57,buy
AAPL,1736937417456,152.82,21,sell
NVDA,1736937418145,500.07,64,sell
TSLA,1736937418380,198.98,47,buy
SPY,1736937420393,399.96,22,buy
MSFT,1736937420730,300.05,27,sell
SPY,1736937421130,401.42,56,sell
SPY,1736937422521,399.0,70,sell
SPY,1736937423089,399.44,30,buy
NVDA,1736937425072,503.21,44,sell
TSLA,1736937427090,195.21,60,sell
TSLA,1736937427824,196.28,74,sell
SPY,1736937428827,400.56,79,buy
NVDA,1736937431183,501.99,52,buy
SPY,1736937431708,399.72,64,sell
TSLA,1736937431923,198.27,13,buy
SPY,1736937432066,400.72,63,buy
SPY,1736937432593,399.77,29,buy
MSFT,1736937432846,299.18,26,sell
TSLA,1736937433464,200.23,2,buy
MSFT,1736937433611,297.29,27,buy
MSFT,1736937435007,301.11,41,sell
TSLA,1736937435035,197.68,69,sell
SPY,1736937435115,401.52,54,sell
NVDA,1736937435310,500.95,15,sell
NVDA,1736937436391,499.34,33,sell
SPY,1736937436747,400.23,55,sell
MSFT,1736937436780,298.87,54,buy
NVDA,1736937438057,501.89,66,sell
MSFT,1736937440204,296.93,1,sell
NVDA,1736937442027,501.96,30,sell
TSLA,1736937442126,198.57,35,sell
SPY,1736937443037,400.61,46,sell
SPY,1736937443281,400.99,81,buy
NVDA,1736937443742,499.19,40,buy
TSLA,1736937444030,198.29,25,sell
SPY,1736937446015,401.21,36,sell
SPY,1736937446095,399.63,48,sell
MSFT,1736937446760,297.5,44,sell
TSLA,1736937447130,195.42,86,buy
MSFT,1736937447211,302.12,35,sell
TSLA,1736937449295,195.15,7,sell
NVDA,1736937451060,502.39,100,buy
TSLA,1736937451220,197.99,69,sell
MSFT,1736937451663,299.46,26,sell
MSFT,1736937453207,299.5,10,buy
NVDA,1736937453464,501.99,60,buy
TSLA,1736937454509,195.91,73,buy
AAPL,1736937454939,149.05,41,sell
TSLA,1736937456651,198.64,29,buy
NVDA,1736937457422,501.34,73,sell
NVDA,1736937458432,499.04,75,buy
SPY,1736937460355,400.0,83,buy
TSLA,1736937460489,194.08,76,buy
SPY,1736937460855,401.16,93,sell
AAPL,1736937461574,150.69,73,buy
AAPL,1736937462176,152.11,64,buy
SPY,1736937462309,399.58,3,sell
SPY,1736937462942,398.98,29,sell
MSFT,1736937463967,297.33,66,buy
NVDA,1736937464540,501.19,56,sell
AAPL,1736937464548,149.88,7,buy
AAPL,1736937465319,152.55,19,sell
SPY,1736937468348,400.73,72,buy
AAPL,1736937469408,152.62,30,sell
AAPL,1736937470173,151.85,12,buy
TSLA,1736937473062,195.6,4,sell
MSFT,1736937475310,299.38,51,sell
MSFT,1736937475937,299.56,99,sell
NVDA,1736937476191,499.26,58,buy
AAPL,1736937476720,151.02,47,sell
SPY,1736937478154,399.01,1,buy
NVDA,1736937479732,501.71,25,buy
AAPL,1736937480428,149.69,85,buy
NVDA,1736937481221,501.17,95,buy
TSLA,1736937481650,198.28,39,buy
NVDA,1736937482007,498.78,73,buy
TSLA,1736937483077,193.57,20,buy
NVDA,1736937485157,499.2,99,buy
MSFT,1736937486320,299.18,19,sell
SPY,1736937486586,400.43,39,buy
MSFT,1736937486863,298.15,47,buy
MSFT,1736937487514,302.85,10,sell
TSLA,1736937488577,197.26,46,sell
TSLA,1736937489160,195.27,3,sell
SPY,1736937490361,399.5,20,buy
NVDA,1736937490546,501.71,25,buy
SPY,1736937490691,399.07,63,sell
TSLA,1736937491004,193.17,68,sell
AAPL,1736937491085,152.02,42,buy
MSFT,1736937491630,298.66,71,buy
AAPL,1736937491747,151.5,95,buy
NVDA,1736937492109,500.52,52,sell
TSLA,1736937493343,198.76,1,sell
MSFT,1736937493562,299.2,27,sell
NVDA,1736937493587,502.84,17,buy
SPY,1736937496148,400.25,75,sell
AAPL,1736937496359,150.42,29,sell
MSFT,1736937497198,301.65,95,buy
SPY,1736937498036,399.18,19,buy
AAPL,1736937501410,151.94,11,buy
TSLA,1736937501607,199.93,99,buy
MSFT,1736937501784,297.06,1,buy
MSFT,1736937504047,299.2,40,buy
MSFT,1736937504392,299.22,15,sell
NVDA,1736937504797,499.51,27,buy
SPY,1736937504974,401.3,76,sell
TSLA,1736937505738,196.99,37,sell
NVDA,1736937506450,499.6,52,buy
NVDA,1736937507367,500.1,34,buy
NVDA,1736937508086,500.55,96,sell
NVDA,1736937508126,501.88,97,buy
AAPL,1736937508147,152.18,48,sell
AAPL,1736937508298,150.54,90,buy
MSFT,1736937508746,296.8,15,buy
TSLA,1736937509608,199.72,22,buy
SPY,1736937509741,400.5,1,buy
SPY,1736937511071,400.0,31,buy
MSFT,1736937511830,297.52,22,sell
MSFT,1736937511913,298.49,77,buy
NVDA,1736937512440,500.65,16,sell
TSLA,1736937513002,198.29,12,sell
SPY,1736937513536,400.52,50,buy
AAPL,1736937513634,150.94,78,buy
NVDA,1736937514308,500.44,25,sell
SPY,1736937514365,399.48,29,buy
NVDA,1736937514760,501.98,13,buy
AAPL,1736937515405,151.43,42,sell
SPY,1736937517152,399.9,91,buy
MSFT,1736937517767,297.47,25,sell
MSFT,1736937517966,298.9,83,buy
MSFT,1736937518670,300.94,22,buy
AAPL,1736937518738,152.78,54,buy
MSFT,1736937518878,298.94,98,sell
MSFT,1736937520031,299.94,65,sell
NVDA,1736937520898,503.11,54,sell
MSFT,1736937521118,298.61,67,buy
NVDA,1736937521922,499.18,84,sell
NVDA,1736937522213,501.09,7,buy
SPY,1736937522465,399.54,99,sell
TSLA,1736937522839,199.14,55,buy
NVDA,1736937524407,502.21,81,buy
TSLA,1736937524573,197.89,49,sell
SPY,1736937525229,399.9,29,sell
TSLA,1736937527421,198.42,60,sell
AAPL,1736937528350,150.16,79,buy
TSLA,1736937528637,195.32,76,sell
MSFT,1736937529237,299.26,19,sell
AAPL,1736937529281,152.76,11,sell
TSLA,1736937531235,199.77,22,buy
MSFT,1736937531306,299.93,63,buy
MSFT,1736937531545,301.83,57,sell
NVDA,1736937531547,499.65,57,buy
SPY,1736937531657,399.18,46,buy
TSLA,1736937533562,199.07,41,sell
MSFT,1736937534056,302.5,96,sell
AAPL,1736937534258,150.11,27,sell
SPY,1736937535727,399.61,60,buy
NVDA,1736937536658,500.41,25,buy
MSFT,1736937536664,301.62,68,buy
SPY,1736937536780,399.6,99,sell
TSLA,1736937537291,195.59,62,buy
SPY,1736937537548,399.49,48,buy
AAPL,1736937538264,152.96,28,sell
NVDA,1736937538789,502.79,55,buy
SPY,1736937539204,399.5,28,sell
SPY,1736937539849,400.62,85,sell
SPY,1736937540576,400.86,94,buy
AAPL,1736937540622,151.96,36,buy
NVDA,1736937542084,502.95,80,buy
MSFT,1736937542370,299.09,57,sell
SPY,1736937542873,400.56,90,sell
NVDA,1736937542999,503.15,45,sell
SPY,1736937543047,399.36,87,sell
MSFT,1736937543140,297.28,73,sell
SPY,1736937543411,399.72,12,buy
TSLA,1736937543910,198.12,89,sell
AAPL,1736937544453,151.59,46,buy
AAPL,1736937544723,150.11,85,sell
TSLA,1736937545556,198.94,47,sell
TSLA,1736937545589,198.42,74,buy
AAPL,1736937545873,149.34,14,sell
TSLA,1736937546840,193.42,83,buy
MSFT,1736937548147,299.16,48,buy
AAPL,1736937548518,149.86,23,sell
TSLA,1736937549197,196.37,47,sell
MSFT,1736937549989,300.15,21,sell
NVDA,1736937550170,501.74,54,buy
TSLA,1736937551459,193.62,71,buy
AAPL,1736937552329,152.75,43,buy
SPY,1736937552918,399.66,38,sell
TSLA,1736937553702,195.23,22,sell
AAPL,1736937554598,150.2,61,sell
SPY,1736937555344,399.88,33,buy
NVDA,1736937555350,499.31,87,buy
MSFT,1736937555473,300.64,38,buy
AAPL,1736937556132,152.41,18,buy
AAPL,1736937556297,151.52,89,buy
TSLA,1736937556729,198.74,14,buy
MSFT,1736937556765,299.8,59,buy
NVDA,1736937557244,500.42,46,sell
TSLA,1736937557504,198.25,57,sell
SPY,1736937557971,400.38,80,sell
MSFT,1736937558644,299.02,27,buy
SPY,1736937558891,400.15,9,buy
SPY,1736937559259,398.66,14,sell
SPY,1736937560160,400.43,98,buy
SPY,1736937563009,400.62,36,buy
NVDA,1736937564153,501.75,31,buy
TSLA,1736937564856,198.78,32,sell
TSLA,1736937565155,194.8,43,sell
NVDA,1736937566036,501.2,26,buy
AAPL,1736937566663,149.51,16,sell
MSFT,1736937566952,297.72,95,sell
TSLA,1736937567261,195.52,94,buy
SPY,1736937567390,399.32,21,buy
MSFT,1736937567916,299.45,80,sell
TSLA,1736937567982,195.29,10,sell
TSLA,1736937570498,195.18,66,sell
AAPL,1736937570669,152.02,65,buy
SPY,1736937572830,399.67,90,sell
NVDA,1736937574368,502.51,96,sell
NVDA,1736937575079,503.43,40,buy
NVDA,1736937576080,500.51,7,buy
TSLA,1736937576859,200.05,39,sell
AAPL,1736937577404,149.89,91,sell
MSFT,1736937577626,298.61,80,buy
NVDA,1736937578681,500.32,54,sell
AAPL,1736937579138,150.21,21,buy
MSFT,1736937580244,296.67,25,buy
SPY,1736937580460,400.75,33,sell
MSFT,1736937580538,299.49,34,buy
AAPL,1736937581028,149.76,48,buy
TSLA,1736937581680,198.89,7,sell
AAPL,1736937582178,151.57,79,buy
MSFT,1736937583353,297.09,66,buy
MSFT,1736937583868,299.94,30,sell
AAPL,1736937586093,151.89,90,buy
SPY,1736937586372,399.62,17,sell
SPY,1736937589371,401.12,26,sell
MSFT,1736937589818,302.87,65,sell
MSFT,1736937589967,301.81,99,buy
AAPL,1736937591708,152.47,9,sell
AAPL,1736937593211,151.92,15,sell
MSFT,1736937593571,298.52,65,buy
NVDA,1736937594362,502.31,56,sell
NVDA,1736937594454,501.76,71,buy
SPY,1736937596547,399.83,94,sell
MSFT,1736937598257,303.02,52,buy
TSLA,1736937598346,196.54,97,sell
NVDA,1736937599812,501.4,3,buy
MSFT,1736937600349,297.41,11,sell
NVDA,1736937601292,499.24,6,sell
AAPL,1736937601501,152.98,89,buy
SPY,1736937603164,400.72,100,sell
MSFT,1736937603298,301.37,31,sell
MSFT,1736937603618,301.87,90,sell
SPY,1736937603939,400.13,31,buy
SPY,1736937604725,400.61,16,sell
MSFT,1736937605313,300.07,90,buy
AAPL,1736937605602,152.73,95,sell
NVDA,1736937605644,502.87,22,sell
NVDA,1736937606307,500.82,45,sell
SPY,1736937606413,400.8,72,buy
AAPL,1736937606565,151.76,1,sell
AAPL,1736937609583,152.52,78,sell
NVDA,1736937609592,498.18,16,buy
MSFT,1736937609791,299.73,72,sell
SPY,1736937610993,399.83,88,sell
AAPL,1736937611481,152.51,98,sell
AAPL,1736937612223,150.38,8,buy
SPY,1736937612491,401.28,78,sell
TSLA,1736937614068,197.96,36,buy
SPY,1736937614205,399.48,16,buy
NVDA,1736937614753,503.86,37,buy
SPY,1736937615086,398.86,8,sell
MSFT,1736937615872,301.45,27,buy
NVDA,1736937615913,499.89,61,buy
AAPL,1736937616182,151.64,87,sell
TSLA,1736937617845,197.67,15,buy
AAPL,1736937618014,153.04,85,buy
TSLA,1736937621460,199.97,100,buy
MSFT,1736937624428,299.46,60,buy
MSFT,1736937624584,302.51,93,buy
MSFT,1736937626015,297.82,99,sell
SPY,1736937626794,399.45,72,buy
MSFT,1736937627481,300.08,27,sell
SPY,1736937627836,399.43,47,sell
MSFT,1736937628287,300.9,36,sell
MSFT,1736937629710,297.01,89,sell
MSFT,1736937629909,301.93,86,buy
TSLA,1736937631137,194.1,70,buy
TSLA,1736937631553,199.07,67,sell
MSFT,1736937631578,297.49,24,sell
TSLA,1736937631935,199.1,14,sell
SPY,1736937632360,399.15,11,sell
AAPL,1736937632769,149.74,58,buy
AAPL,1736937633300,149.35,81,buy
SPY,1736937633742,399.66,19,sell
TSLA,1736937634051,196.99,76,sell
NVDA,1736937634453,499.91,64,sell
TSLA,1736937635642,198.68,7,buy
AAPL,1736937635792,152.51,66,buy
NVDA,1736937636008,500.32,22,sell
NVDA,1736937636161,500.42,91,sell
NVDA,1736937636783,500.16,71,sell
TSLA,1736937636828,199.97,28,sell
TSLA,1736937637830,195.98,85,buy
NVDA,1736937638714,500.73,8,buy
AAPL,1736937638853,152.28,10,sell
NVDA,1736937641562,500.39,90,buy
TSLA,1736937641694,199.45,34,buy
NVDA,1736937642028,503.07,55,sell
MSFT,1736937642116,299.33,42,buy
SPY,1736937642129,399.76,73,buy
SPY,1736937643323,400.97,82,buy
TSLA,1736937643379,195.06,16,sell
AAPL,1736937643389,149.62,41,buy
MSFT,1736937644324,300.16,35,sell
SPY,1736937644672,400.88,85,buy
SPY,1736937645253,399.45,99,sell
NVDA,1736937645400,502.12,39,buy
MSFT,1736937646023,302.65,30,buy
SPY,1736937646547,399.51,70,buy
TSLA,1736937646802,195.29,44,sell
MSFT,1736937647442,296.81,66,buy
NVDA,1736937647584,503.13,39,buy
TSLA,1736937648145,195.31,60,buy
NVDA,1736937648175,499.97,66,sell
AAPL,1736937650425,153.03,2,buy
NVDA,1736937651199,503.58,7,sell
TSLA,1736937652232,195.26,36,buy
AAPL,1736937652939,150.3,86,sell
TSLA,1736937653556,196.49,96,sell
NVDA,1736937653682,498.25,7,buy
AAPL,1736937654963,149.34,75,sell
MSFT,1736937658406,297.48,66,sell
TSLA,1736937659239,198.33,66,buy
MSFT,1736937661062,301.53,70,sell
SPY,1736937661118,400.81,11,sell
TSLA,1736937662025,194.53,100,sell
TSLA,1736937662027,199.17,89,sell
TSLA,1736937663707,194.89,77,sell
SPY,1736937664909,399.36,33,sell
SPY,1736937665485,399.75,26,sell
AAPL,1736937665788,149.96,48,buy
MSFT,1736937666332,298.84,72,buy
TSLA,1736937666719,195.39,62,buy
AAPL,1736937667910,151.56,75,buy
SPY,1736937669821,399.61,12,buy
MSFT,1736937670204,299.78,6,buy
TSLA,1736937670383,199.78,93,buy
TSLA,1736937670600,197.68,90,buy
MSFT,1736937670631,300.03,37,buy
NVDA,1736937671348,503.81,98,sell
MSFT,1736937671717,297.88,51,buy
SPY,1736937671947,399.22,34,sell
MSFT,1736937673376,300.22,3,buy
AAPL,1736937674100,149.18,99,sell
TSLA,1736937674178,197.2,15,buy
AAPL,1736937675308,152.12,52,buy
SPY,1736937675518,398.79,46,buy
SPY,1736937677489,399.71,60,sell
MSFT,1736937677853,300.0,11,sell
NVDA,1736937678573,498.94,54,buy
AAPL,1736937678729,152.49,37,sell
TSLA,1736937678762,200.01,18,buy
MSFT,1736937678884,297.07,27,buy
MSFT,1736937679565,301.25,96,buy
SPY,1736937679875,398.88,59,sell
MSFT,1736937679973,303.19,66,sell
AAPL,1736937680419,149.7,30,buy
MSFT,1736937680571,296.71,86,sell
MSFT,1736937680673,300.34,42,sell
TSLA,1736937682214,199.14,5,sell
SPY,1736937682342,399.27,51,buy
NVDA,1736937683585,502.34,75,buy
NVDA,1736937683775,502.64,11,buy
AAPL,1736937684699,151.66,7,sell
MSFT,1736937685210,299.19,32,sell
AAPL,1736937685330,152.02,43,buy
AAPL,1736937685726,151.89,52,sell
TSLA,1736937686521,198.39,87,buy
NVDA,1736937687287,501.13,37,buy
MSFT,1736937687858,299.27,24,sell
MSFT,1736937688091,303.17,43,sell
MSFT,1736937689072,300.2,76,buy
NVDA,1736937690332,499.56,50,sell
MSFT,1736937691898,300.35,98,sell
TSLA,1736937692266,195.56,3,buy
TSLA,1736937693885,195.62,93,sell
SPY,1736937694014,399.73,93,buy
AAPL,1736937694604,150.76,60,sell
MSFT,1736937694843,299.16,76,sell
SPY,1736937695019,399.97,4,sell
NVDA,1736937695825,501.91,96,sell
MSFT,1736937696051,299.78,23,sell
AAPL,1736937696298,152.5,85,sell
TSLA,1736937696686,198.53,54,sell
AAPL,1736937698112,152.68,21,buy
TSLA,1736937699744,198.99,75,sell
AAPL,1736937700306,149.98,62,buy
NVDA,1736937701922,501.23,47,sell
NVDA,1736937702065,503.71,47,buy
NVDA,1736937702467,501.13,16,buy
AAPL,1736937703228,152.11,87,buy
TSLA,1736937704601,195.07,95,sell
TSLA,1736937704745,196.93,38,buy
MSFT,1736937704856,302.87,95,sell
AAPL,1736937705405,149.81,11,sell
NVDA,1736937705717,501.12,17,sell
TSLA,1736937706133,199.75,7,buy
TSLA,1736937706170,198.91,13,sell
SPY,1736937706534,401.35,17,sell
MSFT,1736937706934,299.15,83,buy
SPY,1736937707395,399.86,12,sell
SPY,1736937708412,401.63,30,sell
NVDA,1736937710022,502.44,12,sell
SPY,1736937710344,400.31,78,buy
SPY,1736937710807,398.85,33,buy
MSFT,1736937711774,298.53,96,buy
NVDA,1736937712374,499.66,74,sell
MSFT,1736937712579,299.08,78,buy
TSLA,1736937712729,195.26,31,buy
NVDA,1736937713117,500.16,15,buy
TSLA,1736937713277,193.79,62,buy
AAPL,1736937714006,149.24,100,buy
TSLA,1736937714875,198.98,86,sell
NVDA,1736937714910,501.62,39,buy
MSFT,1736937715460,300.25,71,buy
NVDA,1736937716369,503.34,31,sell
SPY,1736937717445,399.07,58,buy
NVDA,1736937718629,502.36,92,sell
SPY,1736937718711,400.06,78,sell
AAPL,1736937719826,149.44,98,sell
SPY,1736937720315,399.27,89,buy
NVDA,1736937721946,503.78,65,buy
NVDA,1736937723122,500.82,73,sell
AAPL,1736937723153,152.42,14,buy
SPY,1736937724468,399.77,51,sell
TSLA,1736937724583,196.02,62,sell
SPY,1736937725377,399.43,56,buy
MSFT,1736937725557,300.5,59,sell
TSLA,1736937725816,195.22,70,sell
AAPL,1736937726371,150.08,85,buy
TSLA,1736937726478,196.01,20,sell
TSLA,1736937727614,197.8,10,sell
AAPL,1736937727732,149.41,91,buy
SPY,1736937732590,400.75,47,buy
MSFT,1736937733306,296.86,38,buy
MSFT,1736937735176,300.72,57,sell
NVDA,1736937735524,501.91,48,buy
NVDA,1736937735678,501.07,78,sell
AAPL,1736937736848,149.04,61,sell
MSFT,1736937737166,298.9,85,buy
NVDA,1736937738203,501.69,66,sell
NVDA,1736937738816,499.8,47,buy
TSLA,1736937740772,198.87,24,buy
SPY,1736937741754,400.12,24,buy
MSFT,1736937742112,296.8,95,sell
TSLA,1736937742900,197.85,2,buy
SPY,1736937743086,399.83,20,sell
TSLA,1736937743368,199.08,31,buy
MSFT,1736937744317,298.71,38,sell
NVDA,1736937744790,501.18,52,sell
MSFT,1736937744985,299.36,44,sell
MSFT,1736937745055,301.82,28,buy
NVDA,1736937745902,499.88,96,buy
AAPL,1736937747231,152.72,29,buy
AAPL,1736937747328,151.29,4,sell
MSFT,1736937747733,297.45,75,buy
TSLA,1736937749497,193.67,60,sell
TSLA,1736937750075,196.28,59,buy
SPY,1736937750225,399.81,42,sell
SPY,1736937750481,401.03,82,sell
TSLA,1736937751255,198.42,90,sell
AAPL,1736937751263,149.88,100,sell
NVDA,1736937752829,501.37,81,buy
AAPL,1736937753145,149.96,53,buy
NVDA,1736937753457,503.32,48,sell
NVDA,1736937754639,502.7,34,sell
AAPL,1736937754958,151.26,67,buy
NVDA,1736937757963,500.76,63,buy
NVDA,1736937758584,501.77,90,sell
SPY,1736937759882,400.18,96,sell
NVDA,1736937760212,503.2,73,sell
MSFT,1736937760301,299.1,28,sell
TSLA,1736937760889,196.45,27,sell
AAPL,1736937761142,150.62,81,buy
MSFT,1736937761688,299.17,64,sell
MSFT,1736937762127,297.64,85,buy
TSLA,1736937762817,200.12,27,buy
NVDA,1736937764006,502.65,10,buy
NVDA,1736937764124,503.01,54,sell
NVDA,1736937765580,500.12,51,sell
MSFT,1736937765944,299.27,96,buy
SPY,1736937766115,400.51,66,buy
MSFT,1736937766770,300.05,90,buy
SPY,1736937768081,399.68,1,sell
SPY,1736937769177,400.02,70,sell
TSLA,1736937770034,197.94,50,buy
SPY,1736937770238,400.72,94,buy
TSLA,1736937772030,199.91,34,buy
NVDA,1736937772480,500.25,55,buy
SPY,1736937772511,399.53,92,sell
NVDA,1736937773417,503.18,23,buy
AAPL,1736937773750,152.39,51,buy
SPY,1736937773796,401.08,85,buy
SPY,1736937773902,399.71,17,buy
AAPL,1736937774301,152.58,100,buy
TSLA,1736937774514,199.77,49,buy
TSLA,1736937774768,194.52,87,sell
SPY,1736937774851,401.35,96,sell
NVDA,1736937774975,501.04,46,buy
AAPL,1736937775056,152.23,90,buy
SPY,1736937775435,399.75,90,sell
NVDA,1736937775463,499.38,44,sell
AAPL,1736937776496,149.45,50,buy
NVDA,1736937778817,501.84,62,buy
NVDA,1736937778978,499.55,16,sell
SPY,1736937779606,399.45,85,sell
TSLA,1736937780394,197.85,4,buy
AAPL,1736937782082,150.31,76,buy
TSLA,1736937782720,196.04,26,buy
AAPL,1736937783449,152.29,23,sell
TSLA,1736937784461,199.81,56,buy
SPY,1736937784470,401.12,12,buy
TSLA,1736937786125,194.93,40,sell
AAPL,1736937786766,152.02,14,buy
AAPL,1736937787328,152.9,29,buy
TSLA,1736937787834,195.47,28,sell
SPY,1736937788415,400.57,7,buy
NVDA,1736937790317,500.19,70,sell
SPY,1736937790412,400.84,36,buy
SPY,1736937790944,399.61,19,sell
SPY,1736937791635,400.65,34,sell
MSFT,1736937792439,300.28,83,sell
SPY,1736937792638,398.93,88,buy
TSLA,1736937792803,199.75,73,sell
SPY,1736937792862,399.78,65,sell
NVDA,1736937793485,502.24,84,sell
SPY,1736937793846,401.08,6,sell
TSLA,1736937793978,200.27,28,buy
AAPL,1736937794322,153.01,40,sell
MSFT,1736937794480,298.77,27,sell
NVDA,1736937795120,499.43,36,buy
TSLA,1736937795131,196.96,36,buy
MSFT,1736937795289,301.42,35,buy
TSLA,1736937795865,199.35,58,buy
SPY,1736937796149,398.78,40,buy
SPY,1736937797318,399.49,46,buy
SPY,1736937797508,399.49,48,sell
AAPL,1736937798531,152.1,56,buy
AAPL,1736937798652,152.94,44,buy
NVDA,1736937799259,501.47,51,sell
MSFT,1736937799268,298.15,70,buy
TSLA,1736937799762,199.98,95,buy
TSLA,1736937800490,193.51,38,sell
NVDA,1736937800614,502.02,95,buy
SPY,1736937800700,399.3,96,buy
SPY,1736937800882,401.54,81,sell
TSLA,1736937801108,194.5,69,buy
TSLA,1736937801158,194.7,1,sell
NVDA,1736937801285,501.89,63,buy
SPY,1736937801312,400.9,23,buy
TSLA,1736937801497,194.68,48,buy
TSLA,1736937801777,199.52,74,sell
MSFT,1736937802130,299.95,1,buy
AAPL,1736937802403,149.16,40,buy
MSFT,1736937804146,297.57,17,sell
MSFT,1736937804254,298.29,54,buy
MSFT,1736937804786,297.51,73,buy
SPY,1736937805160,400.18,48,sell
AAPL,1736937806247,150.21,24,buy
NVDA,1736937806638,501.62,7,buy
SPY,1736937806925,399.35,87,sell
MSFT,1736937808535,299.91,24,buy
MSFT,1736937810067,301.99,24,sell
NVDA,1736937810127,503.03,66,buy
NVDA,1736937810763,499.79,50,buy
SPY,1736937811043,400.15,4,sell
NVDA,1736937811720,499.83,2,sell
MSFT,1736937811978,301.41,70,sell
SPY,1736937812261,399.5,24,sell
SPY,1736937813441,400.76,28,buy
AAPL,1736937813486,152.51,44,sell
SPY,1736937814557,399.7,56,sell
SPY,1736937814768,399.01,76,buy
NVDA,1736937814841,500.48,100,buy
NVDA,1736937815424,499.11,2,sell
SPY,1736937815549,399.83,2,buy
NVDA,1736937817129,503.95,57,sell
MSFT,1736937818216,302.15,63,sell
TSLA,1736937818685,194.95,99,sell
AAPL,1736937818823,150.83,5,sell
SPY,1736937819219,400.12,81,buy
NVDA,1736937819881,502.73,89,sell
SPY,1736937820923,398.79,57,sell
AAPL,1736937821498,149.13,76,buy
SPY,1736937821765,399.28,52,buy
MSFT,1736937822320,297.53,22,sell
NVDA,1736937822707,502.34,72,buy
NVDA,1736937823031,499.65,12,buy
TSLA,1736937823355,195.41,10,buy
SPY,1736937823663,400.13,16,sell
MSFT,1736937824486,300.04,71,sell
MSFT,1736937826011,301.17,38,buy
MSFT,1736937826172,299.24,80,sell
MSFT,1736937826437,301.34,73,buy
SPY,1736937826784,399.83,66,buy
AAPL,1736937826964,151.9,4,sell
SPY,1736937827132,400.91,63,sell
NVDA,1736937827841,502.47,35,sell
MSFT,1736937828839,300.4,7,sell
MSFT,1736937829446,298.52,10,buy
TSLA,1736937831103,195.63,6,buy
SPY,1736937831280,399.47,95,buy
MSFT,1736937831963,297.63,22,buy
MSFT,1736937832405,297.43,26,sell
AAPL,1736937833335,150.92,63,sell
MSFT,1736937834320,300.03,61,buy
MSFT,1736937836703,296.73,73,buy
TSLA,1736937838856,199.24,19,sell
AAPL,1736937842386,151.98,74,buy
AAPL,1736937842412,152.0,30,buy
TSLA,1736937843678,198.63,26,buy
NVDA,1736937844757,500.31,84,buy
AAPL,1736937844772,152.01,17,buy
AAPL,1736937845032,151.97,31,sell
AAPL,1736937845032,150.93,25,buy
TSLA,1736937845510,198.86,73,sell
TSLA,1736937845563,198.37,18,sell
AAPL,1736937846207,150.91,27,buy
NVDA,1736937846933,499.93,93,sell
MSFT,1736937848558,297.92,3,buy
TSLA,1736937848586,198.96,92,buy
AAPL,1736937849311,151.64,65,buy
AAPL,1736937851639,150.13,7,sell
TSLA,1736937852281,200.07,29,buy
TSLA,1736937852626,196.82,65,sell
AAPL,1736937852638,149.52,22,sell
SPY,1736937853470,399.74,16,buy
MSFT,1736937853632,298.67,87,buy
MSFT,1736937855873,302.61,99,sell
SPY,1736937856796,400.46,93,sell
AAPL,1736937857702,151.67,18,sell
AAPL,1736937857810,149.4,51,sell
SPY,1736937858068,399.51,63,buy
NVDA,1736937860265,503.63,60,buy
NVDA,1736937860529,499.48,98,buy
AAPL,1736937861080,152.21,16,sell
NVDA,1736937861843,499.5,86,buy
AAPL,1736937862207,152.68,79,buy
AAPL,1736937862209,151.86,59,sell
TSLA,1736937862374,194.03,20,sell
SPY,1736937862662,400.81,14,sell
NVDA,1736937863010,499.83,22,buy
SPY,1736937863140,400.98,23,sell
TSLA,1736937864609,199.17,23,buy
TSLA,1736937865239,196.0,35,sell
NVDA,1736937865296,502.6,62,sell
AAPL,1736937865453,150.91,43,buy
AAPL,1736937866917,150.0,8,buy
MSFT,1736937869152,298.49,39,sell
MSFT,1736937869299,303.11,76,buy
NVDA,1736937869537,500.43,17,buy
AAPL,1736937869985,152.49,96,sell
SPY,1736937870693,399.1,100,sell
NVDA,1736937871869,502.57,94,buy
SPY,1736937871947,399.42,65,buy
MSFT,1736937873148,300.32,61,sell
TSLA,1736937874423,195.96,9,sell
TSLA,1736937874658,195.49,34,sell
MSFT,1736937875975,301.42,99,buy
TSLA,1736937876170,195.23,45,buy
AAPL,1736937876994,151.49,88,buy
NVDA,1736937877550,501.26,75,sell
NVDA,1736937877751,499.67,11,sell
NVDA,1736937880707,502.61,25,buy
AAPL,1736937880856,150.94,77,buy
MSFT,1736937880862,299.62,88,buy
AAPL,1736937881467,151.54,91,buy
MSFT,1736937882021,298.55,59,sell
TSLA,1736937883015,198.53,95,buy
AAPL,1736937883584,151.81,17,sell
AAPL,1736937884169,151.71,77,sell
MSFT,1736937884210,299.65,93,buy
SPY,1736937884554,400.0,93,buy
AAPL,1736937884625,150.69,64,buy
SPY,1736937885767,400.76,77,buy
SPY,1736937887100,400.93,59,buy
AAPL,1736937887401,152.22,94,sell
SPY,1736937888179,400.2,94,sell
SPY,1736937888591,401.27,18,buy
MSFT,1736937890438,299.8,44,buy
NVDA,1736937890692,500.37,29,buy
TSLA,1736937891592,198.19,88,buy
TSLA,1736937892458,193.09,15,buy
NVDA,1736937893140,503.32,42,buy
MSFT,1736937893255,296.79,18,buy
MSFT,1736937893468,297.19,73,sell
MSFT,1736937893528,299.78,21,buy
MSFT,1736937894651,299.7,55,buy
AAPL,1736937894995,151.78,15,sell
SPY,1736937895480,399.33,16,sell
MSFT,1736937896627,297.05,43,buy
MSFT,1736937897785,301.48,7,sell
AAPL,1736937898383,150.52,7,buy
NVDA,1736937898956,501.91,91,sell
SPY,1736937900907,401.27,93,sell
AAPL,1736937901091,152.54,44,sell
NVDA,1736937901243,499.28,95,buy
AAPL,1736937902051,152.79,28,sell
MSFT,1736937902514,299.14,40,buy
SPY,1736937904717,399.66,45,buy
AAPL,1736937905300,152.4,33,sell
MSFT,1736937905354,296.62,25,sell
MSFT,1736937906277,296.72,76,buy
AAPL,1736937906707,152.09,5,buy
MSFT,1736937907557,299.01,1,buy
MSFT,1736937907636,296.89,80,sell
TSLA,1736937908680,195.39,51,buy
TSLA,1736937908893,196.33,86,sell
SPY,1736937913748,400.07,37,buy
TSLA,1736937914851,198.2,64,buy
TSLA,1736937916300,194.94,95,sell
MSFT,1736937916966,300.31,78,sell
SPY,1736937917554,398.87,18,buy
AAPL,1736937917813,151.63,91,buy
SPY,1736937918436,399.78,58,sell
SPY,1736937918757,399.82,96,buy
AAPL,1736937919331,152.53,59,buy
MSFT,1736937919547,298.36,85,buy
NVDA,1736937920312,499.79,27,sell
TSLA,1736937920684,193.64,62,sell
SPY,1736937920888,399.58,86,buy
AAPL,1736937921595,149.72,57,buy
SPY,1736937922019,400.72,51,sell
AAPL,1736937922074,149.54,51,sell
MSFT,1736937922239,299.21,89,sell
NVDA,1736937924221,501.38,37,sell
NVDA,1736937924333,499.44,30,buy
NVDA,1736937924575,498.83,61,buy
MSFT,1736937927850,296.96,29,sell
NVDA,1736937927934,502.93,93,sell
TSLA,1736937928101,195.25,49,sell
NVDA,1736937929373,502.53,85,sell
MSFT,1736937929522,296.85,95,buy
SPY,1736937930733,401.32,76,buy
TSLA,1736937932638,199.08,82,sell
NVDA,1736937933270,500.31,90,buy
TSLA,1736937933814,198.51,27,buy
MSFT,1736937935115,297.06,79,buy
AAPL,1736937937129,151.81,61,sell
TSLA,1736937937528,197.7,48,buy
NVDA,1736937937652,501.02,96,buy
SPY,1736937937770,400.73,65,sell
NVDA,1736937937832,502.1,80,buy
AAPL,1736937938360,149.42,39,buy
MSFT,1736937938479,297.21,75,sell
TSLA,1736937938517,197.19,34,sell
TSLA,1736937939164,198.6,11,buy
NVDA,1736937939981,500.92,9,buy
NVDA,1736937941552,499.07,16,sell
MSFT,1736937941738,302.93,44,sell
MSFT,1736937941863,301.07,5,sell
AAPL,1736937942549,149.35,82,sell
NVDA,1736937942652,503.4,89,sell
AAPL,1736937942704,150.83,84,buy
TSLA,1736937943349,195.32,21,sell
AAPL,1736937943638,150.98,77,buy
MSFT,1736937944117,299.67,3,sell
NVDA,1736937944424,500.01,43,sell
NVDA,1736937944892,500.43,82,sell
NVDA,1736937944919,500.84,45,sell
NVDA,1736937946394,501.18,4,buy
NVDA,1736937946575,501.46,22,sell
AAPL,1736937946673,152.96,73,buy
TSLA,1736937947307,194.68,84,buy
AAPL,1736937947894,152.09,24,sell
NVDA,1736937948043,500.51,86,buy
TSLA,1736937951063,198.35,24,sell
AAPL,1736937951702,152.68,1,sell
AAPL,1736937953832,149.57,39,sell
TSLA,1736937954687,195.28,12,sell
AAPL,1736937955443,149.79,94,sell
MSFT,1736937955663,299.1,19,sell
NVDA,1736937955774,502.0,21,buy
SPY,1736937957242,401.4,71,buy
NVDA,1736937957582,503.46,71,sell
MSFT,1736937958667,298.37,44,sell
SPY,1736937960007,400.18,63,sell
SPY,1736937960077,399.65,70,buy
TSLA,1736937961511,200.01,69,buy
SPY,1736937961712,399.46,10,sell
MSFT,1736937961778,297.46,77,buy
SPY,1736937963135,400.99,86,buy
MSFT,1736937963468,297.25,10,sell
NVDA,1736937964474,499.88,71,buy
AAPL,1736937964961,151.87,36,buy
NVDA,1736937964974,503.62,81,buy
TSLA,1736937965206,199.14,32,sell
NVDA,1736937965255,501.17,52,buy
AAPL,1736937965668,151.12,27,buy
AAPL,1736937965712,152.1,95,buy
TSLA,1736937965750,199.83,2,buy
SPY,1736937967448,401.77,30,sell
AAPL,1736937968804,152.44,79,buy
AAPL,1736937970502,150.32,48,buy
SPY,1736937970535,400.25,92,buy
TSLA,1736937970787,199.21,18,buy
SPY,1736937971363,400.19,77,buy
AAPL,1736937972496,152.02,71,sell
AAPL,1736937973192,150.47,58,sell
TSLA,1736937973571,200.32,46,sell
NVDA,1736937973583,502.79,23,buy
MSFT,1736937973973,299.21,73,sell
NVDA,1736937975890,500.56,72,buy
SPY,1736937975905,399.61,84,buy
AAPL,1736937976013,150.24,61,sell
MSFT,1736937976066,297.06,24,buy
AAPL,1736937976262,151.98,66,buy
TSLA,1736937976476,198.69,32,buy
TSLA,1736937977180,198.38,12,buy
AAPL,1736937977677,151.13,80,sell
AAPL,1736937977824,152.25,77,sell
SPY,1736937978351,399.76,10,buy
SPY,1736937978425,401.28,20,sell
NVDA,1736937980538,500.55,25,sell
AAPL,1736937981411,150.56,69,sell
MSFT,1736937981426,297.34,65,sell
NVDA,1736937982197,501.77,92,sell
SPY,1736937982386,399.41,74,buy
MSFT,1736937985118,296.93,82,sell
NVDA,1736937986596,503.73,53,buy
AAPL,1736937988346,149.87,53,buy
AAPL,1736937989470,152.25,15,sell
NVDA,1736937989887,502.78,26,buy
MSFT,1736937990154,299.88,61,sell
MSFT,1736937991014,302.24,37,buy
NVDA,1736937991221,499.43,22,buy
AAPL,1736937991871,152.18,94,sell
SPY,1736937992035,400.39,64,sell
MSFT,1736937992656,296.69,88,sell
AAPL,1736937993471,151.96,50,buy
TSLA,1736937994650,194.49,63,sell
NVDA,1736937994682,501.19,9,buy
MSFT,1736937995666,300.95,17,buy
NVDA,1736937995740,501.23,13,buy
NVDA,1736937995751,503.41,39,buy
TSLA,1736937996111,198.74,26,sell
AAPL,1736937997835,151.19,84,sell
SPY,1736937999206,401.51,94,sell
MSFT,1736937999300,296.8,15,sell
NVDA,1736937999484,499.5,72,buy
MSFT,1736937999803,297.31,43,sell
MSFT,1736938000867,298.2,43,sell
AAPL,1736938001306,150.93,41,sell
AAPL,1736938001858,150.54,6,buy
MSFT,1736938001909,301.02,36,sell
TSLA,1736938002201,193.98,33,sell
AAPL,1736938002357,151.15,89,buy
MSFT,1736938003272,299.34,11,sell
MSFT,1736938003489,299.83,36,buy
MSFT,1736938004438,299.22,23,buy
MSFT,1736938004763,297.28,91,sell
MSFT,1736938005699,301.44,43,buy
AAPL,1736938006067,150.06,13,buy
SPY,1736938007920,399.0,23,sell
AAPL,1736938008823,150.17,45,sell
SPY,1736938009063,400.71,50,sell
AAPL,1736938009749,152.3,62,buy
TSLA,1736938010366,198.21,62,buy
NVDA,1736938011623,500.29,15,sell
TSLA,1736938013492,196.46,19,buy
TSLA,1736938013608,195.92,40,sell
TSLA,1736938014321,199.19,82,buy
SPY,1736938015385,399.66,32,buy
TSLA,1736938016114,197.9,79,sell
AAPL,1736938017569,150.17,57,buy
TSLA,1736938017836,198.34,50,sell
TSLA,1736938017993,194.86,94,buy
TSLA,1736938018799,197.99,92,sell
MSFT,1736938018958,302.84,72,buy
NVDA,1736938019201,503.31,61,buy
SPY,1736938019511,398.97,88,sell
SPY,1736938019845,400.52,35,buy
NVDA,1736938020549,501.56,7,sell
TSLA,1736938021104,197.72,84,buy
SPY,1736938021536,399.89,58,buy
TSLA,1736938021914,193.74,50,buy
NVDA,1736938022127,501.7,93,buy
TSLA,1736938023456,198.38,10,sell
SPY,1736938023727,399.93,51,buy
NVDA,1736938023797,500.34,32,buy
SPY,1736938024452,399.61,33,buy
SPY,1736938024559,400.41,11,sell
NVDA,1736938025269,499.64,23,sell
MSFT,1736938025885,297.41,32,sell
NVDA,1736938026260,499.32,11,sell
NVDA,1736938028962,503.2,76,buy
MSFT,1736938030012,297.98,99,buy
NVDA,1736938032152,502.27,70,buy
MSFT,1736938033355,298.79,27,buy
SPY,1736938037144,399.98,8,sell
MSFT,1736938037366,297.84,90,buy
TSLA,1736938037863,198.32,80,sell
SPY,1736938037868,400.52,90,sell
MSFT,1736938039443,297.05,13,sell
NVDA,1736938039714,503.63,31,buy
NVDA,1736938040966,500.19,83,buy
AAPL,1736938041016,150.06,45,sell
AAPL,1736938041557,152.24,14,buy
MSFT,1736938042912,298.21,87,buy
MSFT,1736938043220,297.18,75,buy
MSFT,1736938043250,301.63,44,buy
NVDA,1736938045825,500.94,65,buy
MSFT,1736938045917,298.94,83,sell
MSFT,1736938046166,301.89,65,buy
MSFT,1736938046264,296.94,32,buy
TSLA,1736938046471,193.94,83,buy
NVDA,1736938046953,504.18,40,sell
NVDA,1736938047373,500.99,17,sell
MSFT,1736938048303,302.95,42,sell
SPY,1736938049179,400.8,67,sell
SPY,1736938049391,399.81,61,sell
NVDA,1736938049967,499.94,33,sell
TSLA,1736938051954,197.93,24,sell
AAPL,1736938052207,151.79,18,sell
SPY,1736938052309,399.02,46,buy
AAPL,1736938053335,150.49,79,sell
TSLA,1736938053908,198.4,88,buy
AAPL,1736938055551,151.47,51,sell
MSFT,1736938056658,297.54,51,sell
AAPL,1736938057458,151.4,69,buy
NVDA,1736938057622,498.76,85,buy
TSLA,1736938058631,193.07,17,sell
AAPL,1736938058795,150.92,42,buy
NVDA,1736938059211,503.21,5,sell
MSFT,1736938059781,297.26,98,sell
MSFT,1736938060307,298.85,53,buy
TSLA,1736938060628,193.4,76,buy
NVDA,1736938060715,499.12,62,buy
TSLA,1736938061462,194.92,54,sell
NVDA,1736938062587,502.11,23,sell
MSFT,1736938063072,298.22,82,buy
AAPL,1736938063381,152.27,47,sell
AAPL,1736938064079,150.86,18,buy
NVDA,1736938064553,499.52,35,buy
MSFT,1736938064910,297.43,53,buy
NVDA,1736938066524,501.17,67,buy
MSFT,1736938067050,299.86,25,buy
TSLA,1736938068859,195.07,59,buy
MSFT,1736938071472,297.06,79,sell
TSLA,1736938071999,198.6,16,buy
AAPL,1736938072211,151.5,36,buy
MSFT,1736938072399,302.19,1,buy
AAPL,1736938072427,150.65,47,sell
MSFT,1736938073152,303.19,77,buy
TSLA,1736938073575,199.18,99,buy
AAPL,1736938073941,151.28,40,buy
SPY,1736938076203,399.36,52,sell
TSLA,1736938077859,195.23,47,sell
SPY,1736938078419,399.77,75,sell
NVDA,1736938079592,500.46,63,sell
SPY,1736938080345,398.8,46,buy
MSFT,1736938080720,296.82,98,sell
TSLA,1736938081140,199.99,93,sell
NVDA,1736938081438,500.43,9,buy
SPY,1736938081855,400.54,76,sell
NVDA,1736938082108,501.56,88,buy
MSFT,1736938083235,300.46,33,sell
NVDA,1736938084498,503.14,63,buy
MSFT,1736938086112,298.3,35,sell
MSFT,1736938086199,298.94,36,buy
MSFT,1736938086993,296.79,60,sell
TSLA,1736938087101,197.09,74,sell
MSFT,1736938087418,299.86,21,buy
SPY,1736938087440,400.72,53,sell
TSLA,1736938088805,194.72,11,sell
MSFT,1736938088880,299.03,80,sell
NVDA,1736938090242,501.72,52,buy
SPY,1736938090391,398.86,70,buy
SPY,1736938090506,400.71,50,buy
AAPL,1736938091145,150.09,85,sell
AAPL,1736938091364,149.56,99,buy
NVDA,1736938091682,501.89,40,buy
AAPL,1736938092036,149.69,62,sell
SPY,1736938092351,399.89,23,buy
AAPL,1736938092748,151.86,26,sell
AAPL,1736938093534,152.23,97,sell
TSLA,1736938094411,199.35,83,sell
SPY,1736938096793,400.65,49,sell
AAPL,1736938097973,153.16,84,buy
AAPL,1736938098023,149.82,51,sell
SPY,1736938098061,400.0,92,buy
AAPL,1736938098360,153.09,73,buy
MSFT,1736938099522,297.05,40,sell
NVDA,1736938100222,500.19,98,sell
MSFT,1736938100432,300.09,57,sell
MSFT,1736938101295,298.74,52,buy
NVDA,1736938101454,502.36,100,sell
SPY,1736938101526,400.02,10,buy
NVDA,1736938101720,503.73,74,buy
MSFT,1736938102184,300.06,86,sell
MSFT,1736938102330,302.81,74,buy
TSLA,1736938103017,194.82,72,sell
NVDA,1736938103740,499.83,4,sell
MSFT,1736938103856,299.44,56,sell
NVDA,1736938103991,502.36,90,buy
AAPL,1736938104583,151.05,93,sell
SPY,1736938106482,399.96,99,buy
TSLA,1736938107753,195.42,75,sell
TSLA,1736938108110,195.86,24,sell
TSLA,1736938108152,198.71,47,buy
SPY,1736938108628,398.8,74,buy
SPY,1736938111614,401.19,78,sell
NVDA,1736938112482,500.97,59,buy
MSFT,1736938112687,300.45,91,sell
AAPL,1736938113924,151.96,31,buy
NVDA,1736938114445,501.76,89,sell
AAPL,1736938114616,151.64,2,sell
AAPL,1736938115957,152.37,25,buy
MSFT,1736938116006,299.42,56,buy
NVDA,1736938116534,500.13,69,buy
TSLA,1736938117699,197.7,78,buy
SPY,1736938118219,399.28,61,buy
TSLA,1736938118806,197.95,51,sell
SPY,1736938120637,400.75,58,sell
SPY,1736938121902,400.21,64,buy
TSLA,1736938122054,200.06,22,buy
TSLA,1736938122764,195.37,80,buy
AAPL,1736938123252,149.48,42,buy
NVDA,1736938124426,500.85,35,sell
MSFT,1736938124601,298.08,50,buy
TSLA,1736938124819,198.25,66,buy
TSLA,1736938126315,198.74,10,buy
MSFT,1736938127702,298.46,75,sell
SPY,1736938127823,399.75,83,buy
TSLA,1736938128542,195.23,7,sell
MSFT,1736938129055,297.38,31,buy
TSLA,1736938129412,197.97,53,sell
AAPL,1736938129918,151.86,15,sell
NVDA,1736938131340,501.65,99,sell
SPY,1736938133727,399.54,56,sell
AAPL,1736938134641,150.37,22,buy
MSFT,1736938137541,296.93,43,sell
MSFT,1736938137671,299.49,17,sell
MSFT,1736938138275,298.75,94,sell
MSFT,1736938139270,298.65,53,buy
SPY,1736938139406,399.22,85,sell
TSLA,1736938140049,195.14,95,sell
TSLA,1736938140259,198.81,24,sell
TSLA,1736938140969,194.69,43,buy
MSFT,1736938141709,301.1,12,buy
NVDA,1736938141752,502.82,1,buy
AAPL,1736938141891,152.22,76,buy
TSLA,1736938142199,196.29,2,sell
AAPL,1736938142709,151.95,82,buy
NVDA,1736938144949,500.35,20,sell
SPY,1736938145764,399.46,48,sell
NVDA,1736938146693,500.47,31,sell
MSFT,1736938148040,300.06,75,sell
SPY,1736938149925,400.31,1,buy
MSFT,1736938149976,297.52,70,sell
AAPL,1736938151189,150.3,18,sell
SPY,1736938151941,399.09,43,buy
NVDA,1736938153367,499.22,45,sell
MSFT,1736938154093,301.38,60,sell
AAPL,1736938154680,152.03,16,buy
TSLA,1736938156306,195.49,2,sell
TSLA,1736938158226,198.81,73,sell
NVDA,1736938159652,499.34,45,buy
SPY,1736938159837,401.05,71,sell
SPY,1736938160371,399.69,18,buy
AAPL,1736938160870,152.51,100,buy
AAPL,1736938161708,152.37,93,buy
SPY,1736938161862,399.35,75,buy
AAPL,1736938164490,151.3,13,sell
SPY,1736938164675,399.18,27,sell
AAPL,1736938165229,149.6,73,sell
SPY,1736938165351,399.54,76,buy
SPY,1736938166227,398.98,13,buy
TSLA,1736938167425,198.97,42,sell
NVDA,1736938168721,500.07,54,sell
TSLA,1736938169587,194.91,91,buy
NVDA,1736938169959,501.86,44,buy
MSFT,1736938170341,298.94,51,sell
SPY,1736938171069,400.81,51,buy
NVDA,1736938171521,500.44,81,buy
AAPL,1736938171542,149.99,38,buy
AAPL,1736938171722,153.12,14,buy
NVDA,1736938171780,500.67,22,sell
NVDA,1736938172097,503.63,99,buy
NVDA,1736938173941,499.54,37,buy
MSFT,1736938174728,296.99,47,buy
TSLA,1736938174930,195.36,53,buy
TSLA,1736938175674,195.32,59,buy
AAPL,1736938176526,151.48,84,buy
SPY,1736938177455,400.73,26,buy
TSLA,1736938178379,197.03,56,sell
NVDA,1736938179910,502.4,36,buy
SPY,1736938180154,399.3,69,sell
SPY,1736938180323,399.56,14,buy
TSLA,1736938180814,198.97,15,sell
SPY,1736938181292,399.25,46,sell
AAPL,1736938184648,153.12,28,buy
TSLA,1736938184757,195.65,63,buy
AAPL,1736938185764,151.88,37,buy
SPY,1736938186307,399.68,51,sell
MSFT,1736938189027,300.22,64,sell
AAPL,1736938189608,152.65,61,buy
TSLA,1736938189686,198.78,74,sell
NVDA,1736938191060,500.67,65,buy
SPY,1736938191636,401.57,23,sell
TSLA,1736938191870,199.79,14,buy
MSFT,1736938192825,299.35,97,buy
AAPL,1736938193246,149.87,20,buy
TSLA,1736938193557,195.48,3,sell
TSLA,1736938194295,199.22,33,buy
AAPL,1736938194359,149.56,33,sell
AAPL,1736938194384,151.92,33,buy
SPY,1736938194539,399.55,76,sell
SPY,1736938194687,401.06,48,buy
MSFT,1736938195029,299.29,73,buy
TSLA,1736938195358,199.14,59,sell
SPY,1736938196795,399.23,46,sell
AAPL,1736938198970,150.49,93,buy
NVDA,1736938199147,499.77,51,sell
NVDA,1736938199444,503.63,78,buy
MSFT,1736938199695,301.18,40,buy
SPY,1736938199838,401.06,28,sell
SPY,1736938201760,399.49,12,buy
NVDA,1736938202146,499.62,62,sell
SPY,1736938202575,399.74,8,sell
AAPL,1736938206213,152.61,52,buy
NVDA,1736938207292,499.98,52,sell
AAPL,1736938209265,152.03,61,buy
SPY,1736938209936,399.55,94,buy
MSFT,1736938211331,301.97,44,sell
AAPL,1736938211412,151.94,83,sell
SPY,1736938212342,399.06,2,sell
TSLA,1736938212615,199.85,88,buy
TSLA,1736938214756,195.51,46,buy
MSFT,1736938214899,297.08,31,sell
SPY,1736938216463,399.59,95,buy
TSLA,1736938217611,197.39,67,buy
TSLA,1736938219144,194.05,71,sell
MSFT,1736938220593,298.62,86,sell
AAPL,1736938221294,151.61,35,sell
NVDA,1736938221567,499.26,90,buy
NVDA,1736938221792,500.45,58,buy
NVDA,1736938222796,501.58,33,sell
MSFT,1736938222901,300.41,96,buy
TSLA,1736938223104,197.95,34,sell
MSFT,1736938223240,296.83,1,sell
NVDA,1736938223367,500.97,65,sell
TSLA,1736938223835,195.13,66,sell
MSFT,1736938224242,299.27,85,sell
MSFT,1736938225122,297.31,97,buy
AAPL,1736938225417,149.58,17,buy
SPY,1736938226561,400.27,94,sell
MSFT,1736938226702,301.1,40,buy
SPY,1736938227135,400.54,99,buy
TSLA,1736938227224,196.33,87,buy
SPY,1736938228210,399.36,67,buy
TSLA,1736938229656,198.26,55,buy
TSLA,1736938232569,199.66,6,sell
NVDA,1736938232846,503.34,1,buy
AAPL,1736938233151,153.07,90,buy
SPY,1736938233593,398.89,77,buy
TSLA,1736938234831,195.46,84,sell
SPY,1736938235515,398.97,65,buy
AAPL,1736938235534,150.6,50,buy
NVDA,1736938235925,502.83,93,buy
MSFT,1736938236471,300.05,41,sell
MSFT,1736938238300,299.11,1,sell
SPY,1736938242134,399.62,23,buy
MSFT,1736938242220,301.09,79,sell
TSLA,1736938242354,195.12,34,sell
AAPL,1736938242518,151.21,71,buy
MSFT,1736938242847,301.44,39,sell
AAPL,1736938243728,151.82,95,buy
AAPL,1736938244483,152.38,68,sell
AAPL,1736938244527,152.77,24,sell
AAPL,1736938244910,153.09,17,sell
TSLA,1736938245012,199.66,19,sell
NVDA,1736938246167,500.71,56,sell
AAPL,1736938246175,150.4,92,sell
SPY,1736938246186,400.43,95,sell
AAPL,1736938247452,151.57,79,buy
AAPL,1736938248652,149.56,25,buy
TSLA,1736938249054,197.11,70,buy
TSLA,1736938249932,193.87,72,buy
AAPL,1736938250787,152.11,48,buy
SPY,1736938251670,400.11,52,buy
TSLA,1736938252874,198.65,86,sell
TSLA,1736938253655,195.22,83,buy
SPY,1736938254185,400.6,100,buy
AAPL,1736938254196,152.38,32,buy
AAPL,1736938255360,152.66,24,buy
SPY,1736938256313,399.63,100,sell
NVDA,1736938257097,499.69,11,buy
MSFT,1736938257236,297.23,82,buy
SPY,1736938257324,400.63,21,buy
NVDA,1736938257836,499.69,45,buy
AAPL,1736938257901,152.01,26,buy
AAPL,1736938258367,149.4,22,buy
SPY,1736938260080,399.22,99,sell
MSFT,1736938260290,298.89,24,sell
TSLA,1736938260868,200.01,87,buy
NVDA,1736938261411,500.5,22,sell
TSLA,1736938261973,195.26,22,buy
SPY,1736938262252,400.55,22,sell
AAPL,1736938262608,151.75,24,buy
NVDA,1736938262621,501.65,41,buy
NVDA,1736938264020,499.65,61,buy
TSLA,1736938264150,198.22,87,buy
AAPL,1736938264248,149.38,63,sell
AAPL,1736938264891,152.29,87,buy
AAPL,1736938265538,152.45,65,buy
TSLA,1736938266634,198.22,17,sell
NVDA,1736938269141,499.4,81,buy
MSFT,1736938269189,299.71,45,sell
MSFT,1736938269489,298.27,63,sell
AAPL,1736938269543,150.1,57,buy
NVDA,1736938269747,500.93,90,buy
AAPL,1736938269918,151.67,88,sell
SPY,1736938270009,400.87,88,buy
MSFT,1736938270800,297.45,32,sell
MSFT,1736938271202,298.19,1,sell
TSLA,1736938271580,198.12,40,sell
TSLA,1736938274742,198.94,66,sell
SPY,1736938275012,400.6,51,sell
NVDA,1736938275836,501.26,76,buy
SPY,1736938276203,401.19,76,buy
MSFT,1736938276302,299.17,79,buy
MSFT,1736938276395,300.02,79,buy
SPY,1736938277216,399.04,39,sell
MSFT,1736938278417,296.71,58,buy
AAPL,1736938278479,153.06,74,buy
SPY,1736938279416,400.32,89,buy
AAPL,1736938279664,150.52,52,sell
NVDA,1736938281100,499.37,60,buy
AAPL,1736938283130,149.74,82,buy
TSLA,1736938284043,199.44,81,sell
AAPL,1736938284054,151.99,46,sell
SPY,1736938284259,400.69,1,buy
NVDA,1736938284687,502.22,73,buy
MSFT,1736938285649,299.34,8,sell
NVDA,1736938288438,501.79,1,buy
NVDA,1736938289446,501.58,91,sell
MSFT,1736938289938,302.93,89,sell
AAPL,1736938290894,152.23,86,buy
AAPL,1736938291102,152.57,34,buy
TSLA,1736938291281,198.75,58,sell
MSFT,1736938292925,302.85,4,sell
SPY,1736938292959,400.71,95,buy
NVDA,1736938293682,499.92,73,buy
SPY,1736938294780,399.47,27,buy
TSLA,1736938295761,194.04,47,sell
AAPL,1736938295941,152.0,39,sell
NVDA,1736938296464,502.54,5,sell
NVDA,1736938296867,499.91,6,buy
MSFT,1736938297061,297.7,29,buy
AAPL,1736938298026,150.94,13,buy
AAPL,1736938299270,151.99,15,buy
AAPL,1736938299463,151.75,13,sell
TSLA,1736938299598,199.0,78,sell
MSFT,1736938299882,298.45,64,sell
AAPL,1736938300117,150.83,26,sell
MSFT,1736938300733,297.77,48,sell
NVDA,1736938302086,499.82,32,sell
TSLA,1736938302908,199.19,67,buy
MSFT,1736938303122,296.52,81,sell
AAPL,1736938304348,150.34,6,buy
AAPL,1736938304892,152.04,33,sell
TSLA,1736938307268,195.32,37,buy
NVDA,1736938307689,503.78,17,buy
TSLA,1736938308419,199.82,50,buy
TSLA,1736938308713,194.56,38,sell
MSFT,1736938310132,298.5,56,buy
SPY,1736938310326,400.6,15,sell
AAPL,1736938310335,152.28,2,buy
AAPL,1736938311594,151.86,72,buy
TSLA,1736938312618,195.3,99,sell
TSLA,1736938314111,198.21,45,sell
TSLA,1736938315171,197.99,77,buy
MSFT,1736938315459,299.4,16,sell
AAPL,1736938316279,151.02,24,buy
NVDA,1736938317222,502.16,39,buy
NVDA,1736938317406,501.79,77,buy
MSFT,1736938317800,301.73,81,sell
TSLA,1736938317934,194.18,14,buy
TSLA,1736938318102,197.98,97,buy
SPY,1736938318107,399.83,34,sell
NVDA,1736938318296,501.23,57,buy
AAPL,1736938318752,152.76,32,sell
SPY,1736938319413,399.94,95,buy
MSFT,1736938319707,296.83,18,sell
AAPL,1736938319723,150.75,73,sell
MSFT,1736938319927,299.8,72,buy
TSLA,1736938320089,195.35,9,sell
MSFT,1736938320703,301.23,39,sell
TSLA,1736938320863,195.31,94,buy
AAPL,1736938321867,150.38,65,sell
SPY,1736938322082,399.64,87,sell
AAPL,1736938322095,152.38,22,sell
MSFT,1736938322169,297.23,34,buy
AAPL,1736938323260,152.06,97,buy
MSFT,1736938324062,298.55,56,sell
SPY,1736938324220,399.43,19,sell
AAPL,1736938325844,150.37,22,sell
MSFT,1736938326255,297.67,47,sell
TSLA,1736938327290,199.81,68,buy
TSLA,1736938328035,198.84,46,buy
AAPL,1736938328294,152.23,58,buy
SPY,1736938328361,399.99,38,sell
NVDA,1736938328519,499.42,55,buy
TSLA,1736938328577,199.52,25,buy
AAPL,1736938329324,151.7,45,sell
AAPL,1736938331385,151.84,25,sell
MSFT,1736938332311,299.13,55,buy
AAPL,1736938332935,151.55,21,sell
TSLA,1736938334301,198.3,81,sell
SPY,1736938334668,399.11,1,buy
SPY,1736938335166,398.96,11,sell
AAPL,1736938335780,149.93,15,buy
SPY,1736938336694,401.31,41,buy
NVDA,1736938337185,500.27,54,buy
NVDA,1736938338388,498.6,44,buy
TSLA,1736938338832,199.2,9,sell
SPY,1736938339146,400.28,78,buy
NVDA,1736938339836,502.7,71,buy
AAPL,1736938340373,152.12,90,buy
TSLA,1736938340411,199.99,82,sell
NVDA,1736938340780,502.81,60,sell
MSFT,1736938342112,297.17,75,sell
AAPL,1736938342325,150.03,32,buy
NVDA,1736938342690,499.09,2,buy
AAPL,1736938343322,151.93,48,sell
NVDA,1736938343764,499.74,11,sell
NVDA,1736938345396,500.94,59,buy
SPY,1736938347219,401.58,17,buy
SPY,1736938347513,399.73,11,sell
SPY,1736938347515,398.93,70,buy
SPY,1736938347808,399.97,63,sell
AAPL,1736938347896,151.8,32,buy
SPY,1736938349156,400.41,41,sell
AAPL,1736938349635,152.68,90,buy
MSFT,1736938349820,297.0,28,sell
TSLA,1736938350191,199.49,96,sell
MSFT,1736938350911,299.73,73,buy
MSFT,1736938351060,297.1,2,sell
NVDA,1736938351240,500.4,53,sell
TSLA,1736938352509,200.26,30,sell
SPY,1736938355452,400.15,97,buy
MSFT,1736938356369,298.73,63,sell
TSLA,1736938357060,195.66,1,sell
TSLA,1736938357532,198.76,1,sell
SPY,1736938357850,399.12,34,sell
TSLA,1736938358855,200.2,96,sell
MSFT,1736938360098,297.36,41,buy
SPY,1736938360138,400.14,40,buy
NVDA,1736938360143,500.84,53,sell
TSLA,1736938360863,195.13,18,sell
AAPL,1736938361711,151.64,72,sell
TSLA,1736938362189,200.24,42,buy
SPY,1736938362565,401.08,12,sell
MSFT,1736938362687,297.11,3,buy
MSFT,1736938362999,301.48,42,buy
NVDA,1736938363201,501.95,83,buy
SPY,1736938363409,399.11,44,sell
SPY,1736938364591,400.26,51,buy
SPY,1736938364775,399.73,6,buy
MSFT,1736938365187,299.01,83,sell
MSFT,1736938365455,296.82,32,buy
MSFT,1736938365606,297.42,82,buy
TSLA,1736938368460,195.5,20,sell
NVDA,1736938368494,499.71,27,sell
TSLA,1736938369301,197.69,94,buy
TSLA,1736938370422,193.11,19,sell
NVDA,1736938370516,500.46,26,sell
AAPL,1736938370654,151.68,80,buy
NVDA,1736938370968,500.8,6,sell
TSLA,1736938372528,198.65,7,buy
TSLA,1736938372702,195.26,5,sell
NVDA,1736938372999,500.42,75,sell
AAPL,1736938373172,151.65,75,buy
SPY,1736938375613,400.82,22,sell
MSFT,1736938375679,299.2,48,buy
TSLA,1736938376080,199.93,46,buy
SPY,1736938376341,401.16,60,buy
NVDA,1736938376486,500.02,75,sell
NVDA,1736938377462,500.1,1,sell
TSLA,1736938378199,196.07,94,sell
AAPL,1736938378455,152.82,55,buy
MSFT,1736938378511,297.24,98,buy
AAPL,1736938379779,152.55,12,sell
SPY,1736938380588,400.73,87,sell
SPY,1736938380767,399.58,70,buy
TSLA,1736938381095,197.78,24,buy
TSLA,1736938382373,198.86,71,sell
AAPL,1736938382555,149.8,3,sell
NVDA,1736938383112,499.0,25,buy
NVDA,1736938383293,502.31,64,buy
SPY,1736938383442,400.29,89,buy
NVDA,1736938385032,498.92,40,buy
MSFT,1736938385565,300.33,33,buy
AAPL,1736938386601,150.54,92,sell
AAPL,1736938387124,151.54,15,buy
SPY,1736938387347,401.26,23,sell
SPY,1736938388327,398.83,14,sell
MSFT,1736938388470,299.36,37,sell
AAPL,1736938389054,149.83,67,buy
AAPL,1736938389803,152.11,93,buy
SPY,1736938389818,399.48,91,sell
SPY,1736938390641,400.6,42,sell
NVDA,1736938390814,500.54,71,sell
NVDA,1736938394109,502.36,84,sell
TSLA,1736938394192,196.23,46,sell
MSFT,1736938394208,298.96,16,sell
AAPL,1736938395148,152.05,82,sell
TSLA,1736938395367,199.99,73,sell
SPY,1736938396346,400.07,43,sell
MSFT,1736938396644,299.12,63,sell
MSFT,1736938399474,302.44,38,sell
TSLA,1736938400306,198.98,56,sell
AAPL,1736938401415,149.11,31,buy
NVDA,1736938401631,499.77,92,buy
TSLA,1736938403254,198.62,77,buy
SPY,1736938404194,401.5,61,sell
SPY,1736938405790,399.35,10,sell
SPY,1736938405987,399.87,19,sell
AAPL,1736938406570,152.97,52,sell
MSFT,1736938406821,301.16,19,sell
SPY,1736938407727,401.8,78,sell
NVDA,1736938410040,502.4,93,sell
TSLA,1736938410571,199.34,6,sell
NVDA,1736938412421,502.4,84,buy
AAPL,1736938412472,151.63,24,sell
AAPL,1736938412575,151.39,81,buy
SPY,1736938412852,399.61,91,sell
NVDA,1736938413607,503.12,50,sell
TSLA,1736938413787,193.25,49,buy
NVDA,1736938414021,503.27,18,buy
AAPL,1736938414636,150.6,36,sell
SPY,1736938415874,399.14,55,buy
MSFT,1736938416360,298.67,4,buy
SPY,1736938416781,400.26,90,sell
NVDA,1736938417667,499.81,95,buy
NVDA,1736938418211,502.07,98,sell
MSFT,1736938419257,297.51,31,sell
MSFT,1736938420352,300.1,93,sell
SPY,1736938420387,399.77,39,buy
TSLA,1736938420892,198.44,59,buy
NVDA,1736938421158,501.93,65,buy
SPY,1736938421386,399.43,28,sell
MSFT,1736938423563,301.79,51,buy
MSFT,1736938423573,299.3,20,sell
MSFT,1736938423642,297.07,74,sell
SPY,1736938423649,401.33,25,buy
TSLA,1736938423892,197.83,83,sell
SPY,1736938424702,399.56,68,buy
SPY,1736938426827,399.56,68,sell
NVDA,1736938427132,501.39,13,sell
MSFT,1736938427565,297.18,28,buy
TSLA,1736938428309,195.55,12,buy
TSLA,1736938428443,195.41,96,sell
AAPL,1736938429168,152.22,96,buy
AAPL,1736938430820,149.1,15,sell
NVDA,1736938431397,498.62,16,buy
NVDA,1736938431416,502.0,41,buy
MSFT,1736938432935,297.46,81,sell
TSLA,1736938433299,195.22,96,buy
MSFT,1736938436995,301.07,90,sell
SPY,1736938437459,399.82,36,buy
SPY,1736938437736,399.31,69,sell
SPY,1736938440767,399.02,25,buy
AAPL,1736938443196,152.89,43,sell
SPY,1736938443534,399.57,84,buy
AAPL,1736938444005,150.7,18,sell
NVDA,1736938444470,502.62,93,buy
AAPL,1736938444493,152.16,73,sell
SPY,1736938447242,399.09,93,sell
MSFT,1736938448627,298.92,38,sell
MSFT,1736938450691,298.49,31,buy
TSLA,1736938451964,193.59,4,buy
SPY,1736938452173,401.12,96,sell
AAPL,1736938452574,150.58,46,buy
MSFT,1736938453983,298.79,86,buy
SPY,1736938455443,399.47,65,sell
AAPL,1736938455649,152.91,18,sell
AAPL,1736938458168,152.57,2,buy
TSLA,1736938458951,199.14,3,sell
MSFT,1736938459878,297.5,77,buy
NVDA,1736938460579,502.23,81,buy
AAPL,1736938461202,153.21,79,buy
SPY,1736938461702,400.87,57,sell
MSFT,1736938461951,297.19,71,buy
TSLA,1736938462262,194.14,47,buy
NVDA,1736938462482,500.35,39,sell
MSFT,1736938463399,299.65,20,sell
SPY,1736938463508,400.04,9,sell
NVDA,1736938463940,502.77,2,sell
TSLA,1736938467105,197.81,20,sell
SPY,1736938467895,400.18,1,sell
AAPL,1736938468910,150.04,45,buy
NVDA,1736938469426,501.45,91,sell
MSFT,1736938469637,301.05,29,buy
NVDA,1736938473106,500.65,84,sell
MSFT,1736938474267,300.55,98,buy
TSLA,1736938476595,196.32,9,buy
NVDA,1736938477648,500.09,99,buy
TSLA,1736938477961,198.38,47,buy
AAPL,1736938478072,152.26,67,buy
TSLA,1736938478138,198.57,33,buy
SPY,1736938478610,400.95,25,sell
TSLA,1736938478865,195.49,22,sell
NVDA,1736938479021,500.68,30,buy
MSFT,1736938479676,299.0,94,buy
TSLA,1736938481082,197.96,7,buy
NVDA,1736938482540,499.75,80,buy
AAPL,1736938483579,149.66,39,sell
TSLA,1736938483897,195.13,10,sell
NVDA,1736938484401,500.05,34,sell
SPY,1736938486001,399.53,96,sell
AAPL,1736938486188,149.87,39,sell
NVDA,1736938486707,503.22,72,sell
TSLA,1736938487970,197.22,70,sell
AAPL,1736938488567,152.48,87,buy
NVDA,1736938488661,500.94,85,buy
TSLA,1736938489193,199.36,42,buy
SPY,1736938489215,399.18,46,sell
AAPL,1736938489439,150.15,48,sell
NVDA,1736938489879,499.67,32,sell
TSLA,1736938490513,199.93,52,sell
MSFT,1736938491043,299.67,18,buy
NVDA,1736938491817,499.92,40,buy
NVDA,1736938492504,502.08,41,buy
NVDA,1736938492633,500.34,18,sell
SPY,1736938493339,399.89,43,sell
SPY,1736938493659,401.14,91,buy
AAPL,1736938494485,150.99,69,buy
SPY,1736938494485,399.32,10,sell
NVDA,1736938494742,499.23,60,sell
SPY,1736938495227,400.25,100,sell
NVDA,1736938496282,499.19,2,sell
MSFT,1736938496489,297.09,61,sell
MSFT,1736938496945,301.73,5,sell
TSLA,1736938497253,199.18,31,sell
TSLA,1736938498233,198.14,67,buy
SPY,1736938501440,400.15,96,buy
NVDA,1736938501522,498.45,21,sell
TSLA,1736938501982,195.34,32,sell
TSLA,1736938503005,195.37,67,sell
AAPL,1736938503215,151.97,42,buy
TSLA,1736938504279,199.11,56,sell
SPY,1736938504382,399.82,49,buy
TSLA,1736938504518,194.95,18,buy
TSLA,1736938507282,195.41,35,buy
SPY,1736938507659,400.21,51,sell
TSLA,1736938508115,197.96,25,sell
TSLA,1736938510025,199.76,100,buy
MSFT,1736938510681,297.1,7,sell
NVDA,1736938511300,502.45,41,buy
MSFT,1736938511322,300.35,71,sell
AAPL,1736938512147,150.14,64,sell
NVDA,1736938513078,502.29,68,sell
AAPL,1736938513300,151.21,47,buy
MSFT,1736938513489,298.76,58,sell
NVDA,1736938513655,500.31,48,sell
SPY,1736938513664,399.78,59,buy
MSFT,1736938514923,298.65,14,buy
SPY,1736938515224,398.97,80,sell
SPY,1736938516563,399.57,20,sell
NVDA,1736938518011,499.68,48,buy
AAPL,1736938518907,150.75,60,sell
SPY,1736938521688,400.48,32,sell
MSFT,1736938522951,297.57,20,buy
SPY,1736938524135,398.89,3,buy
SPY,1736938524368,400.55,33,sell
MSFT,1736938524452,297.66,62,buy
MSFT,1736938524942,299.74,26,buy
NVDA,1736938524998,502.29,77,buy
MSFT,1736938525995,303.24,84,buy
TSLA,1736938526370,195.19,42,buy
NVDA,1736938526481,499.45,75,buy
MSFT,1736938527550,299.79,14,sell
MSFT,1736938527583,298.07,56,buy
SPY,1736938529348,399.4,80,buy
SPY,1736938530982,400.25,12,buy
SPY,1736938531123,399.9,73,buy
MSFT,1736938532593,298.52,65,buy
NVDA,1736938533079,501.48,42,sell
MSFT,1736938534067,299.14,37,sell
MSFT,1736938536059,298.18,4,sell
SPY,1736938536059,400.72,67,buy
TSLA,1736938536061,197.57,71,sell
NVDA,1736938536573,504.02,96,sell
AAPL,1736938537348,150.31,97,buy
MSFT,1736938537390,296.55,52,buy
NVDA,1736938537584,501.9,7,buy
AAPL,1736938538275,150.41,71,sell
AAPL,1736938539066,152.2,76,sell
AAPL,1736938539913,149.57,13,buy
SPY,1736938540620,399.93,48,buy
NVDA,1736938542536,503.63,46,buy
SPY,1736938543527,401.32,100,buy
SPY,1736938544054,399.8,56,sell
SPY,1736938544911,399.18,4,buy
SPY,1736938546008,401.52,10,buy
NVDA,1736938546538,498.89,53,sell
TSLA,1736938547488,196.33,33,buy
TSLA,1736938547507,196.94,23,buy
SPY,1736938548701,400.71,52,buy
SPY,1736938549886,400.31,35,buy
TSLA,1736938550073,198.48,98,sell
TSLA,1736938550245,195.23,80,buy
AAPL,1736938550590,151.09,58,sell
MSFT,1736938550596,300.3,19,buy
TSLA,1736938550845,194.77,14,sell
AAPL,1736938551962,152.91,92,buy
TSLA,1736938552283,199.97,22,buy
TSLA,1736938552663,195.57,44,sell
TSLA,1736938553228,194.55,96,sell
AAPL,1736938553471,151.93,71,buy
TSLA,1736938553927,198.35,4,sell
MSFT,1736938554138,301.04,33,buy
TSLA,1736938555267,193.73,94,sell
NVDA,1736938555382,502.65,5,sell
TSLA,1736938555498,197.78,24,sell
SPY,1736938555627,400.36,79,buy
NVDA,1736938556042,502.84,78,sell
NVDA,1736938556316,501.2,76,buy
AAPL,1736938556528,151.12,57,buy
NVDA,1736938557482,502.84,66,buy
MSFT,1736938557846,299.53,79,buy
AAPL,1736938558281,150.32,71,buy
SPY,1736938559062,399.04,13,buy
AAPL,1736938560344,149.32,92,sell
TSLA,1736938560667,199.79,97,sell
MSFT,1736938560691,300.21,61,sell
NVDA,1736938562067,499.26,52,sell
NVDA,1736938562476,499.05,65,buy
NVDA,1736938562861,503.78,16,sell
MSFT,1736938563530,297.6,39,buy
TSLA,1736938563541,195.33,100,sell
AAPL,1736938563999,152.2,88,buy
MSFT,1736938564072,298.88,73,buy
AAPL,1736938564253,152.19,68,buy
TSLA,1736938564579,196.89,25,sell
MSFT,1736938564637,301.3,68,buy
TSLA,1736938565093,195.6,60,buy
NVDA,1736938565480,501.24,7,buy
MSFT,1736938568516,299.41,85,buy
AAPL,1736938569165,152.72,46,buy
AAPL,1736938569890,151.68,12,buy
AAPL,1736938570214,152.59,83,sell
SPY,1736938570216,399.73,55,sell
SPY,1736938570581,400.29,53,buy
SPY,1736938571908,399.78,55,buy
MSFT,1736938571936,299.08,21,buy
MSFT,1736938572666,300.08,59,buy
NVDA,1736938572938,498.78,58,buy
NVDA,1736938574054,500.6,35,sell
TSLA,1736938574558,195.7,9,buy
MSFT,1736938574675,298.99,98,buy
NVDA,1736938574722,500.1,70,sell
TSLA,1736938575164,196.34,85,sell
MSFT,1736938575412,301.32,48,buy
MSFT,1736938575545,297.48,3,sell
MSFT,1736938575702,301.93,81,buy
NVDA,1736938576174,500.36,82,buy
NVDA,1736938578632,503.46,51,buy
AAPL,1736938579126,153.06,100,buy
NVDA,1736938581326,502.4,93,sell
SPY,1736938581643,399.7,97,sell
MSFT,1736938582483,296.89,2,buy
NVDA,1736938583206,502.89,28,buy
TSLA,1736938584422,198.62,65,buy
AAPL,1736938584519,152.87,57,buy
SPY,1736938584894,399.89,21,buy
NVDA,1736938585986,501.63,12,sell
NVDA,1736938586945,499.71,53,buy
SPY,1736938587605,399.27,66,sell
NVDA,1736938587607,499.47,40,sell
TSLA,1736938589092,196.03,94,sell
SPY,1736938589366,399.51,20,buy
AAPL,1736938589736,150.73,49,buy
MSFT,1736938590799,297.63,69,sell
MSFT,1736938591058,297.11,67,sell
MSFT,1736938591063,296.92,97,sell
NVDA,1736938591344,500.89,26,buy
TSLA,1736938592195,193.0,34,buy
SPY,1736938593112,399.47,32,buy
AAPL,1736938593339,151.17,76,buy
SPY,1736938594563,401.03,32,buy
TSLA,1736938595270,199.4,76,sell
TSLA,1736938595504,197.34,11,sell
MSFT,1736938596853,302.96,45,sell
TSLA,1736938597633,199.61,29,sell
NVDA,1736938597991,501.95,95,sell
MSFT,1736938598269,299.57,25,sell
NVDA,1736938598346,499.29,36,sell
AAPL,1736938600110,149.91,89,sell
NVDA,1736938601318,500.83,95,buy
NVDA,1736938601793,499.51,67,buy
MSFT,1736938602039,297.66,31,sell
AAPL,1736938602554,150.28,53,sell
SPY,1736938603409,399.65,52,buy
TSLA,1736938605669,196.46,40,sell
SPY,1736938605962,399.12,42,buy
NVDA,1736938608070,501.53,56,buy
TSLA,1736938608262,195.57,95,buy
MSFT,1736938608512,297.44,27,sell
TSLA,1736938609003,193.91,76,buy
NVDA,1736938610240,500.01,88,buy
NVDA,1736938611560,500.78,87,buy
MSFT,1736938611702,296.87,68,buy
TSLA,1736938612694,195.25,90,buy
AAPL,1736938613024,151.77,26,buy
TSLA,1736938613945,195.25,28,sell
SPY,1736938615694,399.88,47,buy
AAPL,1736938615874,151.74,49,buy
NVDA,1736938616372,499.17,57,sell
AAPL,1736938616564,150.66,39,buy
NVDA,1736938617379,499.73,70,buy
NVDA,1736938617954,500.37,86,buy
NVDA,1736938618611,500.27,53,sell
MSFT,1736938619041,297.08,58,sell
NVDA,1736938620538,501.55,19,buy
MSFT,1736938620799,297.28,27,buy
MSFT,1736938621002,296.81,32,sell
NVDA,1736938621120,501.08,1,sell
TSLA,1736938621121,199.04,22,sell
TSLA,1736938621797,193.67,26,sell
AAPL,1736938622195,151.59,50,sell
TSLA,1736938623700,198.17,53,buy
NVDA,1736938625600,499.09,83,sell
NVDA,1736938625878,502.59,47,buy
TSLA,1736938626701,197.31,68,buy
AAPL,1736938628359,150.7,69,buy
TSLA,1736938628531,195.33,64,buy
TSLA,1736938629764,198.5,54,buy
MSFT,1736938631779,297.05,68,sell
MSFT,1736938631885,297.25,42,buy
AAPL,1736938631941,150.07,31,sell
TSLA,1736938632634,199.34,39,sell
NVDA,1736938632947,499.03,38,sell
SPY,1736938634044,399.6,14,sell
MSFT,1736938634153,302.14,94,sell
SPY,1736938634448,399.31,70,sell
SPY,1736938635761,399.92,2,sell
SPY,1736938636183,400.08,2,buy
AAPL,1736938636607,149.65,76,buy
TSLA,1736938636694,198.88,81,sell
TSLA,1736938638691,198.56,86,sell
AAPL,1736938638727,150.37,84,sell
AAPL,1736938640247,150.29,6,buy
MSFT,1736938640520,301.07,11,buy
AAPL,1736938641970,149.99,41,buy
NVDA,1736938642422,500.0,91,sell
SPY,1736938642512,400.26,23,sell
SPY,1736938642607,401.38,70,buy
SPY,1736938643934,399.52,26,buy
AAPL,1736938644221,151.8,93,buy
SPY,1736938644584,399.72,53,buy
SPY,1736938646644,399.89,17,buy
TSLA,1736938647176,198.31,51,buy
TSLA,1736938647236,195.47,11,sell
NVDA,1736938648156,500.79,92,sell
NVDA,1736938649366,501.66,9,buy
SPY,1736938651191,399.52,50,buy
TSLA,1736938652522,198.78,100,buy
SPY,1736938654100,399.82,41,buy
AAPL,1736938655704,151.49,75,buy
NVDA,1736938656054,502.04,90,buy
NVDA,1736938658211,499.75,53,buy
SPY,1736938658311,400.76,72,sell
SPY,1736938658856,400.85,97,sell
NVDA,1736938659325,502.84,67,buy
MSFT,1736938659743,297.21,99,sell
TSLA,1736938660370,198.3,25,sell
MSFT,1736938660376,299.62,34,sell
MSFT,1736938661928,301.3,14,buy
MSFT,1736938662242,298.97,28,buy
AAPL,1736938662921,152.27,88,buy
NVDA,1736938663249,499.44,55,buy
TSLA,1736938663615,195.2,19,buy
SPY,1736938663794,399.68,60,buy
AAPL,1736938663898,151.78,87,sell
TSLA,1736938663951,192.95,35,sell
AAPL,1736938664441,150.85,76,sell
AAPL,1736938664713,152.32,15,buy
AAPL,1736938665346,151.63,33,buy
AAPL,1736938665881,153.2,70,sell
TSLA,1736938667631,199.5,83,sell
TSLA,1736938669046,199.96,64,sell
TSLA,1736938669283,194.02,93,buy
TSLA,1736938669565,195.04,52,sell
NVDA,1736938670123,500.45,64,buy
MSFT,1736938670563,301.82,10,buy
AAPL,1736938674929,150.8,70,sell
MSFT,1736938675667,297.4,20,sell
TSLA,1736938676150,198.58,100,buy
MSFT,1736938676265,296.82,14,buy
AAPL,1736938676767,150.72,49,buy
SPY,1736938677970,400.37,50,sell
AAPL,1736938680440,151.69,22,sell
SPY,1736938682049,400.31,18,sell
AAPL,1736938682849,152.49,12,buy
MSFT,1736938683118,302.79,58,sell
NVDA,1736938683438,498.98,64,buy
NVDA,1736938683673,503.5,10,sell
AAPL,1736938684600,153.02,28,buy
TSLA,1736938685525,200.1,23,sell
TSLA,1736938685813,196.09,23,sell
AAPL,1736938685877,150.7,11,sell
TSLA,1736938686747,195.36,90,buy
NVDA,1736938687178,501.81,63,sell
NVDA,1736938687667,500.56,25,sell
NVDA,1736938689554,500.13,21,buy
AAPL,1736938689633,152.95,81,sell
SPY,1736938690381,400.06,56,buy
NVDA,1736938690581,501.76,65,sell
MSFT,1736938691191,301.02,98,buy
SPY,1736938691733,400.65,20,sell
MSFT,1736938693929,298.94,74,sell
TSLA,1736938696574,194.03,83,sell
MSFT,1736938696680,299.47,91,buy
SPY,1736938699706,399.56,42,sell
NVDA,1736938700093,500.63,88,buy
TSLA,1736938702487,196.45,72,sell
AAPL,1736938702662,150.19,91,sell
SPY,1736938703616,399.29,93,sell
SPY,1736938703853,399.69,49,sell
MSFT,1736938704857,302.55,4,buy
TSLA,1736938705044,198.31,86,sell
NVDA,1736938707046,499.53,3,buy
MSFT,1736938708197,299.21,3,sell
AAPL,1736938708670,152.48,1,sell
MSFT,1736938708738,301.83,71,sell
SPY,1736938709509,399.7,27,buy
NVDA,1736938710174,498.9,36,buy
AAPL,1736938711884,151.64,79,sell
NVDA,1736938711962,499.45,26,buy
TSLA,1736938713847,194.91,96,buy
TSLA,1736938713987,195.15,73,sell
MSFT,1736938714061,299.19,28,sell
SPY,1736938714532,400.67,8,buy
AAPL,1736938715620,151.01,68,sell
SPY,1736938715799,399.43,63,buy
NVDA,1736938718700,501.62,42,sell
NVDA,1736938718705,501.54,69,buy
AAPL,1736938719951,152.17,61,sell
NVDA,1736938720097,502.01,98,buy
MSFT,1736938720141,300.9,27,sell
SPY,1736938720899,399.29,11,sell
MSFT,1736938721762,300.31,95,buy
TSLA,1736938722481,195.64,90,sell
TSLA,1736938722716,199.63,34,buy
NVDA,1736938722899,502.32,21,buy
SPY,1736938723129,399.73,52,buy
MSFT,1736938724592,297.9,72,sell
NVDA,1736938725489,499.16,74,sell
NVDA,1736938725946,499.65,49,buy
TSLA,1736938725971,195.57,61,buy
AAPL,1736938726592,152.18,23,buy
AAPL,1736938727206,152.97,60,sell
SPY,1736938728939,400.1,47,buy
SPY,1736938729040,400.83,51,buy
AAPL,1736938729274,150.49,76,sell
TSLA,1736938729346,194.72,82,sell
TSLA,1736938729428,198.5,78,sell
AAPL,1736938730536,150.89,2,sell
MSFT,1736938730654,302.76,52,sell
NVDA,1736938730672,501.9,53,sell
MSFT,1736938730968,301.34,90,sell
SPY,1736938731467,400.66,37,sell
MSFT,1736938732568,296.65,97,sell
MSFT,1736938732921,297.7,17,buy
AAPL,1736938732925,149.82,48,sell
SPY,1736938733791,399.89,2,buy
MSFT,1736938733927,297.42,18,sell
AAPL,1736938734178,149.65,60,sell
MSFT,1736938734632,297.09,43,buy
MSFT,1736938735704,300.08,64,sell
TSLA,1736938737047,195.99,60,sell
AAPL,1736938737184,151.8,85,sell
SPY,1736938738217,401.49,36,sell
NVDA,1736938738812,500.51,72,buy
NVDA,1736938740387,499.52,15,sell
NVDA,1736938740677,499.73,93,buy
AAPL,1736938741007,151.19,2,buy
AAPL,1736938742345,151.96,47,sell
SPY,1736938742547,400.09,32,buy
NVDA,1736938742944,499.46,50,buy
SPY,1736938743736,399.67,93,buy
NVDA,1736938744242,498.99,94,sell
NVDA,1736938744703,500.32,21,sell
NVDA,1736938745670,500.27,63,buy
NVDA,1736938746211,501.48,44,buy
MSFT,1736938746286,296.76,26,buy
AAPL,1736938746522,151.98,29,buy
NVDA,1736938747343,501.64,44,buy
TSLA,1736938747721,198.64,86,sell
AAPL,1736938748533,152.97,79,buy
SPY,1736938749600,399.69,5,sell
SPY,1736938749757,400.31,31,sell
TSLA,1736938750757,199.8,59,sell
TSLA,1736938751156,196.54,95,sell
NVDA,1736938752779,501.75,8,sell
TSLA,1736938753934,199.32,75,buy
MSFT,1736938754395,299.71,78,sell
SPY,1736938755135,399.66,66,buy
TSLA,1736938755429,195.27,50,buy
SPY,1736938759287,399.9,60,buy
TSLA,1736938759589,199.11,86,sell
NVDA,1736938762780,499.78,2,buy
AAPL,1736938762849,151.96,79,buy
SPY,1736938764527,400.09,36,sell
AAPL,1736938764563,152.98,87,buy
AAPL,1736938764998,149.58,74,sell
SPY,1736938765678,399.73,70,sell
TSLA,1736938765793,195.27,100,sell
MSFT,1736938766067,298.16,36,buy
AAPL,1736938766486,151.63,30,sell
TSLA,1736938766981,195.86,64,sell
MSFT,1736938767680,301.28,98,buy
AAPL,1736938768415,152.66,34,buy
NVDA,1736938769393,502.63,92,sell
AAPL,1736938770517,152.32,86,sell
TSLA,1736938773770,196.85,4,buy
AAPL,1736938774109,152.31,82,sell
SPY,1736938774418,399.52,63,sell
AAPL,1736938774450,152.41,92,sell
MSFT,1736938775387,298.88,94,buy
TSLA,1736938775739,195.57,39,buy
MSFT,1736938775931,300.07,44,sell
MSFT,1736938777268,299.78,17,sell
TSLA,1736938777285,199.42,62,buy
AAPL,1736938777916,151.94,62,buy
NVDA,1736938779504,498.5,45,buy
TSLA,1736938779536,199.29,49,buy
NVDA,1736938779552,500.73,16,sell
TSLA,1736938779948,198.39,86,sell
SPY,1736938781592,400.12,16,buy
NVDA,1736938782227,499.42,6,sell
TSLA,1736938782503,195.51,14,sell
SPY,1736938783138,399.75,82,sell
AAPL,1736938784068,150.53,83,buy
NVDA,1736938784984,502.53,40,buy
AAPL,1736938785430,149.52,72,buy
AAPL,1736938785473,152.6,80,sell
AAPL,1736938785541,152.57,77,sell
MSFT,1736938786680,298.55,97,sell
SPY,1736938786687,400.42,50,buy
MSFT,1736938788107,301.7,89,sell
SPY,1736938789294,400.75,49,sell
TSLA,1736938791816,195.58,91,buy
TSLA,1736938791893,198.53,68,buy
AAPL,1736938793963,151.52,23,buy
MSFT,1736938794234,299.06,56,buy
TSLA,1736938794777,198.62,27,buy
TSLA,1736938795091,198.32,71,sell
TSLA,1736938795172,194.96,26,sell
MSFT,1736938795629,302.0,8,buy
MSFT,1736938796053,302.62,93,buy
NVDA,1736938796337,502.16,49,sell
AAPL,1736938796487,151.97,71,sell
TSLA,1736938796772,194.62,7,sell
NVDA,1736938796941,503.85,85,sell
AAPL,1736938797055,151.94,22,buy
AAPL,1736938797813,150.29,81,buy
TSLA,1736938797879,198.3,57,buy
AAPL,1736938798108,150.66,20,sell
TSLA,1736938798186,199.14,83,sell
AAPL,1736938798392,151.24,3,buy
TSLA,1736938800903,194.44,36,sell
TSLA,1736938801253,194.99,78,buy
TSLA,1736938801304,198.23,66,buy
NVDA,1736938802343,502.28,71,buy
AAPL,1736938803265,152.54,69,sell
AAPL,1736938803494,149.74,34,sell
TSLA,1736938804147,199.69,100,sell
MSFT,1736938804638,301.02,25,buy
NVDA,1736938805217,500.39,77,buy
MSFT,1736938806313,299.33,57,sell
NVDA,1736938808354,503.68,76,buy
NVDA,1736938809032,499.89,91,buy
AAPL,1736938809648,149.97,22,buy
NVDA,1736938809751,499.78,56,buy
AAPL,1736938810398,152.14,59,buy
MSFT,1736938811020,300.06,45,buy
TSLA,1736938811168,197.35,28,buy
AAPL,1736938811462,152.83,26,buy
AAPL,1736938812160,151.72,74,buy
SPY,1736938812433,399.59,80,sell
AAPL,1736938812918,150.55,5,sell
AAPL,1736938813024,151.91,30,sell
MSFT,1736938813229,297.28,85,buy
AAPL,1736938813421,152.49,6,sell
SPY,1736938814802,399.09,40,sell
TSLA,1736938814985,194.14,81,buy
TSLA,1736938815232,199.45,20,buy
SPY,1736938815496,399.77,59,sell
NVDA,1736938815697,500.33,85,buy
MSFT,1736938815810,301.18,14,buy
MSFT,1736938815904,299.84,67,sell
SPY,1736938816463,400.61,85,buy
AAPL,1736938820394,152.23,34,buy
MSFT,1736938821191,297.14,80,buy
NVDA,1736938823714,501.87,86,sell
MSFT,1736938825105,297.22,79,buy
NVDA,1736938826951,502.52,18,buy
SPY,1736938827174,401.37,94,sell
NVDA,1736938827312,502.45,47,sell
NVDA,1736938828864,499.51,68,sell
NVDA,1736938829152,502.7,56,sell
TSLA,1736938829875,200.23,73,buy
TSLA,1736938831414,196.82,12,buy
MSFT,1736938831608,300.18,40,buy
NVDA,1736938832217,502.93,81,buy
SPY,1736938832794,399.96,14,sell
SPY,1736938833099,399.55,25,sell
NVDA,1736938833565,501.99,50,buy
TSLA,1736938833638,198.16,62,buy
NVDA,1736938833960,499.1,77,buy
AAPL,1736938834547,152.06,57,sell
SPY,1736938835396,398.99,95,buy
AAPL,1736938835403,151.24,57,sell
MSFT,1736938835472,296.93,32,buy
MSFT,1736938839539,297.91,80,buy
NVDA,1736938843397,499.75,51,buy
AAPL,1736938844348,151.24,41,sell
MSFT,1736938844654,301.43,16,buy
AAPL,1736938844667,149.48,26,buy
AAPL,1736938845353,151.94,16,sell
MSFT,1736938845753,299.19,36,sell
AAPL,1736938846389,152.66,76,sell
AAPL,1736938847297,152.88,2,sell
MSFT,1736938848585,297.02,75,buy
SPY,1736938853747,398.97,1,sell
MSFT,1736938854233,300.05,39,buy
MSFT,1736938854749,302.93,29,buy
MSFT,1736938855706,297.21,27,buy
SPY,1736938856216,399.59,65,buy
SPY,1736938856772,401.39,67,sell
AAPL,1736938857286,152.12,24,buy
TSLA,1736938859610,198.77,28,sell
NVDA,1736938859678,501.97,2,buy
AAPL,1736938861063,149.11,39,buy
AAPL,1736938861195,149.95,69,sell
NVDA,1736938861257,499.7,59,sell
SPY,1736938862717,400.57,8,sell
TSLA,1736938863383,198.49,89,sell
AAPL,1736938863478,151.88,11,sell
MSFT,1736938864591,301.2,61,buy
NVDA,1736938865179,502.15,68,sell
NVDA,1736938866150,498.67,8,sell
MSFT,1736938866999,298.77,6,sell
TSLA,1736938868388,195.39,9,buy
NVDA,1736938869292,500.55,73,sell
SPY,1736938871200,399.06,50,buy
NVDA,1736938871755,503.85,69,sell
MSFT,1736938872996,301.07,13,sell
NVDA,1736938873057,503.39,22,buy
MSFT,1736938874749,297.07,90,sell
AAPL,1736938874956,151.93,66,sell
MSFT,1736938875890,299.18,87,buy
AAPL,1736938876247,151.8,43,buy
NVDA,1736938878886,500.07,94,buy
MSFT,1736938878997,300.35,96,sell
SPY,1736938879726,400.24,74,buy
AAPL,1736938880024,152.87,21,buy
SPY,1736938881291,400.28,24,sell
NVDA,1736938881826,499.88,72,buy
TSLA,1736938883605,197.09,10,sell
MSFT,1736938884451,299.18,91,buy
MSFT,1736938884457,301.58,20,sell
MSFT,1736938884842,301.08,4,buy
AAPL,1736938885638,151.86,59,sell
SPY,1736938886671,399.94,65,sell
TSLA,1736938886841,194.49,92,buy
SPY,1736938888464,400.85,18,sell
AAPL,1736938888721,152.01,4,sell
TSLA,1736938889204,195.78,52,sell
SPY,1736938889325,400.78,27,sell
NVDA,1736938889531,499.48,44,sell
NVDA,1736938889553,500.73,22,buy
TSLA,1736938889894,198.72,92,sell
MSFT,1736938890047,299.25,95,buy
AAPL,1736938890331,151.96,70,buy
SPY,1736938893274,399.36,58,buy
NVDA,1736938895329,499.59,80,buy
NVDA,1736938895475,503.46,77,sell
MSFT,1736938896134,298.49,57,buy
SPY,1736938896165,399.24,85,buy
AAPL,1736938896617,151.03,85,sell
TSLA,1736938896864,195.52,20,sell
SPY,1736938898694,400.02,98,sell
MSFT,1736938898827,297.62,42,buy
SPY,1736938899099,398.69,47,buy
AAPL,1736938899273,148.99,74,sell
MSFT,1736938899995,302.06,54,buy
TSLA,1736938900917,196.95,90,sell
NVDA,1736938902286,499.51,18,buy
NVDA,1736938902420,501.99,90,buy
NVDA,1736938902891,502.36,20,buy
TSLA,1736938903003,198.72,50,buy
AAPL,1736938903173,151.71,6,buy
MSFT,1736938905470,296.8,7,buy
SPY,1736938907032,399.88,80,buy
SPY,1736938910802,399.75,91,buy
NVDA,1736938911173,500.22,24,buy
MSFT,1736938911377,298.87,34,sell
MSFT,1736938911438,297.56,56,buy
NVDA,1736938911988,500.58,6,sell
MSFT,1736938912829,298.97,89,sell
SPY,1736938913040,400.36,39,sell
SPY,1736938913305,399.09,44,buy
AAPL,1736938913915,150.42,73,sell
MSFT,1736938915114,297.48,77,sell
TSLA,1736938917568,199.82,75,sell
AAPL,1736938918343,150.25,9,sell
AAPL,1736938918585,152.69,21,sell
MSFT,1736938918737,299.11,22,sell
SPY,1736938919168,400.37,93,sell
AAPL,1736938920225,151.65,87,sell
TSLA,1736938921965,193.9,12,buy
SPY,1736938923800,400.76,61,buy
TSLA,1736938923918,195.31,77,buy
TSLA,1736938924282,194.33,43,sell
AAPL,1736938924398,150.01,3,buy
NVDA,1736938925420,501.23,37,sell
MSFT,1736938925559,302.02,86,sell
TSLA,1736938925565,200.07,25,buy
NVDA,1736938925967,500.01,68,buy
MSFT,1736938926459,301.88,52,buy
AAPL,1736938927307,150.76,38,sell
TSLA,1736938927689,194.61,93,sell
SPY,1736938927985,399.97,47,sell
TSLA,1736938928261,194.92,46,sell
MSFT,1736938928494,296.96,22,sell
MSFT,1736938929074,298.63,83,buy
SPY,1736938929230,400.09,68,buy
MSFT,1736938929231,299.13,44,buy
MSFT,1736938929270,298.65,71,sell
AAPL,1736938929683,153.05,45,sell
NVDA,1736938930664,501.48,20,buy
SPY,1736938930801,399.98,72,buy
TSLA,1736938932086,194.51,59,sell
TSLA,1736938934080,199.14,74,sell
NVDA,1736938934624,501.72,67,sell
NVDA,1736938934736,502.79,45,buy
TSLA,1736938935273,199.33,24,buy
MSFT,1736938935603,303.23,70,sell
AAPL,1736938935640,150.33,65,buy
SPY,1736938936447,401.02,31,sell
MSFT,1736938937547,299.63,82,sell
SPY,1736938937999,400.3,1,sell
TSLA,1736938938037,195.16,65,sell
MSFT,1736938938075,302.07,33,buy
AAPL,1736938938370,152.2,61,sell
AAPL,1736938938968,152.67,73,sell
NVDA,1736938939252,502.31,28,sell
NVDA,1736938940020,498.15,4,buy
TSLA,1736938941245,195.29,81,sell
MSFT,1736938941607,303.1,26,sell
TSLA,1736938943373,197.04,65,sell
SPY,1736938943891,399.41,56,buy
TSLA,1736938944559,198.48,36,buy
NVDA,1736938944868,499.21,78,sell
TSLA,1736938945036,195.28,85,buy
SPY,1736938945442,400.13,63,sell
MSFT,1736938946432,296.65,19,buy
AAPL,1736938947014,150.22,82,buy
TSLA,1736938950536,195.43,23,buy
SPY,1736938950684,399.53,60,buy
MSFT,1736938951240,301.14,16,sell
TSLA,1736938951309,198.03,71,sell
NVDA,1736938951938,500.75,8,sell
MSFT,1736938952094,301.46,80,sell
SPY,1736938952220,399.95,13,sell
MSFT,1736938952238,298.84,100,buy
MSFT,1736938953620,300.08,34,buy
MSFT,1736938954083,299.8,62,buy
AAPL,1736938954197,149.84,91,buy
SPY,1736938955839,398.87,50,sell
MSFT,1736938955854,302.92,3,sell
SPY,1736938956774,399.29,20,buy
AAPL,1736938957892,151.0,57,sell
SPY,1736938958105,399.46,60,buy
SPY,1736938958679,399.51,32,sell
MSFT,1736938960165,297.15,26,sell
NVDA,1736938960375,502.44,88,sell
SPY,1736938962887,399.4,88,sell
TSLA,1736938963048,198.48,27,sell
SPY,1736938963945,399.99,62,buy
SPY,1736938965980,401.17,31,buy
TSLA,1736938967572,198.61,32,buy
MSFT,1736938967690,297.46,22,buy
AAPL,1736938969152,149.75,58,sell
TSLA,1736938969589,197.77,48,sell
MSFT,1736938971132,300.17,84,buy
NVDA,1736938971387,501.7,51,sell
AAPL,1736938971556,149.72,92,sell
AAPL,1736938971666,150.7,76,sell
AAPL,1736938972281,150.08,18,sell
MSFT,1736938972777,300.66,25,buy
NVDA,1736938973807,500.31,28,sell
AAPL,1736938974341,151.22,25,sell
MSFT,1736938975508,298.8,51,buy
SPY,1736938975560,400.48,29,buy
NVDA,1736938976299,502.28,27,buy
SPY,1736938976391,400.18,5,sell
NVDA,1736938977104,502.29,48,sell
SPY,1736938978489,398.77,83,buy
TSLA,1736938979435,199.21,86,buy
NVDA,1736938980240,500.06,7,sell
TSLA,1736938980329,198.86,22,sell
NVDA,1736938980542,500.64,65,sell
NVDA,1736938981293,498.97,8,buy
SPY,1736938981444,401.63,84,sell
TSLA,1736938982760,198.62,20,sell
TSLA,1736938985494,198.59,16,buy
AAPL,1736938986242,150.46,23,buy
TSLA,1736938986294,194.77,24,sell
SPY,1736938986398,401.19,76,buy
MSFT,1736938986763,299.09,11,sell
NVDA,1736938988138,502.85,84,buy
TSLA,1736938988773,195.07,10,buy
TSLA,1736938990374,198.58,9,sell
NVDA,1736938992127,499.85,15,sell
AAPL,1736938992325,151.93,41,buy
AAPL,1736938995422,151.04,24,sell
SPY,1736938995519,400.45,21,buy
SPY,1736938995921,400.05,51,sell
MSFT,1736938997032,301.57,52,buy
AAPL,1736938999211,151.64,66,buy
SPY,1736938999681,400.92,47,sell
SPY,1736939000894,399.07,20,buy
MSFT,1736939001216,300.23,31,buy
SPY,1736939002861,399.03,42,sell
SPY,1736939004753,399.47,1,buy
NVDA,1736939005902,504.2,18,buy
TSLA,1736939006156,198.61,41,buy
SPY,1736939006650,401.34,3,sell
AAPL,1736939007899,150.18,65,buy
AAPL,1736939008115,152.82,77,sell
NVDA,1736939010057,500.36,78,buy
NVDA,1736939011416,501.92,31,sell
MSFT,1736939014205,299.13,15,buy
NVDA,1736939014799,499.14,37,buy
TSLA,1736939015873,200.04,42,buy
MSFT,1736939017036,301.42,91,buy
SPY,1736939018238,400.23,7,buy
SPY,1736939019074,399.84,100,buy
NVDA,1736939019540,500.49,59,sell
TSLA,1736939020605,196.34,58,sell
AAPL,1736939020984,150.5,35,sell
NVDA,1736939022307,500.84,4,buy
TSLA,1736939022786,194.52,11,buy
NVDA,1736939025608,499.51,92,buy
SPY,1736939026129,400.69,65,sell
SPY,1736939026667,400.44,95,sell
SPY,1736939028642,400.49,62,buy
MSFT,1736939029554,299.19,39,sell
AAPL,1736939031927,151.66,47,sell
MSFT,1736939034519,300.35,95,buy
SPY,1736939034780,399.5,93,sell
AAPL,1736939034894,152.96,4,buy
MSFT,1736939035237,299.25,63,buy
TSLA,1736939037159,197.4,78,buy
NVDA,1736939037572,500.13,83,buy
SPY,1736939038002,399.09,87,sell
NVDA,1736939038107,500.78,35,buy
TSLA,1736939039151,199.08,51,sell
MSFT,1736939039802,301.02,84,sell
SPY,1736939040706,399.8,69,buy
AAPL,1736939040788,151.88,14,buy
MSFT,1736939041663,297.43,86,sell
AAPL,1736939042292,149.26,96,sell
SPY,1736939042760,400.53,69,sell
AAPL,1736939045279,152.24,48,buy
SPY,1736939047263,400.13,5,sell
NVDA,1736939047315,501.4,11,sell
NVDA,1736939050717,503.54,39,sell
AAPL,1736939051151,151.58,9,buy
NVDA,1736939051550,500.78,64,buy
AAPL,1736939053584,150.15,73,buy
NVDA,1736939054310,500.09,24,sell
TSLA,1736939054649,198.47,76,buy
MSFT,1736939055400,300.07,15,sell
MSFT,1736939055647,301.95,51,sell
NVDA,1736939055746,502.71,79,buy
SPY,1736939055791,399.56,33,sell
NVDA,1736939056898,503.26,4,buy
TSLA,1736939057032,195.67,54,buy
SPY,1736939057075,400.33,85,sell
MSFT,1736939057154,298.22,37,buy
TSLA,1736939057438,199.9,59,buy
NVDA,1736939060696,500.56,91,sell
TSLA,1736939061744,200.11,77,buy
TSLA,1736939062004,198.16,7,buy
NVDA,1736939062675,502.26,3,sell
MSFT,1736939063141,299.36,98,buy
TSLA,1736939063965,198.01,62,sell
NVDA,1736939064624,501.32,84,buy
NVDA,1736939066568,500.67,38,buy
MSFT,1736939067191,299.19,78,sell
TSLA,1736939067286,198.1,28,sell
NVDA,1736939068029,500.31,55,buy
NVDA,1736939068708,499.53,99,sell
TSLA,1736939069668,194.97,3,buy
MSFT,1736939070325,300.33,91,buy
SPY,1736939070743,399.63,47,buy
MSFT,1736939073093,297.59,100,sell
AAPL,1736939073582,151.3,21,buy
NVDA,1736939074595,503.71,95,sell
SPY,1736939076556,400.42,41,buy
MSFT,1736939078325,298.83,64,sell
MSFT,1736939080009,297.6,100,sell
MSFT,1736939080716,298.89,11,sell
NVDA,1736939081436,502.66,87,buy
TSLA,1736939082309,199.51,54,buy
SPY,1736939083985,399.24,71,buy
NVDA,1736939084728,502.44,64,buy
SPY,1736939084855,400.23,21,sell
NVDA,1736939084928,501.88,20,buy
AAPL,1736939085260,150.03,77,buy
AAPL,1736939085626,151.76,65,sell
NVDA,1736939085675,503.61,89,sell
AAPL,1736939085683,150.51,9,buy
SPY,1736939086076,398.84,82,sell
AAPL,1736939087045,150.53,65,buy
NVDA,1736939087514,503.34,46,sell
AAPL,1736939087632,152.44,47,buy
NVDA,1736939088571,499.97,38,sell
SPY,1736939088598,399.59,63,sell
TSLA,1736939088747,193.82,87,sell
AAPL,1736939089118,152.52,38,buy
SPY,1736939089283,399.99,54,buy
TSLA,1736939089926,198.72,48,buy
SPY,1736939090402,399.47,69,sell
TSLA,1736939090662,195.16,71,buy
NVDA,1736939091084,502.79,46,sell
AAPL,1736939092675,150.0,98,sell
MSFT,1736939093059,298.21,1,buy
AAPL,1736939093656,150.22,90,sell
TSLA,1736939094783,199.4,36,sell
MSFT,1736939095135,299.07,19,sell
NVDA,1736939096036,501.72,54,sell
TSLA,1736939096366,198.45,4,buy
AAPL,1736939096763,152.05,83,buy
MSFT,1736939098074,299.22,13,sell
NVDA,1736939099955,501.22,94,sell
NVDA,1736939100175,501.58,42,buy
SPY,1736939100481,400.88,94,buy
NVDA,1736939101936,499.77,71,buy
AAPL,1736939102144,151.66,61,sell
SPY,1736939102582,399.46,77,sell
NVDA,1736939102614,500.8,10,sell
TSLA,1736939102637,198.16,36,buy
TSLA,1736939103958,193.05,37,buy
TSLA,1736939104852,195.37,96,buy
SPY,1736939105042,399.82,30,sell
AAPL,1736939105235,151.47,32,sell
TSLA,1736939105821,200.21,39,buy
AAPL,1736939105972,149.93,52,sell
TSLA,1736939107889,193.78,91,buy
SPY,1736939108853,399.44,86,sell
AAPL,1736939109143,152.35,36,sell
AAPL,1736939109192,150.39,61,buy
TSLA,1736939110345,198.95,73,sell
AAPL,1736939113487,152.14,58,sell
MSFT,1736939114294,299.76,16,buy
AAPL,1736939115336,152.14,62,buy
TSLA,1736939115635,197.09,20,buy
SPY,1736939115794,399.71,49,sell
SPY,1736939115864,399.77,61,buy
SPY,1736939116372,399.2,82,sell
NVDA,1736939116401,499.68,98,buy
TSLA,1736939116949,195.56,67,buy
TSLA,1736939117478,195.56,86,sell
SPY,1736939118661,399.26,95,sell
SPY,1736939119041,399.6,65,buy
SPY,1736939119275,399.07,40,buy
NVDA,1736939119434,502.43,39,buy
TSLA,1736939120707,198.2,97,sell
AAPL,1736939121579,152.35,86,sell
TSLA,1736939125729,193.72,16,sell
MSFT,1736939127336,298.67,78,buy
SPY,1736939128104,399.14,94,buy
SPY,1736939128985,399.75,3,sell
MSFT,1736939130998,299.55,27,sell
SPY,1736939131530,401.06,36,sell
NVDA,1736939131981,499.06,70,sell
MSFT,1736939132126,297.6,12,sell
SPY,1736939132627,401.09,69,buy
NVDA,1736939133779,503.88,34,sell
TSLA,1736939135468,193.05,37,sell
SPY,1736939136079,399.41,56,buy
TSLA,1736939136955,200.37,69,buy
AAPL,1736939137011,150.02,44,buy
SPY,1736939137245,399.58,34,sell
TSLA,1736939137553,196.0,100,sell
SPY,1736939138096,400.74,88,buy
NVDA,1736939139051,503.79,25,buy
AAPL,1736939142775,150.68,15,sell
TSLA,1736939143234,197.82,45,sell
SPY,1736939144270,400.79,64,sell
SPY,1736939144557,400.49,15,sell
AAPL,1736939146735,152.69,95,sell
AAPL,1736939146964,151.44,63,buy
TSLA,1736939147403,200.08,17,sell
SPY,1736939147539,399.91,81,buy
TSLA,1736939147846,195.94,18,sell
MSFT,1736939148943,299.19,12,buy
TSLA,1736939149896,194.7,84,sell
MSFT,1736939150079,299.04,53,buy
NVDA,1736939150581,500.41,71,buy
TSLA,1736939150774,198.82,30,buy
TSLA,1736939150883,199.83,1,sell
AAPL,1736939151085,151.43,21,buy
AAPL,1736939151866,152.82,2,buy
AAPL,1736939154343,149.26,65,buy
AAPL,1736939155084,150.73,79,buy
TSLA,1736939155377,198.34,62,buy
SPY,1736939155474,399.78,28,buy
AAPL,1736939156852,152.19,62,sell
AAPL,1736939157308,151.91,23,buy
MSFT,1736939157841,297.76,32,buy
MSFT,1736939157866,300.55,5,buy
AAPL,1736939158203,152.48,93,buy
TSLA,1736939159068,194.96,47,buy
SPY,1736939160686,399.35,42,buy
TSLA,1736939160975,194.86,17,buy
TSLA,1736939161877,198.62,84,buy
SPY,1736939162001,399.98,31,buy
MSFT,1736939162214,301.94,46,sell
AAPL,1736939162931,151.93,24,sell
NVDA,1736939163745,499.78,86,buy
TSLA,1736939164478,196.42,52,buy
TSLA,1736939164824,198.48,11,buy
TSLA,1736939164916,197.93,61,buy
TSLA,1736939165382,198.48,7,sell
TSLA,1736939165617,195.54,1,sell
AAPL,1736939166136,152.75,5,buy
TSLA,1736939166180,195.09,84,sell
SPY,1736939166210,400.96,30,buy
TSLA,1736939167236,197.93,18,buy
TSLA,1736939168001,195.11,7,sell
TSLA,1736939168412,195.06,32,sell
AAPL,1736939169001,149.89,57,sell
NVDA,1736939170408,502.04,98,buy
AAPL,1736939171307,152.02,11,buy
SPY,1736939171313,398.58,72,sell
TSLA,1736939171611,200.17,51,buy
SPY,1736939172519,399.61,49,sell
MSFT,1736939172777,298.54,61,buy
AAPL,1736939174395,150.04,42,buy
AAPL,1736939175314,152.03,44,buy
NVDA,1736939175338,500.55,62,buy
SPY,1736939175582,399.7,9,buy
TSLA,1736939177140,198.82,6,buy
MSFT,1736939178235,296.97,32,buy
TSLA,1736939178619,195.77,76,buy
AAPL,1736939178683,150.91,66,sell
NVDA,1736939179464,501.59,80,sell
MSFT,1736939181058,299.35,49,sell
TSLA,1736939181853,199.26,55,buy
SPY,1736939182365,399.42,23,buy
NVDA,1736939183363,501.31,74,sell
NVDA,1736939184007,502.81,53,sell
MSFT,1736939184422,303.04,65,buy
TSLA,1736939185312,195.57,94,sell
TSLA,1736939185625,198.08,22,sell
AAPL,1736939186563,152.48,92,buy
AAPL,1736939186786,151.95,44,buy
AAPL,1736939186914,150.62,1,buy
NVDA,1736939187892,499.78,82,buy
AAPL,1736939188786,151.07,53,buy
TSLA,1736939190722,195.18,87,sell
TSLA,1736939191048,198.49,93,sell
TSLA,1736939191615,198.48,51,buy
NVDA,1736939191712,500.42,2,buy
NVDA,1736939192103,502.38,82,buy
MSFT,1736939194705,301.78,13,sell
TSLA,1736939195913,197.89,26,sell
SPY,1736939199554,399.4,87,buy
TSLA,1736939201038,193.69,3,buy
MSFT,1736939201430,297.01,72,sell
MSFT,1736939201866,301.33,40,buy
MSFT,1736939205957,297.61,47,sell
SPY,1736939206751,400.01,35,sell
SPY,1736939207498,400.2,9,sell
MSFT,1736939208965,301.48,50,sell
SPY,1736939208974,399.67,89,buy
SPY,1736939209499,399.87,54,buy
AAPL,1736939211484,149.74,10,sell
MSFT,1736939211809,297.54,47,sell
MSFT,1736939212348,301.66,70,sell
AAPL,1736939213105,149.4,92,buy
AAPL,1736939214004,150.97,85,sell
TSLA,1736939214408,198.95,84,buy
MSFT,1736939215143,299.57,41,buy
SPY,1736939216000,399.3,37,sell
NVDA,1736939217803,501.03,36,sell
MSFT,1736939217956,298.0,61,buy
MSFT,1736939218879,298.28,9,sell
TSLA,1736939218932,195.47,99,buy
TSLA,1736939219584,195.27,36,sell
MSFT,1736939219657,301.68,41,sell
NVDA,1736939220271,501.35,47,buy
SPY,1736939220398,401.28,55,buy
SPY,1736939220899,399.61,71,buy
TSLA,1736939221228,198.98,4,sell
TSLA,1736939221578,198.93,14,buy
AAPL,1736939221621,149.67,16,sell
AAPL,1736939221659,152.71,22,sell
NVDA,1736939221709,500.65,48,buy
SPY,1736939222377,401.34,72,buy
SPY,1736939223303,400.14,45,sell
NVDA,1736939223415,501.97,40,buy
TSLA,1736939223736,194.57,66,sell
MSFT,1736939224428,298.42,50,buy
AAPL,1736939224794,152.75,35,buy
MSFT,1736939226529,297.25,69,buy
AAPL,1736939228444,149.16,81,sell
SPY,1736939228541,401.42,27,sell
AAPL,1736939229470,152.71,19,sell
NVDA,1736939230139,501.5,10,buy
AAPL,1736939230201,149.8,85,sell
AAPL,1736939230794,151.69,61,buy
AAPL,1736939231702,152.36,88,sell
TSLA,1736939232340,195.69,40,sell
AAPL,1736939232581,151.84,52,buy
NVDA,1736939234711,503.38,6,sell
TSLA,1736939235573,197.8,34,buy
NVDA,1736939236758,499.23,75,sell
TSLA,1736939238294,195.53,51,sell
MSFT,1736939239054,297.34,92,buy
SPY,1736939239365,399.47,62,buy
SPY,1736939239899,399.79,2,sell
SPY,1736939239920,400.2,55,buy
SPY,1736939240005,401.32,99,buy
TSLA,1736939240009,193.95,37,sell
MSFT,1736939240111,299.13,25,sell
TSLA,1736939240958,199.64,77,sell
MSFT,1736939241329,296.77,23,buy
TSLA,1736939241786,199.96,31,buy
TSLA,1736939244006,199.45,84,buy
SPY,1736939244021,399.59,92,sell
TSLA,1736939245032,195.12,82,buy
SPY,1736939246926,399.6,91,buy
MSFT,1736939248695,300.23,100,sell
NVDA,1736939249646,498.71,81,sell
AAPL,1736939249978,153.06,28,sell
TSLA,1736939251560,193.95,15,sell
TSLA,1736939251611,199.72,30,buy
AAPL,1736939252279,152.4,75,buy
NVDA,1736939253236,499.99,17,buy
NVDA,1736939254095,501.23,50,sell
TSLA,1736939254291,198.04,74,buy
TSLA,1736939255440,193.6,96,buy
MSFT,1736939255517,298.71,7,sell
NVDA,1736939256320,499.7,98,buy
MSFT,1736939257106,301.59,60,buy
NVDA,1736939257144,501.09,92,buy
MSFT,1736939259090,298.45,5,buy
MSFT,1736939260232,300.13,21,sell
MSFT,1736939260328,300.16,65,buy
NVDA,1736939261085,499.24,76,buy
NVDA,1736939261151,501.63,42,buy
AAPL,1736939261822,151.87,79,sell
TSLA,1736939262066,197.08,50,buy
MSFT,1736939262827,298.58,86,sell
AAPL,1736939265681,152.02,32,buy
TSLA,1736939266084,198.61,17,sell
NVDA,1736939267459,503.19,66,buy
SPY,1736939268728,399.08,45,buy
SPY,1736939269160,401.12,69,buy
TSLA,1736939269169,198.58,52,buy
AAPL,1736939269778,150.74,27,sell
SPY,1736939270840,400.28,35,sell
TSLA,1736939270931,198.56,56,buy
AAPL,1736939271477,151.45,97,sell
AAPL,1736939271604,151.55,91,buy
SPY,1736939271829,399.76,67,sell
SPY,1736939273752,399.64,5,buy
AAPL,1736939274122,149.34,82,sell
SPY,1736939274552,399.35,83,buy
TSLA,1736939275011,199.55,72,sell
SPY,1736939275043,399.67,67,sell
SPY,1736939275360,400.32,55,buy
NVDA,1736939275854,498.21,71,sell
SPY,1736939275871,399.55,27,buy
NVDA,1736939275934,499.83,15,buy
MSFT,1736939276024,299.08,19,buy
TSLA,1736939276284,199.49,40,sell
MSFT,1736939276438,299.99,30,sell
SPY,1736939278039,400.44,46,sell
TSLA,1736939278602,198.73,2,sell
AAPL,1736939278874,150.64,67,buy
MSFT,1736939279140,301.61,18,buy
NVDA,1736939279722,498.67,17,sell
MSFT,1736939280148,300.91,19,buy
TSLA,1736939280481,194.99,26,sell
NVDA,1736939280832,501.09,6,buy
AAPL,1736939281254,151.66,52,buy
TSLA,1736939281309,199.4,60,buy
TSLA,1736939281485,195.0,21,buy
TSLA,1736939284262,199.68,56,sell
SPY,1736939284858,400.39,47,buy
SPY,1736939285161,399.95,65,sell
AAPL,1736939285657,149.59,72,sell
AAPL,1736939286142,152.6,58,sell
AAPL,1736939286429,151.73,14,buy
SPY,1736939286624,398.9,18,buy
SPY,1736939287118,400.26,96,sell
NVDA,1736939287824,502.15,40,sell
MSFT,1736939287847,298.93,84,buy
TSLA,1736939288221,198.81,2,buy
TSLA,1736939288576,195.38,93,sell
NVDA,1736939289633,502.79,14,sell
AAPL,1736939290097,150.4,100,buy
AAPL,1736939290488,151.92,36,sell
NVDA,1736939291446,498.73,42,buy
MSFT,1736939291986,300.17,61,buy
NVDA,1736939292695,502.72,98,buy
TSLA,1736939292848,195.83,96,buy
NVDA,1736939293069,501.43,31,sell
AAPL,1736939293484,152.84,57,sell
MSFT,1736939294080,297.34,27,sell
TSLA,1736939294487,195.9,97,sell
SPY,1736939294969,400.98,52,sell
SPY,1736939295670,400.59,96,buy
AAPL,1736939295944,150.99,55,buy
TSLA,1736939297205,199.4,55,buy
MSFT,1736939298757,297.5,28,buy
NVDA,1736939298838,501.99,29,sell
TSLA,1736939299513,198.71,75,buy
NVDA,1736939299607,499.68,24,sell
NVDA,1736939299854,502.59,78,sell
SPY,1736939300464,400.05,16,buy
SPY,1736939302000,401.06,43,sell
TSLA,1736939303748,198.05,79,sell
AAPL,1736939304160,150.96,80,buy
SPY,1736939304262,399.8,50,sell
MSFT,1736939305061,299.43,77,sell
SPY,1736939305108,401.06,69,buy
TSLA,1736939305795,199.09,73,sell
AAPL,1736939308471,152.65,47,buy
SPY,1736939309758,399.21,69,sell
AAPL,1736939310417,152.23,82,sell
TSLA,1736939310462,198.05,80,buy
AAPL,1736939311141,150.91,91,sell
TSLA,1736939311771,200.16,39,buy
SPY,1736939314000,401.44,30,buy
AAPL,1736939314316,149.55,1,sell
AAPL,1736939315005,151.41,39,sell
SPY,1736939315187,399.71,33,buy
SPY,1736939315432,399.62,9,buy
NVDA,1736939317649,501.02,64,sell
MSFT,1736939318188,296.83,77,buy
SPY,1736939318287,401.23,11,buy
NVDA,1736939318480,500.6,79,buy
AAPL,1736939318516,151.19,60,buy
AAPL,1736939319762,151.58,31,sell
NVDA,1736939321785,501.48,64,sell
NVDA,1736939321813,502.77,2,buy
TSLA,1736939322214,199.22,43,sell
MSFT,1736939323214,297.67,53,buy
MSFT,1736939323667,301.87,64,sell
MSFT,1736939323723,296.7,47,sell
NVDA,1736939325027,500.43,38,sell
TSLA,1736939325675,198.33,56,buy
MSFT,1736939327680,300.04,50,sell
NVDA,1736939327814,503.47,85,buy
AAPL,1736939329175,150.83,31,buy
TSLA,1736939330867,199.03,11,sell
SPY,1736939331380,399.73,92,buy
SPY,1736939332444,399.4,27,buy
TSLA,1736939332479,199.42,23,sell
AAPL,1736939333570,152.75,10,sell
TSLA,1736939333854,195.28,49,buy
TSLA,1736939335065,195.24,91,sell
AAPL,1736939336035,152.76,99,buy
SPY,1736939336268,400.9,96,buy
SPY,1736939337821,400.23,99,sell
NVDA,1736939338003,499.22,100,sell
AAPL,1736939339022,151.69,15,buy
AAPL,1736939339083,149.66,89,buy
MSFT,1736939339511,303.31,33,sell
NVDA,1736939340436,503.98,52,buy
SPY,1736939340880,399.43,47,buy
AAPL,1736939340945,149.15,93,sell
AAPL,1736939341415,151.5,40,sell
SPY,1736939341701,399.96,33,sell
SPY,1736939342405,399.73,2,buy
AAPL,1736939342750,150.21,44,sell
AAPL,1736939343329,153.15,52,sell
SPY,1736939343880,401.28,85,sell
AAPL,1736939344336,152.67,48,sell
NVDA,1736939344456,501.6,34,sell
NVDA,1736939345239,500.52,77,buy
AAPL,1736939345895,153.3,84,buy
MSFT,1736939347084,296.93,6,sell
MSFT,1736939347194,297.71,5,buy
SPY,1736939347229,399.08,56,buy
SPY,1736939347537,401.16,42,buy
AAPL,1736939349739,149.24,5,buy
AAPL,1736939349968,152.87,53,buy
SPY,1736939352026,399.37,55,buy
MSFT,1736939354372,301.32,68,buy
MSFT,1736939355121,296.89,67,sell
AAPL,1736939355200,151.15,63,buy
TSLA,1736939355751,195.22,66,sell
NVDA,1736939356178,500.2,38,buy
SPY,1736939357560,399.29,65,buy
MSFT,1736939360242,301.45,93,buy
TSLA,1736939363370,196.08,73,sell
MSFT,1736939363537,297.4,25,buy
AAPL,1736939363961,152.22,66,buy
MSFT,1736939364268,299.62,74,buy
TSLA,1736939364501,199.98,47,sell
TSLA,1736939364699,194.5,61,buy
TSLA,1736939365127,195.29,25,buy
NVDA,1736939366330,501.21,60,buy
MSFT,1736939366918,302.5,31,sell
SPY,1736939367213,399.66,91,sell
SPY,1736939367543,399.54,68,buy
AAPL,1736939367912,149.96,29,buy
AAPL,1736939367996,151.73,89,buy
MSFT,1736939368489,300.47,22,sell
NVDA,1736939368602,499.32,93,buy
SPY,1736939368678,399.45,21,sell
MSFT,1736939368921,301.26,87,sell
NVDA,1736939369343,500.89,82,sell
TSLA,1736939370880,198.46,34,buy
NVDA,1736939371092,501.51,14,buy
NVDA,1736939371177,501.42,4,sell
MSFT,1736939371190,303.08,11,buy
TSLA,1736939371311,195.59,79,buy
AAPL,1736939372193,149.7,83,buy
TSLA,1736939372754,195.01,62,sell
TSLA,1736939372845,198.41,18,buy
SPY,1736939373760,399.4,56,buy
NVDA,1736939374828,498.98,4,buy
AAPL,1736939374982,149.26,25,buy
AAPL,1736939374988,152.31,85,sell
MSFT,1736939375683,299.37,5,sell
AAPL,1736939377495,150.81,18,buy
MSFT,1736939377566,303.22,99,sell
SPY,1736939378314,400.49,37,buy
AAPL,1736939378897,152.01,70,buy
NVDA,1736939381663,499.81,22,buy
AAPL,1736939382214,151.48,53,buy
NVDA,1736939382312,499.5,16,sell
MSFT,1736939382475,300.42,53,buy
TSLA,1736939382516,197.18,20,buy
TSLA,1736939382959,195.29,63,sell
AAPL,1736939383217,152.96,24,sell
MSFT,1736939384079,296.59,51,sell
AAPL,1736939384422,151.88,87,buy
MSFT,1736939385597,298.67,19,buy
MSFT,1736939385680,296.92,84,buy
AAPL,1736939386797,153.04,55,buy
SPY,1736939387214,400.46,8,sell
NVDA,1736939388157,501.78,47,sell
NVDA,1736939390558,499.8,78,buy
SPY,1736939391242,400.31,23,sell
MSFT,1736939391706,301.56,65,sell
SPY,1736939391890,399.84,54,sell
MSFT,1736939392064,302.6,39,buy
MSFT,1736939392431,296.67,21,buy
TSLA,1736939392452,198.58,82,sell
NVDA,1736939393691,499.87,45,buy
TSLA,1736939393718,195.06,56,buy
MSFT,1736939395420,299.9,64,buy
TSLA,1736939395916,199.93,37,sell
NVDA,1736939396059,504.16,32,sell
AAPL,1736939396061,151.68,53,sell
SPY,1736939396338,398.72,84,buy
SPY,1736939396417,400.78,98,buy
AAPL,1736939397333,151.79,57,sell
AAPL,1736939398290,151.89,47,buy
AAPL,1736939401397,151.95,85,sell
TSLA,1736939402524,198.53,65,buy
NVDA,1736939403465,502.23,33,sell
NVDA,1736939403723,500.12,82,buy
AAPL,1736939405262,152.21,2,buy
MSFT,1736939407465,301.61,71,buy
SPY,1736939408084,400.45,8,sell
NVDA,1736939409429,501.77,73,sell
TSLA,1736939410781,200.04,26,buy
NVDA,1736939411578,501.32,35,buy
MSFT,1736939411794,297.39,86,sell
TSLA,1736939413605,198.28,57,buy
NVDA,1736939415879,498.53,64,sell
SPY,1736939416824,399.14,12,buy
MSFT,1736939416989,296.92,60,buy
AAPL,1736939417804,150.18,93,buy
TSLA,1736939417936,198.24,19,buy
SPY,1736939417947,399.65,10,buy
MSFT,1736939417968,301.42,60,sell
AAPL,1736939419436,150.42,22,buy
NVDA,1736939419464,500.24,98,buy
AAPL,1736939419493,151.56,19,sell
SPY,1736939420004,399.68,9,buy
NVDA,1736939420470,499.95,97,buy
AAPL,1736939420702,149.3,100,sell
MSFT,1736939422185,298.96,64,buy
MSFT,1736939422867,297.69,93,sell
MSFT,1736939422951,301.01,7,buy
TSLA,1736939423515,194.92,52,buy
SPY,1736939424612,400.43,37,sell
TSLA,1736939424834,198.15,60,sell
AAPL,1736939425403,152.68,46,sell
SPY,1736939426298,399.74,15,buy
AAPL,1736939427139,151.54,42,buy
NVDA,1736939427382,500.92,9,buy
AAPL,1736939428219,149.85,85,sell
TSLA,1736939429182,198.32,53,buy
AAPL,1736939429228,149.86,81,buy
AAPL,1736939430568,150.51,21,sell
TSLA,1736939430880,197.01,71,buy
AAPL,1736939431063,150.2,89,buy
TSLA,1736939433517,195.59,55,buy
SPY,1736939433824,400.35,73,buy
SPY,1736939434579,399.03,6,buy
SPY,1736939435070,398.87,22,sell
AAPL,1736939435162,152.69,42,sell
TSLA,1736939435274,198.56,30,buy
TSLA,1736939435667,195.26,77,buy
AAPL,1736939436538,150.15,62,sell
AAPL,1736939436841,150.22,13,buy
AAPL,1736939437070,149.36,25,sell
NVDA,1736939437986,501.79,68,buy
TSLA,1736939437989,198.59,30,sell
NVDA,1736939438334,499.56,6,buy
SPY,1736939438851,401.25,50,buy
AAPL,1736939439963,149.7,90,buy
SPY,1736939440083,399.43,67,buy
MSFT,1736939440305,302.09,9,buy
AAPL,1736939441043,153.02,25,buy
TSLA,1736939442155,198.69,6,sell
TSLA,1736939442260,199.1,13,buy
NVDA,1736939442401,499.34,67,buy
NVDA,1736939443065,503.61,15,sell
AAPL,1736939443150,150.33,78,buy
NVDA,1736939445814,503.24,75,buy
AAPL,1736939446649,149.74,71,buy
AAPL,1736939446671,150.14,29,sell
MSFT,1736939446759,296.69,62,buy
SPY,1736939447870,399.93,36,sell
TSLA,1736939448811,195.4,26,sell
MSFT,1736939449515,299.03,39,buy
AAPL,1736939449539,150.07,32,sell
AAPL,1736939449804,152.3,84,sell
SPY,1736939449994,399.44,45,sell
TSLA,1736939452910,195.88,10,buy
MSFT,1736939452956,299.09,55,sell
MSFT,1736939453384,299.85,36,buy
MSFT,1736939454606,297.14,63,sell
AAPL,1736939454822,153.04,41,sell
MSFT,1736939456093,298.19,39,buy
TSLA,1736939459071,199.32,64,sell
SPY,1736939459798,399.91,46,sell
NVDA,1736939460187,500.27,6,sell
AAPL,1736939463096,152.46,12,sell
AAPL,1736939463428,150.25,73,sell
SPY,1736939465663,401.31,77,buy
AAPL,1736939466769,151.81,66,buy
AAPL,1736939467000,152.89,5,buy
SPY,1736939467535,399.87,93,sell
MSFT,1736939468205,299.84,44,buy
TSLA,1736939468223,195.66,54,buy
SPY,1736939468313,401.1,53,buy
NVDA,1736939468577,501.61,35,sell
MSFT,1736939468654,302.37,40,sell
TSLA,1736939469695,197.73,64,buy
SPY,1736939469849,399.15,8,sell
AAPL,1736939472028,149.89,71,buy
NVDA,1736939472181,501.81,44,sell
MSFT,1736939473246,298.38,59,buy
AAPL,1736939473708,150.41,49,sell
TSLA,1736939473724,194.91,43,sell
NVDA,1736939474765,498.9,100,sell
MSFT,1736939474859,297.88,52,buy
AAPL,1736939474991,152.3,10,sell
MSFT,1736939475219,300.37,34,sell
NVDA,1736939475793,503.56,100,sell
NVDA,1736939476016,499.99,37,buy
AAPL,1736939478109,152.05,89,sell
MSFT,1736939479125,298.65,33,sell
TSLA,1736939480549,197.27,15,buy
AAPL,1736939481025,153.26,12,sell
MSFT,1736939483196,301.03,7,sell
NVDA,1736939483761,498.92,85,sell
MSFT,1736939483842,300.16,49,sell
SPY,1736939483917,400.88,41,sell
NVDA,1736939484230,501.32,77,sell
MSFT,1736939484573,299.18,28,buy
AAPL,1736939485824,151.98,6,sell
MSFT,1736939487647,300.99,10,sell
SPY,1736939488268,399.3,98,sell
SPY,1736939488325,401.8,12,sell
SPY,1736939488649,399.38,54,sell
SPY,1736939489007,400.59,76,buy
MSFT,1736939489657,299.01,73,buy
TSLA,1736939489801,198.83,4,sell
TSLA,1736939489829,199.84,56,buy
AAPL,1736939489941,151.99,68,sell
TSLA,1736939490677,194.93,71,buy
NVDA,1736939491576,501.57,1,buy
MSFT,1736939492336,299.79,1,buy
AAPL,1736939492962,150.85,90,buy
AAPL,1736939493124,151.93,52,sell
SPY,1736939493962,399.45,53,sell
TSLA,1736939495074,198.19,49,sell
TSLA,1736939495322,197.58,67,sell
SPY,1736939495456,399.24,65,sell
TSLA,1736939495685,193.6,62,buy
MSFT,1736939496010,298.23,88,buy
MSFT,1736939496350,299.24,40,sell
SPY,1736939496433,400.17,60,sell
MSFT,1736939498999,299.94,42,sell
SPY,1736939499128,401.8,47,buy
NVDA,1736939501356,503.2,66,buy
SPY,1736939501461,399.69,52,sell
AAPL,1736939501597,149.23,42,buy
SPY,1736939501857,401.62,20,buy
TSLA,1736939502685,199.04,39,sell
NVDA,1736939503508,501.1,36,sell
SPY,1736939503553,400.91,47,sell
TSLA,1736939503667,198.72,45,sell
NVDA,1736939503685,500.43,8,buy
MSFT,1736939504326,297.23,60,sell
MSFT,1736939504507,297.05,96,buy
AAPL,1736939505270,149.44,61,buy
MSFT,1736939505868,300.12,51,buy
AAPL,1736939506175,149.4,18,sell
AAPL,1736939506576,150.88,81,sell
AAPL,1736939506914,151.69,87,sell
NVDA,1736939507138,498.94,17,sell
MSFT,1736939507630,296.65,33,buy
AAPL,1736939507988,151.06,11,sell
AAPL,1736939508193,150.62,62,sell
AAPL,1736939508724,150.42,19,sell
NVDA,1736939509252,501.69,18,sell
AAPL,1736939509715,152.35,84,buy
TSLA,1736939510269,195.49,67,buy
NVDA,1736939511534,499.26,15,sell
NVDA,1736939511825,498.63,16,sell
NVDA,1736939512478,501.69,41,buy
SPY,1736939513915,399.81,30,sell
AAPL,1736939514059,149.02,19,buy
MSFT,1736939514119,299.96,88,buy
TSLA,1736939515093,195.44,4,sell
NVDA,1736939516001,501.54,48,sell
NVDA,1736939516162,502.72,25,buy
TSLA,1736939516309,198.58,58,sell
SPY,1736939516391,398.85,90,sell
SPY,1736939517066,400.96,85,sell
MSFT,1736939517342,303.17,16,buy
SPY,1736939519020,399.61,65,sell
MSFT,1736939519131,300.1,53,sell
MSFT,1736939520289,299.38,76,buy
MSFT,1736939520576,299.55,83,buy
MSFT,1736939521041,299.19,50,buy
MSFT,1736939521550,298.29,43,sell
SPY,1736939522081,399.65,74,sell
MSFT,1736939523995,298.53,60,sell
AAPL,1736939524474,149.96,13,buy
SPY,1736939527486,400.86,28,sell
MSFT,1736939527596,300.15,63,buy
MSFT,1736939527854,298.89,76,buy
NVDA,1736939529692,502.72,93,sell
MSFT,1736939530202,298.71,79,sell
MSFT,1736939530532,299.2,55,sell
NVDA,1736939530920,500.89,24,buy
SPY,1736939532630,399.22,70,sell
SPY,1736939532868,401.26,95,sell
SPY,1736939533263,400.27,24,sell
NVDA,1736939533924,499.46,76,buy
NVDA,1736939534694,500.13,9,buy
AAPL,1736939534945,152.13,42,buy
AAPL,1736939535829,152.32,17,buy
MSFT,1736939536587,299.33,40,buy
MSFT,1736939537578,299.0,62,sell
NVDA,1736939538395,501.93,53,sell
SPY,1736939538648,401.27,40,buy
AAPL,1736939539335,149.6,7,sell
MSFT,1736939539605,302.11,88,sell
SPY,1736939540322,399.6,95,buy
AAPL,1736939540368,152.05,36,buy
SPY,1736939541452,401.52,27,buy
SPY,1736939541942,400.81,93,buy
AAPL,1736939541963,151.26,94,sell
MSFT,1736939542172,297.03,43,buy
SPY,1736939542277,399.3,50,buy
TSLA,1736939542730,197.44,74,sell
MSFT,1736939543185,297.46,96,sell
NVDA,1736939544827,499.47,18,buy
MSFT,1736939545400,298.21,75,buy
AAPL,1736939545532,149.57,63,buy
AAPL,1736939546291,151.66,29,sell
TSLA,1736939546459,196.16,21,buy
TSLA,1736939547176,193.25,26,buy
SPY,1736939549063,400.72,23,buy
NVDA,1736939549145,499.63,69,sell
NVDA,1736939549303,499.03,10,buy
MSFT,1736939549336,297.89,20,sell
AAPL,1736939549798,150.01,29,sell
AAPL,1736939550672,152.08,82,buy
MSFT,1736939550723,297.6,2,sell
MSFT,1736939550793,297.35,32,sell
SPY,1736939554154,401.29,95,sell
SPY,1736939554416,399.81,17,buy
SPY,1736939554574,400.45,43,sell
NVDA,1736939555802,499.52,90,buy
TSLA,1736939557165,199.82,79,sell
AAPL,1736939557341,152.98,35,buy
TSLA,1736939557426,195.62,28,sell
AAPL,1736939557443,149.61,10,sell
TSLA,1736939558212,196.95,89,buy
NVDA,1736939558250,499.51,21,buy
TSLA,1736939558283,196.56,52,sell
NVDA,1736939558879,501.58,93,sell
AAPL,1736939561398,151.17,5,sell
TSLA,1736939561842,197.97,85,buy
NVDA,1736939562617,500.29,43,buy
TSLA,1736939562743,199.43,26,buy
TSLA,1736939563393,198.51,9,buy
SPY,1736939564498,400.78,2,sell
SPY,1736939565913,399.43,56,buy
SPY,1736939566632,400.68,60,buy
MSFT,1736939566871,298.8,8,buy
SPY,1736939567469,398.85,48,buy
AAPL,1736939567747,150.9,80,sell
AAPL,1736939569126,152.04,11,sell
SPY,1736939569198,400.52,70,buy
AAPL,1736939569639,152.61,94,sell
NVDA,1736939571887,500.22,40,buy
MSFT,1736939572828,297.45,17,sell
TSLA,1736939573706,198.17,41,sell
NVDA,1736939574294,501.82,77,buy
MSFT,1736939574551,297.07,97,buy
AAPL,1736939574971,151.38,54,sell
AAPL,1736939575510,150.23,45,sell
TSLA,1736939576712,194.86,6,buy
TSLA,1736939577895,195.77,90,sell
TSLA,1736939578710,195.59,49,buy
SPY,1736939578793,401.01,61,buy
SPY,1736939578973,399.75,81,sell
SPY,1736939579192,401.36,84,buy
MSFT,1736939579634,302.42,17,buy
NVDA,1736939580736,502.43,64,buy
SPY,1736939581022,400.09,50,buy
NVDA,1736939581130,500.12,41,buy
NVDA,1736939581454,501.1,43,buy
TSLA,1736939582449,195.61,33,buy
NVDA,1736939582471,501.69,13,sell
TSLA,1736939582681,200.1,38,sell
NVDA,1736939583709,500.69,92,sell
NVDA,1736939586273,500.49,66,sell
SPY,1736939586972,400.48,2,sell
SPY,1736939587300,401.42,87,sell
TSLA,1736939587674,199.43,56,sell
AAPL,1736939588296,151.7,28,buy
MSFT,1736939588639,296.76,82,sell
MSFT,1736939589640,300.81,60,sell
MSFT,1736939590465,297.5,31,sell
NVDA,1736939590602,503.76,89,sell
SPY,1736939590703,401.55,15,sell
MSFT,1736939591773,303.11,30,buy
AAPL,1736939592025,151.75,99,buy
AAPL,1736939592628,151.9,65,buy
AAPL,1736939594094,151.98,45,sell
NVDA,1736939594587,499.3,5,buy
MSFT,1736939595947,299.84,62,buy
SPY,1736939596565,399.66,16,sell
SPY,1736939599247,399.57,58,buy
AAPL,1736939600029,150.2,27,buy
TSLA,1736939601403,199.44,9,buy
TSLA,1736939601663,199.05,30,sell
AAPL,1736939602734,150.69,73,buy
TSLA,1736939603300,194.88,52,sell
MSFT,1736939604796,296.89,76,buy
MSFT,1736939605513,299.78,28,sell
SPY,1736939605704,399.79,7,sell
AAPL,1736939605773,152.69,2,sell
MSFT,1736939606087,298.14,16,sell
SPY,1736939607702,399.65,52,buy
MSFT,1736939607789,299.1,78,buy
NVDA,1736939607917,500.94,99,buy
SPY,1736939607928,401.03,29,sell
AAPL,1736939608018,151.93,54,buy
SPY,1736939608437,399.87,2,sell
NVDA,1736939608443,499.2,27,sell
SPY,1736939609110,400.6,31,sell
MSFT,1736939611151,299.31,79,sell
MSFT,1736939612913,302.86,40,sell
MSFT,1736939614040,299.39,89,sell
NVDA,1736939614789,502.89,37,sell
MSFT,1736939614820,300.95,74,buy
SPY,1736939615035,399.96,33,buy
MSFT,1736939616299,299.13,43,sell
AAPL,1736939616925,151.83,49,buy
TSLA,1736939617362,195.16,68,buy
TSLA,1736939617835,198.59,35,sell
TSLA,1736939618452,199.35,72,sell
SPY,1736939618857,399.48,81,sell
AAPL,1736939619296,150.27,59,sell
TSLA,1736939619377,195.44,19,sell
TSLA,1736939619949,195.45,31,buy
TSLA,1736939620112,195.28,85,sell
SPY,1736939620325,399.67,83,buy
SPY,1736939620550,399.91,85,buy
NVDA,1736939621530,499.28,55,buy
SPY,1736939622441,400.52,98,sell
MSFT,1736939622644,298.79,81,buy
SPY,1736939623876,399.11,5,buy
MSFT,1736939624164,302.55,96,buy
NVDA,1736939624446,501.72,14,sell
TSLA,1736939624655,197.88,19,sell
SPY,1736939625491,401.13,67,buy
NVDA,1736939626785,500.27,91,sell
AAPL,1736939626861,152.73,2,sell
MSFT,1736939627576,303.18,26,sell
MSFT,1736939627681,296.92,75,sell
TSLA,1736939627842,198.86,51,buy
SPY,1736939628770,399.56,1,buy
SPY,1736939629740,398.76,46,buy
SPY,1736939630290,400.46,44,sell
AAPL,1736939631113,150.06,68,buy
TSLA,1736939631862,193.95,91,sell
TSLA,1736939633520,198.85,2,buy
SPY,1736939635102,399.81,4,buy
NVDA,1736939635888,498.8,31,buy
MSFT,1736939636603,297.17,63,sell
AAPL,1736939636810,152.81,99,sell
MSFT,1736939638359,297.37,71,buy
NVDA,1736939638620,500.11,23,buy
NVDA,1736939638697,503.94,9,sell
AAPL,1736939639988,149.75,61,sell
TSLA,1736939640601,195.12,82,sell
MSFT,1736939641600,301.77,38,sell
TSLA,1736939642069,193.7,27,sell
MSFT,1736939642134,299.48,39,sell
MSFT,1736939642928,299.77,83,sell
NVDA,1736939644946,501.85,75,buy
SPY,1736939647388,399.5,7,buy
NVDA,1736939647664,501.69,19,buy
TSLA,1736939647833,199.36,85,sell
SPY,1736939648644,399.32,65,buy
MSFT,1736939651529,297.92,76,buy
AAPL,1736939652656,151.9,42,sell
AAPL,1736939654881,152.51,57,buy
SPY,1736939655228,400.1,12,buy
SPY,1736939655829,400.16,21,buy
AAPL,1736939656665,150.52,63,sell
MSFT,1736939657857,297.1,34,buy
AAPL,1736939659123,151.52,17,buy
MSFT,1736939659303,296.79,28,sell
TSLA,1736939660087,198.17,98,sell
AAPL,1736939660517,149.22,100,sell
TSLA,1736939660533,199.64,53,buy
MSFT,1736939660658,300.41,83,buy
SPY,1736939661202,400.27,13,sell
MSFT,1736939661781,300.11,32,buy
TSLA,1736939663485,194.03,36,sell
MSFT,1736939664076,302.85,4,buy
SPY,1736939665452,401.4,94,sell
TSLA,1736939668438,198.5,47,sell
NVDA,1736939670880,502.32,1,buy
TSLA,1736939671431,199.9,56,buy
AAPL,1736939671834,151.83,2,sell
AAPL,1736939673299,152.8,14,sell
MSFT,1736939673537,298.57,64,buy
MSFT,1736939676726,297.11,21,buy
TSLA,1736939676958,193.93,32,buy
AAPL,1736939677938,152.09,18,buy
TSLA,1736939678881,195.03,84,buy
SPY,1736939679194,399.67,55,buy
MSFT,1736939679806,298.5,62,buy
SPY,1736939680084,399.77,61,sell
AAPL,1736939680128,151.68,61,buy
TSLA,1736939681919,200.37,68,buy
TSLA,1736939683086,195.55,53,buy
AAPL,1736939683533,149.66,90,buy
MSFT,1736939684581,296.88,33,sell
MSFT,1736939685054,298.53,63,sell
AAPL,1736939685698,150.22,1,sell
SPY,1736939687086,400.97,72,buy
MSFT,1736939688340,301.13,90,sell
MSFT,1736939688543,296.62,74,buy
AAPL,1736939689700,152.67,28,buy
NVDA,1736939690022,500.49,32,sell
TSLA,1736939690533,195.52,24,sell
TSLA,1736939691140,199.98,53,buy
SPY,1736939692027,400.81,87,buy
AAPL,1736939692255,150.07,20,sell
TSLA,1736939692582,199.68,53,sell
MSFT,1736939692701,302.44,89,sell
NVDA,1736939693135,500.3,42,buy
SPY,1736939693181,399.38,6,sell
MSFT,1736939696254,299.09,37,buy
TSLA,1736939696257,196.43,19,buy
SPY,1736939696646,400.64,6,buy
TSLA,1736939701308,199.63,44,sell
AAPL,1736939701567,150.79,36,buy
NVDA,1736939701840,503.22,34,buy
NVDA,1736939702035,500.9,58,buy
SPY,1736939702267,400.67,81,buy
TSLA,1736939702706,199.98,75,buy
NVDA,1736939703068,501.03,25,buy
AAPL,1736939705264,152.13,15,buy
NVDA,1736939705389,501.81,81,buy
SPY,1736939705687,398.88,21,buy
AAPL,1736939706000,150.38,24,sell
SPY,1736939707802,399.54,57,sell
AAPL,1736939708863,149.59,2,sell
SPY,1736939709646,401.13,75,sell
SPY,1736939709937,399.66,99,buy
MSFT,1736939711569,303.11,11,buy
AAPL,1736939711927,151.97,32,buy
SPY,1736939712044,399.73,31,buy
TSLA,1736939712864,199.12,27,buy
SPY,1736939712941,399.81,76,buy
MSFT,1736939714927,297.66,52,sell
AAPL,1736939714971,152.13,32,buy
SPY,1736939715438,399.77,45,buy
AAPL,1736939715454,151.62,73,sell
NVDA,1736939715481,500.64,75,buy
SPY,1736939715566,400.22,58,sell
TSLA,1736939715679,198.15,16,buy
TSLA,1736939716915,199.43,87,sell
TSLA,1736939717097,199.22,48,sell
SPY,1736939717183,398.97,72,buy
MSFT,1736939717493,297.93,49,sell
NVDA,1736939718249,498.93,30,sell
AAPL,1736939718352,152.1,79,buy
TSLA,1736939718787,198.41,62,sell
NVDA,1736939720184,502.16,62,buy
MSFT,1736939720976,301.35,66,sell
AAPL,1736939721512,152.87,69,buy
SPY,1736939721560,400.85,37,buy
AAPL,1736939722337,151.73,58,sell
AAPL,1736939722348,152.6,57,buy
TSLA,1736939722625,197.78,96,sell
AAPL,1736939722905,152.46,8,sell
TSLA,1736939723143,194.66,57,sell
MSFT,1736939724258,296.96,32,buy
TSLA,1736939724566,198.17,54,sell
TSLA,1736939726303,200.16,89,sell
MSFT,1736939726413,297.63,32,sell
MSFT,1736939727641,296.95,68,sell
NVDA,1736939727986,501.52,69,buy
TSLA,1736939728002,199.21,87,buy
MSFT,1736939728107,296.9,25,buy
SPY,1736939728670,399.65,74,buy
AAPL,1736939729425,153.19,98,sell
TSLA,1736939729703,198.42,35,buy
MSFT,1736939730211,297.15,37,buy
SPY,1736939730922,399.4,10,sell
SPY,1736939731009,401.06,77,buy
NVDA,1736939733390,501.63,81,sell
SPY,1736939733499,399.84,52,buy
MSFT,1736939733965,297.11,59,buy
NVDA,1736939734534,502.74,50,buy
NVDA,1736939736860,502.28,84,buy
NVDA,1736939736991,499.58,29,sell
AAPL,1736939739382,151.72,10,buy
TSLA,1736939739717,195.46,78,sell
TSLA,1736939740347,193.74,54,sell
TSLA,1736939740409,197.88,30,sell
MSFT,1736939741601,297.64,7,sell
TSLA,1736939743400,195.33,56,buy
NVDA,1736939743718,500.32,85,sell
MSFT,1736939745830,298.64,81,sell
TSLA,1736939746800,199.96,29,sell
SPY,1736939747425,399.34,56,buy
TSLA,1736939747995,195.45,93,sell
MSFT,1736939748503,299.59,59,buy
NVDA,1736939748710,498.58,65,buy
TSLA,1736939749585,198.67,88,sell
MSFT,1736939749635,297.57,84,buy
NVDA,1736939752732,501.18,30,sell
AAPL,1736939753143,150.29,16,sell
AAPL,1736939754091,152.66,69,sell
NVDA,1736939754980,500.59,82,buy
MSFT,1736939756643,301.96,85,sell
SPY,1736939757378,400.04,18,sell
AAPL,1736939760878,151.81,45,buy
AAPL,1736939761636,150.94,86,buy
SPY,1736939762845,399.67,75,buy
NVDA,1736939763463,501.52,30,buy
NVDA,1736939766163,499.39,21,sell
SPY,1736939766335,399.54,42,buy
TSLA,1736939766399,198.68,41,sell
MSFT,1736939767080,300.24,64,buy
SPY,1736939767994,400.01,73,sell
SPY,1736939769002,399.69,10,sell
NVDA,1736939770019,499.44,62,sell
TSLA,1736939770475,195.72,33,sell
MSFT,1736939770566,297.54,76,sell
NVDA,1736939770986,502.66,91,sell
NVDA,1736939772662,501.5,47,sell
TSLA,1736939773056,193.99,91,buy
TSLA,1736939773792,199.0,83,buy
AAPL,1736939773877,152.37,42,buy
NVDA,1736939773912,499.24,73,buy
TSLA,1736939774674,194.38,84,buy
TSLA,1736939775802,198.02,3,buy
MSFT,1736939776245,302.47,66,sell
MSFT,1736939776302,298.49,75,buy
NVDA,1736939776875,500.39,19,sell
AAPL,1736939776964,151.83,74,buy
NVDA,1736939777018,498.85,51,sell
AAPL,1736939777153,150.39,29,sell
TSLA,1736939777944,199.66,27,sell
MSFT,1736939778070,297.47,31,sell
AAPL,1736939778466,150.62,46,buy
TSLA,1736939778515,194.98,67,buy
NVDA,1736939781657,502.15,24,buy
AAPL,1736939783588,150.35,67,buy
SPY,1736939783661,399.97,34,buy
NVDA,1736939783846,501.87,29,sell
TSLA,1736939783998,200.1,25,sell
MSFT,1736939784994,302.19,41,buy
TSLA,1736939785570,199.17,80,buy
MSFT,1736939787062,296.96,42,buy
NVDA,1736939787585,502.61,18,buy
NVDA,1736939789426,499.08,72,sell
TSLA,1736939789659,197.83,37,sell
AAPL,1736939789997,153.49,31,buy
NVDA,1736939791171,499.21,9,buy
AAPL,1736939791601,151.18,59,buy
MSFT,1736939792222,301.75,11,sell
SPY,1736939792541,400.46,81,sell
TSLA,1736939792588,197.45,40,buy
AAPL,1736939793300,152.61,48,sell
SPY,1736939793726,401.5,93,buy
TSLA,1736939793791,199.36,6,buy
NVDA,1736939794111,501.62,89,buy
AAPL,1736939794516,152.6,1,buy
NVDA,1736939794707,500.91,25,sell
MSFT,1736939795993,302.52,9,sell
AAPL,1736939797293,151.98,98,buy
NVDA,1736939800474,502.06,8,buy
TSLA,1736939801791,196.91,50,sell
NVDA,1736939802158,499.47,76,buy
SPY,1736939802334,400.43,67,buy
NVDA,1736939803658,499.04,88,buy
MSFT,1736939807434,299.73,19,buy
MSFT,1736939809047,300.23,27,buy
NVDA,1736939809331,500.29,13,sell
SPY,1736939810588,400.15,75,sell
SPY,1736939811625,400.02,54,sell
TSLA,1736939812110,195.43,68,sell
MSFT,1736939813609,301.3,27,sell
MSFT,1736939813726,300.47,76,sell
MSFT,1736939815367,297.43,3,sell
MSFT,1736939816552,299.24,100,buy
SPY,1736939818037,399.51,39,sell
AAPL,1736939818229,152.33,89,buy
SPY,1736939818731,399.54,71,buy
SPY,1736939820207,400.51,92,sell
SPY,1736939821304,401.33,10,sell
MSFT,1736939821927,302.46,36,buy
NVDA,1736939822025,501.69,50,sell
NVDA,1736939823150,499.53,48,buy
MSFT,1736939826155,297.24,48,buy
AAPL,1736939826296,151.43,59,sell
SPY,1736939826624,399.75,45,buy
TSLA,1736939827122,198.84,55,sell
SPY,1736939829744,399.79,89,sell
AAPL,1736939831860,149.51,20,buy
AAPL,1736939831865,151.07,59,buy
SPY,1736939832721,399.5,31,sell
NVDA,1736939834716,501.43,64,sell
SPY,1736939835638,400.36,83,sell
AAPL,1736939837469,149.46,54,buy
TSLA,1736939837636,195.26,63,buy
MSFT,1736939837834,302.28,96,buy
MSFT,1736939837854,300.22,38,sell
MSFT,1736939838434,300.33,72,sell
SPY,1736939840989,401.12,38,buy
TSLA,1736939841303,197.32,90,sell
MSFT,1736939842366,297.57,27,buy
MSFT,1736939843325,301.23,6,buy
AAPL,1736939844760,151.15,63,buy
TSLA,1736939845435,194.89,56,sell
TSLA,1736939845638,198.86,68,buy
MSFT,1736939846167,300.13,66,buy
TSLA,1736939846289,195.18,83,buy
MSFT,1736939846858,299.03,72,sell
TSLA,1736939848403,198.91,43,buy
MSFT,1736939848915,297.27,62,sell
NVDA,1736939849075,502.4,100,buy
NVDA,1736939849357,499.82,1,sell
TSLA,1736939849610,198.57,75,buy
NVDA,1736939849874,501.92,93,buy
AAPL,1736939850433,151.41,61,buy
MSFT,1736939850757,298.63,44,sell
NVDA,1736939851070,499.21,79,buy
SPY,1736939851374,400.06,92,sell
SPY,1736939851862,400.06,26,buy
MSFT,1736939852069,301.28,57,buy
MSFT,1736939852347,301.01,98,buy
SPY,1736939852421,400.6,53,sell
MSFT,1736939852896,299.06,63,buy
SPY,1736939853059,400.71,15,sell
AAPL,1736939853087,152.03,76,sell
AAPL,1736939853309,149.8,94,sell
AAPL,1736939853434,149.92,91,buy
AAPL,1736939855945,150.62,60,buy
TSLA,1736939855970,198.89,50,buy
NVDA,1736939856296,502.72,80,buy
TSLA,1736939856922,196.33,3,sell
SPY,1736939857005,399.07,93,sell
MSFT,1736939860214,297.14,46,sell
MSFT,1736939861531,303.05,35,buy
TSLA,1736939861633,195.27,39,buy
MSFT,1736939861663,298.8,81,sell
NVDA,1736939861680,499.54,84,sell
SPY,1736939862087,400.69,27,buy
AAPL,1736939862137,152.16,29,buy
TSLA,1736939863179,194.89,43,buy
TSLA,1736939863432,195.41,39,sell
AAPL,1736939863939,150.75,89,buy
AAPL,1736939864749,150.94,67,buy
NVDA,1736939864860,499.45,92,sell
AAPL,1736939865717,150.5,20,sell
AAPL,1736939868630,149.94,16,sell
AAPL,1736939870330,151.49,84,sell
TSLA,1736939871735,197.9,89,sell
TSLA,1736939872757,198.58,38,buy
TSLA,1736939872923,196.2,27,sell
MSFT,1736939873203,297.35,63,buy
TSLA,1736939873261,195.34,61,sell
AAPL,1736939873342,152.75,45,sell
SPY,1736939873791,399.02,13,buy
TSLA,1736939875457,198.19,29,buy
AAPL,1736939875470,151.86,76,sell
NVDA,1736939875819,501.81,66,sell
AAPL,1736939875943,151.9,9,sell
NVDA,1736939876121,500.42,40,buy
SPY,1736939877194,399.69,97,buy
NVDA,1736939878717,502.79,4,buy
NVDA,1736939878988,501.59,13,sell
SPY,1736939879547,400.25,92,buy
MSFT,1736939879876,298.68,92,buy
AAPL,1736939880128,152.37,25,sell
AAPL,1736939881293,152.35,80,buy
TSLA,1736939881946,198.01,28,sell
TSLA,1736939882464,198.17,13,sell
TSLA,1736939882665,199.2,8,sell
NVDA,1736939885141,503.51,6,buy
AAPL,1736939885254,151.66,99,sell
AAPL,1736939886205,151.31,21,sell
SPY,1736939886815,399.93,50,buy
SPY,1736939887618,399.21,5,sell
AAPL,1736939887779,152.27,16,sell
NVDA,1736939887913,499.48,89,sell
NVDA,1736939888033,501.86,9,sell
TSLA,1736939888298,195.1,52,buy
AAPL,1736939888587,152.83,78,buy
TSLA,1736939888604,199.23,62,sell
NVDA,1736939888848,499.47,43,sell
SPY,1736939889579,399.92,96,buy
MSFT,1736939890852,299.65,38,buy
MSFT,1736939891523,297.44,29,sell
AAPL,1736939892764,149.44,2,sell
TSLA,1736939894242,195.48,62,buy
AAPL,1736939895140,151.7,70,sell
AAPL,1736939896191,150.14,18,buy
SPY,1736939896436,399.76,1,buy
NVDA,1736939897209,498.71,91,sell
AAPL,1736939897931,151.41,18,sell
AAPL,1736939898998,152.5,11,buy
AAPL,1736939899002,152.51,81,buy
MSFT,1736939899405,298.98,68,sell
TSLA,1736939899517,197.28,88,buy
TSLA,1736939900002,198.69,91,sell
AAPL,1736939900080,149.96,14,buy
NVDA,1736939900686,499.78,14,sell
NVDA,1736939900894,498.37,40,sell
SPY,1736939901162,400.18,7,buy
NVDA,1736939902283,502.03,79,sell
NVDA,1736939903137,501.76,4,buy
NVDA,1736939903725,500.23,72,buy
AAPL,1736939904361,149.87,21,sell
AAPL,1736939905738,151.51,86,sell
NVDA,1736939906541,499.68,10,sell
NVDA,1736939907174,502.58,26,sell
SPY,1736939907510,399.04,91,buy
AAPL,1736939907645,149.69,94,sell
AAPL,1736939907790,150.14,16,sell
MSFT,1736939908454,298.29,96,sell
MSFT,1736939910103,301.06,17,buy
TSLA,1736939910231,199.72,59,buy
TSLA,1736939911245,197.09,56,buy
SPY,1736939912305,400.62,66,sell
AAPL,1736939912352,153.05,34,buy
SPY,1736939913739,399.92,58,sell
TSLA,1736939914126,199.7,34,sell
NVDA,1736939914145,499.97,73,buy
AAPL,1736939915722,152.91,35,buy
NVDA,1736939915934,500.69,57,buy
AAPL,1736939917221,150.24,48,buy
SPY,1736939917668,400.27,86,sell
TSLA,1736939918125,195.16,40,buy
NVDA,1736939918411,501.56,43,buy
AAPL,1736939918913,150.74,75,sell
AAPL,1736939921737,152.82,13,sell
MSFT,1736939922766,296.75,88,sell
MSFT,1736939922932,297.6,92,buy
TSLA,1736939923349,194.11,100,sell
TSLA,1736939924326,195.2,58,sell
MSFT,1736939924854,302.1,79,sell
SPY,1736939924995,400.67,72,sell
SPY,1736939925106,399.73,86,buy
SPY,1736939925648,399.76,35,buy
NVDA,1736939925798,499.45,99,sell
NVDA,1736939927153,499.72,1,sell
TSLA,1736939928078,195.06,35,sell
NVDA,1736939928520,502.32,54,buy
AAPL,1736939928671,149.62,89,sell
NVDA,1736939928755,503.91,44,sell
SPY,1736939929682,400.36,77,sell
AAPL,1736939929750,150.52,3,sell
NVDA,1736939930223,499.88,36,buy
TSLA,1736939930556,198.4,58,buy
NVDA,1736939931908,502.83,64,sell
TSLA,1736939932651,198.68,17,buy
MSFT,1736939932898,301.98,40,buy
TSLA,1736939934683,195.61,47,buy
NVDA,1736939934932,500.07,49,buy
AAPL,1736939935487,150.87,86,buy
TSLA,1736939936351,194.91,92,buy
TSLA,1736939936594,197.0,26,sell
AAPL,1736939936995,151.7,15,sell
SPY,1736939938750,399.87,24,buy
NVDA,1736939939082,500.41,70,sell
AAPL,1736939939698,151.64,95,sell
TSLA,1736939939703,197.58,3,sell
NVDA,1736939940792,500.69,17,buy
AAPL,1736939941597,149.5,28,sell
NVDA,1736939942164,499.58,78,sell
NVDA,1736939942175,499.19,19,sell
AAPL,1736939942518,151.54,73,buy
TSLA,1736939943129,196.96,90,buy
TSLA,1736939944794,199.96,91,buy
TSLA,1736939945125,199.36,17,buy
NVDA,1736939945161,501.98,46,buy
NVDA,1736939945600,500.27,82,sell
AAPL,1736939947145,150.95,3,buy
AAPL,1736939947390,152.05,11,buy
NVDA,1736939947455,499.65,26,buy
NVDA,1736939947757,499.45,41,buy
AAPL,1736939952122,153.2,32,buy
TSLA,1736939952216,198.52,26,buy
TSLA,1736939952454,198.62,50,buy
MSFT,1736939953886,299.99,36,buy
NVDA,1736939954731,499.4,13,buy
TSLA,1736939955246,198.47,69,sell
NVDA,1736939955818,501.69,11,sell
NVDA,1736939956631,500.89,57,buy
NVDA,1736939957700,502.28,50,sell
TSLA,1736939959221,198.72,44,sell
SPY,1736939960063,399.56,94,buy
MSFT,1736939960152,302.19,24,sell
MSFT,1736939961096,299.2,39,sell
MSFT,1736939961381,299.36,25,buy
TSLA,1736939962459,199.74,43,sell
MSFT,1736939962644,298.69,82,buy
SPY,1736939962826,399.84,82,buy
TSLA,1736939963935,199.69,28,buy
TSLA,1736939964116,195.62,82,buy
NVDA,1736939965994,499.08,28,sell
NVDA,1736939966247,502.64,67,sell
SPY,1736939966838,401.12,84,buy
MSFT,1736939967020,302.18,42,sell
AAPL,1736939967897,149.51,22,buy
NVDA,1736939968428,503.32,19,sell
TSLA,1736939970527,198.32,58,sell
AAPL,1736939970968,152.66,81,buy
AAPL,1736939971089,149.66,98,buy
SPY,1736939971888,399.95,19,sell
NVDA,1736939971915,502.72,51,buy
MSFT,1736939972022,298.83,58,buy
TSLA,1736939972671,199.06,9,buy
MSFT,1736939973016,297.5,95,sell
SPY,1736939973500,400.33,7,sell
NVDA,1736939974889,499.95,39,sell
MSFT,1736939975245,296.9,44,buy
MSFT,1736939976581,298.41,12,buy
MSFT,1736939976820,299.1,37,sell
AAPL,1736939978105,151.65,93,buy
NVDA,1736939979436,502.87,92,buy
SPY,1736939979533,399.55,20,sell
MSFT,1736939979705,297.04,1,sell
TSLA,1736939979821,195.11,90,buy
SPY,1736939980677,400.06,97,buy
AAPL,1736939981506,152.17,66,buy
NVDA,1736939981731,502.67,63,buy
AAPL,1736939981803,152.52,71,sell
SPY,1736939982166,400.7,71,buy
SPY,1736939982853,401.55,87,sell
TSLA,1736939983058,198.26,33,buy
TSLA,1736939983993,198.35,10,sell
MSFT,1736939986189,297.47,62,buy
MSFT,1736939986214,300.17,55,buy
NVDA,1736939987381,502.57,21,buy
TSLA,1736939987692,195.11,25,buy
SPY,1736939988278,401.64,97,sell
TSLA,1736939988893,198.99,20,buy
TSLA,1736939988972,195.37,17,sell
MSFT,1736939989163,296.63,87,buy
MSFT,1736939989209,299.03,77,sell
TSLA,1736939989605,197.07,63,sell
TSLA,1736939989758,195.64,21,buy
TSLA,1736939990333,198.94,66,buy
TSLA,1736939991287,197.21,44,buy
MSFT,1736939991691,299.67,6,sell
AAPL,1736939991854,150.51,63,buy
TSLA,1736939992623,198.48,5,sell
SPY,1736939993822,399.34,65,sell
AAPL,1736939994264,152.75,75,sell
TSLA,1736939994489,194.73,83,sell
MSFT,1736939996551,296.78,50,buy
AAPL,1736939996786,150.59,70,buy
NVDA,1736939996870,502.75,81,sell
AAPL,1736939997228,151.91,83,sell
SPY,1736939997567,400.36,29,buy
TSLA,1736939997676,195.37,99,buy
MSFT,1736939998909,296.99,73,sell
MSFT,1736939999059,298.87,17,buy
MSFT,1736939999096,301.3,43,buy
TSLA,1736939999148,195.63,2,sell
MSFT,1736940001382,299.29,30,buy
SPY,1736940001548,399.53,78,sell
TSLA,1736940001804,198.63,65,buy
MSFT,1736940002429,301.14,100,sell
SPY,1736940002870,399.17,41,buy
SPY,1736940003059,399.18,60,buy
MSFT,1736940003543,301.96,90,sell
AAPL,1736940004614,151.42,47,sell
SPY,1736940004728,401.04,69,sell
MSFT,1736940005406,299.02,6,sell
AAPL,1736940007050,152.22,85,buy
TSLA,1736940008123,193.92,96,sell
SPY,1736940008229,401.15,24,buy
NVDA,1736940008293,501.99,34,buy
AAPL,1736940009157,152.01,20,sell
SPY,1736940009508,400.52,22,sell
MSFT,1736940009684,296.94,60,buy
TSLA,1736940010318,198.01,77,sell
TSLA,1736940011568,198.28,66,sell
SPY,1736940013922,400.27,16,buy
SPY,1736940014808,398.96,5,buy
AAPL,1736940014891,149.32,18,sell
SPY,1736940014912,399.05,23,buy
NVDA,1736940017155,500.24,69,sell
TSLA,1736940017602,195.6,70,buy
AAPL,1736940018171,150.44,39,sell
AAPL,1736940019338,151.76,84,buy
AAPL,1736940020984,152.31,37,buy
MSFT,1736940021669,300.01,95,buy
TSLA,1736940022194,195.36,35,sell
MSFT,1736940023058,301.05,72,sell
AAPL,1736940023129,149.46,24,buy
AAPL,1736940023955,152.05,25,sell
SPY,1736940025911,399.52,89,buy
TSLA,1736940026128,198.16,49,buy
SPY,1736940026762,401.04,77,sell
SPY,1736940026899,399.87,99,buy
NVDA,1736940026956,502.83,74,sell
AAPL,1736940028128,151.13,38,sell
AAPL,1736940028395,150.35,64,buy
NVDA,1736940028434,500.25,70,sell
AAPL,1736940029171,149.63,53,buy
AAPL,1736940031899,153.0,49,buy
SPY,1736940032040,399.12,11,buy
MSFT,1736940032831,298.87,32,sell
MSFT,1736940033331,297.07,87,buy
SPY,1736940033744,400.31,32,buy
SPY,1736940035102,399.93,5,buy
NVDA,1736940036772,503.52,100,sell
TSLA,1736940037303,197.71,46,buy
NVDA,1736940037748,502.54,90,buy
MSFT,1736940040454,298.73,99,sell
SPY,1736940043429,401.0,53,buy
NVDA,1736940045811,500.32,90,buy
SPY,1736940045859,399.82,87,sell
SPY,1736940046943,401.14,45,sell
AAPL,1736940047129,150.0,74,buy
AAPL,1736940051469,152.85,22,buy
MSFT,1736940051579,298.98,23,buy
AAPL,1736940052027,152.25,75,buy
NVDA,1736940053693,499.99,36,buy
SPY,1736940056667,401.1,26,buy
NVDA,1736940056990,502.61,21,buy
AAPL,1736940057300,151.54,66,sell
AAPL,1736940057403,149.43,49,sell
NVDA,1736940057698,499.42,68,buy
NVDA,1736940058096,503.07,25,buy
NVDA,1736940059195,500.78,23,sell
NVDA,1736940059900,503.32,94,sell
TSLA,1736940060708,197.25,100,sell
MSFT,1736940061054,299.97,64,buy
AAPL,1736940061379,152.09,52,sell
MSFT,1736940061742,298.66,74,buy
TSLA,1736940062063,197.0,62,sell
NVDA,1736940062248,500.45,31,buy
NVDA,1736940062362,501.65,99,buy
TSLA,1736940063580,194.94,9,sell
MSFT,1736940065165,297.0,93,sell
TSLA,1736940065955,193.61,69,sell
MSFT,1736940066239,302.47,90,buy
NVDA,1736940066268,499.5,3,buy
TSLA,1736940066347,196.91,16,buy
MSFT,1736940066759,301.28,3,sell
TSLA,1736940066915,198.34,61,sell
TSLA,1736940067702,199.9,62,sell
SPY,1736940068182,401.5,41,sell
SPY,1736940068833,399.63,33,sell
NVDA,1736940069446,501.22,44,sell
TSLA,1736940070104,199.57,29,buy
AAPL,1736940070673,151.18,64,sell
AAPL,1736940070676,150.01,59,buy
MSFT,1736940071685,299.26,94,buy
AAPL,1736940072211,151.75,30,sell
AAPL,1736940072371,152.85,85,sell
NVDA,1736940072412,502.27,10,sell
NVDA,1736940073288,500.08,39,buy
NVDA,1736940074551,499.34,41,sell
AAPL,1736940075253,151.1,70,buy
AAPL,1736940075913,149.53,48,sell
MSFT,1736940076757,299.59,37,sell
AAPL,1736940077212,152.02,23,sell
AAPL,1736940077934,149.54,22,buy
MSFT,1736940078694,303.1,91,buy
SPY,1736940078814,400.06,84,sell
NVDA,1736940079306,503.83,83,buy
SPY,1736940079485,399.98,56,sell
AAPL,1736940082771,150.29,14,sell
NVDA,1736940082976,502.04,77,buy
AAPL,1736940083558,150.66,16,sell
NVDA,1736940084169,499.68,65,buy
NVDA,1736940085236,503.82,65,sell
MSFT,1736940085422,298.71,56,sell
SPY,1736940086891,399.16,33,buy
SPY,1736940087077,400.49,63,buy
MSFT,1736940087136,299.15,80,sell
AAPL,1736940087742,152.62,70,buy
NVDA,1736940089977,502.85,98,buy
NVDA,1736940090739,501.72,86,buy
NVDA,1736940091739,499.92,24,buy
TSLA,1736940092532,194.03,82,buy
MSFT,1736940092975,296.62,33,sell
TSLA,1736940094483,195.82,12,sell
AAPL,1736940094547,150.77,69,buy
NVDA,1736940097433,500.3,64,buy
TSLA,1736940100189,198.32,79,sell
NVDA,1736940100987,498.61,89,sell
AAPL,1736940101144,149.98,39,sell
NVDA,1736940102061,498.84,24,buy
SPY,1736940102553,401.21,73,sell
NVDA,1736940103938,502.89,11,sell
TSLA,1736940104322,193.48,84,buy
NVDA,1736940104777,502.49,15,sell
SPY,1736940106891,400.65,78,sell
MSFT,1736940108754,297.17,13,buy
AAPL,1736940109086,150.2,16,buy
TSLA,1736940109293,199.18,42,buy
NVDA,1736940111704,500.63,1,buy
SPY,1736940111993,399.98,51,sell
AAPL,1736940112688,151.08,82,sell
TSLA,1736940113837,195.22,36,buy
TSLA,1736940115553,198.4,3,buy
AAPL,1736940116121,152.96,82,sell
SPY,1736940116859,400.17,54,buy
AAPL,1736940117049,150.63,20,buy
TSLA,1736940117938,197.73,54,buy
NVDA,1736940118255,499.07,93,sell
SPY,1736940118332,399.86,40,sell
MSFT,1736940120023,299.3,38,buy
NVDA,1736940120168,501.7,72,buy
TSLA,1736940120278,195.83,80,buy
MSFT,1736940121329,299.12,81,buy
AAPL,1736940121394,152.67,51,buy
TSLA,1736940121565,198.08,75,sell
SPY,1736940122721,399.9,45,sell
AAPL,1736940124093,150.71,76,sell
TSLA,1736940125480,195.25,49,buy
TSLA,1736940127436,195.14,51,buy
SPY,1736940127778,400.37,25,buy
MSFT,1736940128171,301.12,10,buy
NVDA,1736940128445,501.67,88,sell
SPY,1736940129156,399.17,28,buy
MSFT,1736940132061,300.37,27,buy
TSLA,1736940132342,195.62,97,buy
NVDA,1736940133564,498.69,94,buy
TSLA,1736940133673,195.76,59,buy
AAPL,1736940133682,153.17,83,buy
TSLA,1736940133711,198.43,32,buy
TSLA,1736940134806,196.4,31,buy
MSFT,1736940135067,299.14,24,buy
TSLA,1736940136497,195.6,38,sell
AAPL,1736940136699,149.5,46,sell
SPY,1736940136847,399.62,76,sell
SPY,1736940137766,398.98,100,buy
MSFT,1736940138930,296.84,19,buy
MSFT,1736940139006,300.12,95,sell
TSLA,1736940139307,198.15,84,sell
MSFT,1736940139952,298.28,52,buy
SPY,1736940140746,401.42,10,sell
MSFT,1736940142384,298.93,12,sell
AAPL,1736940142817,152.08,6,buy
TSLA,1736940143039,195.2,32,sell
AAPL,1736940143084,149.78,73,buy
TSLA,1736940143121,197.69,22,buy
TSLA,1736940144748,195.47,87,sell
SPY,1736940145825,399.66,3,sell
SPY,1736940145974,398.99,66,buy
AAPL,1736940146040,153.17,78,buy
TSLA,1736940147873,199.87,66,sell
MSFT,1736940149422,296.97,86,buy
TSLA,1736940151539,199.92,39,buy
AAPL,1736940151609,150.24,77,sell
NVDA,1736940151732,499.82,43,sell
NVDA,1736940151900,500.17,7,buy
AAPL,1736940152879,149.28,66,buy
AAPL,1736940153889,152.51,78,sell
NVDA,1736940153966,501.23,63,buy
TSLA,1736940156512,196.93,50,buy
AAPL,1736940158010,150.79,45,sell
AAPL,1736940158120,150.98,85,sell
MSFT,1736940159074,296.62,61,buy
TSLA,1736940159873,199.22,28,buy
AAPL,1736940160073,153.11,37,sell
AAPL,1736940160388,150.94,50,buy
TSLA,1736940160393,199.72,7,buy
AAPL,1736940160533,151.4,14,buy
AAPL,1736940161711,149.48,38,buy
SPY,1736940162752,400.57,38,sell
AAPL,1736940162991,152.11,3,buy
AAPL,1736940163146,152.1,73,sell
SPY,1736940163802,399.61,95,buy
SPY,1736940164113,399.73,83,buy
SPY,1736940164401,400.49,27,buy
MSFT,1736940164564,303.0,1,buy
SPY,1736940164649,399.56,27,buy
MSFT,1736940164949,297.35,88,buy
MSFT,1736940165808,301.4,21,buy
MSFT,1736940165870,299.87,2,buy
SPY,1736940167674,400.34,58,sell
MSFT,1736940169654,297.89,3,sell
TSLA,1736940169741,195.0,62,sell
MSFT,1736940170265,296.91,26,buy
AAPL,1736940170671,149.36,68,buy
SPY,1736940171035,401.4,26,buy
NVDA,1736940172289,502.1,14,sell
MSFT,1736940172537,298.72,29,buy
NVDA,1736940173839,499.49,100,buy
TSLA,1736940174011,194.52,62,sell
MSFT,1736940174555,301.59,98,sell
AAPL,1736940174659,152.09,96,buy
MSFT,1736940174764,297.58,19,sell
MSFT,1736940176611,298.6,41,buy
NVDA,1736940176929,499.68,58,sell
NVDA,1736940177894,503.76,59,sell
SPY,1736940178131,399.71,86,buy
MSFT,1736940179687,297.15,57,buy
MSFT,1736940180214,298.34,89,buy
AAPL,1736940180815,152.7,66,buy
MSFT,1736940181728,299.59,67,sell
NVDA,1736940182184,502.71,13,buy
SPY,1736940182248,400.75,40,sell
TSLA,1736940182878,200.25,77,buy
NVDA,1736940183552,498.97,59,sell
MSFT,1736940184140,302.52,2,buy
MSFT,1736940185592,297.14,59,sell
AAPL,1736940185670,149.37,55,sell
NVDA,1736940185674,502.17,44,buy
MSFT,1736940185951,301.04,39,buy
MSFT,1736940186018,299.21,88,sell
SPY,1736940186699,400.59,64,sell
SPY,1736940187145,399.26,77,buy
NVDA,1736940188494,500.57,18,buy
AAPL,1736940191249,150.67,13,sell
TSLA,1736940191488,200.08,37,sell
MSFT,1736940192011,299.59,26,buy
AAPL,1736940192110,151.73,88,sell
AAPL,1736940192247,152.15,69,buy
NVDA,1736940192587,501.3,8,buy
SPY,1736940194319,399.66,1,buy
AAPL,1736940195356,150.36,3,sell
MSFT,1736940195637,298.29,40,sell
AAPL,1736940196269,151.02,99,sell
TSLA,1736940196606,199.33,64,buy
TSLA,1736940196681,200.16,60,buy
TSLA,1736940197716,193.73,14,buy
NVDA,1736940199053,499.69,89,buy
SPY,1736940199145,400.61,22,buy
MSFT,1736940200929,297.6,6,buy
NVDA,1736940202908,501.21,36,buy
MSFT,1736940203446,298.69,4,sell
NVDA,1736940203887,498.87,93,sell
TSLA,1736940204045,196.97,83,sell
NVDA,1736940204199,500.27,39,buy
AAPL,1736940204899,151.8,54,sell
AAPL,1736940205514,150.22,24,buy
MSFT,1736940206637,299.19,28,buy
TSLA,1736940207721,198.9,95,sell
TSLA,1736940208079,195.5,16,sell
MSFT,1736940208578,299.57,70,buy
MSFT,1736940209104,296.95,90,sell
SPY,1736940211014,400.53,77,sell
TSLA,1736940211374,198.86,68,sell
SPY,1736940213231,399.66,74,sell
MSFT,1736940213875,302.96,16,sell
AAPL,1736940214071,152.98,96,sell
NVDA,1736940214434,501.52,83,sell
MSFT,1736940214860,297.47,2,sell
MSFT,1736940216079,297.92,93,sell
NVDA,1736940216826,501.27,70,sell
TSLA,1736940217330,198.32,18,buy
AAPL,1736940217399,150.95,67,sell
NVDA,1736940217690,501.66,56,sell
NVDA,1736940219419,499.49,58,buy
TSLA,1736940220731,196.31,60,buy
TSLA,1736940220895,195.26,43,sell
SPY,1736940221176,399.47,46,buy
AAPL,1736940222158,150.22,37,buy
MSFT,1736940222332,300.05,43,buy
TSLA,1736940223603,200.3,8,buy
NVDA,1736940223633,500.03,96,sell
TSLA,1736940224238,198.68,96,buy
SPY,1736940224779,400.79,16,buy
TSLA,1736940225936,195.64,31,buy
MSFT,1736940227996,303.15,71,sell
AAPL,1736940228083,150.8,90,sell
SPY,1736940228305,400.6,75,buy
NVDA,1736940229521,501.98,35,sell
TSLA,1736940229604,195.49,91,sell
NVDA,1736940235332,499.65,20,sell
NVDA,1736940235791,500.28,20,buy
TSLA,1736940237135,195.46,36,sell
MSFT,1736940237469,297.11,92,sell
SPY,1736940237692,399.68,81,sell
AAPL,1736940237951,153.15,33,sell
NVDA,1736940238285,500.3,52,buy
MSFT,1736940238373,301.39,2,buy
SPY,1736940238555,399.13,59,buy
SPY,1736940241021,400.93,83,buy
SPY,1736940241305,400.77,100,buy
SPY,1736940241483,399.6,72,sell
AAPL,1736940242451,152.55,53,buy
SPY,1736940244816,399.62,78,sell
AAPL,1736940245846,152.41,15,sell
SPY,1736940246616,399.26,56,buy
NVDA,1736940246777,501.15,6,buy
NVDA,1736940248550,503.3,93,sell
AAPL,1736940248668,151.81,42,buy
MSFT,1736940249012,300.11,17,buy
AAPL,1736940250825,150.27,27,buy
NVDA,1736940250854,499.27,16,sell
NVDA,1736940251549,499.7,93,sell
MSFT,1736940255332,303.07,11,buy
NVDA,1736940255496,499.39,10,buy
SPY,1736940256185,401.34,2,buy
AAPL,1736940257515,150.62,10,buy
NVDA,1736940258640,499.38,57,sell
MSFT,1736940258878,296.79,21,sell
SPY,1736940258969,400.97,96,sell
TSLA,1736940259233,193.47,4,sell
SPY,1736940259798,398.94,67,buy
TSLA,1736940260583,195.01,88,buy
SPY,1736940260725,400.79,90,buy
AAPL,1736940260800,151.65,11,buy
SPY,1736940261161,400.91,19,buy
NVDA,1736940262877,499.92,8,buy
SPY,1736940263174,400.18,43,sell
NVDA,1736940263500,500.55,18,buy
SPY,1736940265293,399.37,45,sell
SPY,1736940265480,400.03,46,sell
TSLA,1736940265510,197.86,70,buy
SPY,1736940266662,399.07,12,sell
TSLA,1736940270621,195.0,95,buy
AAPL,1736940270864,152.67,98,buy
AAPL,1736940271160,151.06,99,sell
NVDA,1736940271218,500.26,84,sell
MSFT,1736940272319,299.47,15,sell
SPY,1736940272515,399.15,17,buy
TSLA,1736940273100,195.18,8,sell
SPY,1736940273163,400.76,37,sell
SPY,1736940274545,399.58,52,buy
NVDA,1736940275118,499.32,9,buy
TSLA,1736940275310,199.39,66,buy
AAPL,1736940275370,152.95,4,sell
TSLA,1736940276946,194.05,26,buy
TSLA,1736940279314,195.32,72,buy
AAPL,1736940280058,151.84,75,buy
AAPL,1736940280266,152.38,61,buy
SPY,1736940280595,400.27,28,buy
MSFT,1736940281185,300.41,9,buy
TSLA,1736940281484,197.71,10,sell
MSFT,1736940282137,301.92,23,buy
SPY,1736940282440,400.18,43,buy
TSLA,1736940285138,198.38,32,sell
NVDA,1736940285212,501.75,7,sell
AAPL,1736940285758,149.18,8,sell
AAPL,1736940286626,153.11,64,sell
MSFT,1736940286631,301.34,6,sell
AAPL,1736940286984,150.19,1,buy
SPY,1736940287170,399.52,48,sell
NVDA,1736940287425,500.29,28,sell
MSFT,1736940288873,298.51,23,buy
TSLA,1736940289072,196.03,48,buy
TSLA,1736940289635,196.02,13,buy
AAPL,1736940292841,150.29,44,sell
NVDA,1736940293730,501.28,39,buy
SPY,1736940294260,400.58,17,sell
MSFT,1736940294599,297.68,37,sell
NVDA,1736940295105,499.92,43,buy
TSLA,1736940295573,198.68,7,sell
AAPL,1736940295606,152.24,17,buy
MSFT,1736940296763,299.39,73,buy
MSFT,1736940297408,296.6,26,sell
AAPL,1736940297611,152.34,9,buy
TSLA,1736940297638,194.65,78,buy
SPY,1736940299324,400.26,63,sell
NVDA,1736940300722,501.59,98,buy
TSLA,1736940302020,199.78,85,sell
AAPL,1736940302781,150.92,79,sell
AAPL,1736940303582,152.61,26,sell
SPY,1736940303833,399.53,34,sell
MSFT,1736940303851,299.02,91,buy
TSLA,1736940304685,194.97,64,buy
TSLA,1736940305031,200.08,4,buy
NVDA,1736940305595,501.29,31,buy
AAPL,1736940306448,151.22,3,sell
SPY,1736940306658,400.3,30,buy
SPY,1736940306712,400.62,82,sell
SPY,1736940306761,401.0,27,sell
AAPL,1736940306825,151.91,5,buy
MSFT,1736940307439,297.19,34,sell
TSLA,1736940307755,195.52,25,sell
NVDA,1736940308437,500.81,34,sell
MSFT,1736940308608,302.46,6,buy
MSFT,1736940309191,299.18,91,buy
TSLA,1736940309264,196.03,14,buy
NVDA,1736940310306,499.76,59,buy
AAPL,1736940310666,151.15,53,buy
MSFT,1736940310802,296.91,34,sell
SPY,1736940310829,399.3,43,sell
AAPL,1736940311485,151.01,44,buy
SPY,1736940312856,398.75,22,buy
AAPL,1736940313003,150.32,56,buy
AAPL,1736940313756,149.13,9,buy
NVDA,1736940313798,499.51,98,buy
AAPL,1736940315946,151.7,74,sell
TSLA,1736940316325,196.04,87,buy
SPY,1736940316870,399.51,95,sell
TSLA,1736940317641,197.17,54,sell
NVDA,1736940318997,500.13,2,buy
NVDA,1736940319557,498.47,89,sell
MSFT,1736940319817,298.99,23,sell
MSFT,1736940319887,297.2,92,buy
AAPL,1736940320623,152.73,51,buy
MSFT,1736940321963,299.74,83,sell
SPY,1736940322114,399.73,52,sell
NVDA,1736940323233,501.71,76,buy
SPY,1736940324237,400.21,15,buy
MSFT,1736940325742,299.75,3,buy
TSLA,1736940326215,197.05,39,sell
SPY,1736940326956,399.2,1,sell
TSLA,1736940327182,197.44,98,sell
TSLA,1736940327871,199.48,59,buy
SPY,1736940328067,399.42,43,buy
SPY,1736940329373,399.74,30,sell
TSLA,1736940329753,195.29,87,buy
MSFT,1736940330369,300.53,61,sell
NVDA,1736940330561,499.9,15,buy
SPY,1736940331593,399.85,7,sell
NVDA,1736940331604,498.64,95,buy
SPY,1736940333630,400.23,67,sell
SPY,1736940334040,399.6,5,buy
MSFT,1736940334561,298.61,100,buy
NVDA,1736940334842,499.55,88,sell
MSFT,1736940334977,298.64,27,buy
TSLA,1736940335211,197.98,89,buy
TSLA,1736940335720,198.31,47,buy
MSFT,1736940340125,299.88,13,sell
SPY,1736940340802,401.32,59,buy
MSFT,1736940340903,299.09,43,sell
TSLA,1736940341244,196.88,6,sell
TSLA,1736940341558,199.87,3,buy
MSFT,1736940341651,297.34,11,sell
TSLA,1736940341701,199.37,12,sell
SPY,1736940342414,401.55,30,sell
NVDA,1736940342685,502.68,72,sell
SPY,1736940342927,399.31,81,sell
NVDA,1736940343279,504.05,16,buy
MSFT,1736940343963,297.01,67,sell
TSLA,1736940344820,195.4,95,sell
NVDA,1736940346720,499.63,94,sell
MSFT,1736940347874,299.03,78,sell
AAPL,1736940348311,150.38,70,buy
AAPL,1736940349989,150.23,27,sell
TSLA,1736940350075,197.07,52,buy
MSFT,1736940350435,297.5,22,sell
AAPL,1736940350496,152.05,100,buy
NVDA,1736940350976,501.53,69,sell
MSFT,1736940351313,299.82,91,sell
MSFT,1736940352966,298.62,61,sell
SPY,1736940353098,398.94,3,sell
NVDA,1736940354086,499.66,13,sell
TSLA,1736940354588,195.41,99,sell
SPY,1736940358988,398.97,92,buy
TSLA,1736940359416,198.23,9,sell
NVDA,1736940360759,500.39,12,sell
SPY,1736940362673,399.32,48,sell
SPY,1736940362816,399.61,87,sell
MSFT,1736940364521,296.88,33,sell
TSLA,1736940365260,199.11,34,buy
AAPL,1736940367088,150.95,35,sell
MSFT,1736940367106,299.03,67,buy
TSLA,1736940367616,198.5,45,buy
MSFT,1736940368859,300.43,63,buy
AAPL,1736940370096,151.91,8,buy
SPY,1736940370520,399.12,3,buy
NVDA,1736940370634,503.0,19,sell
SPY,1736940370707,400.82,25,sell
SPY,1736940371485,399.95,72,sell
AAPL,1736940372032,150.32,71,buy
SPY,1736940372104,399.63,42,sell
NVDA,1736940372350,499.73,73,buy
MSFT,1736940373323,300.27,16,sell
MSFT,1736940374312,300.83,92,sell
MSFT,1736940375502,299.27,64,buy
AAPL,1736940379307,152.5,38,buy
NVDA,1736940379771,502.25,60,sell
MSFT,1736940379908,298.38,63,buy
SPY,1736940381531,400.18,82,buy
AAPL,1736940382502,152.01,91,buy
MSFT,1736940382821,301.15,33,buy
AAPL,1736940383766,151.77,27,sell
MSFT,1736940383963,302.41,49,sell
MSFT,1736940384526,299.53,64,buy
MSFT,1736940387015,298.84,24,sell
SPY,1736940387219,401.67,47,buy
MSFT,1736940387280,298.88,72,sell
MSFT,1736940387440,301.11,77,sell
TSLA,1736940387624,198.93,61,sell
SPY,1736940388952,400.86,65,buy
TSLA,1736940389132,197.57,68,sell
NVDA,1736940389399,501.85,52,sell
NVDA,1736940391072,501.51,56,buy
TSLA,1736940391488,197.77,41,sell
MSFT,1736940391906,296.88,79,buy
SPY,1736940395105,400.56,74,sell
TSLA,1736940395154,199.77,76,buy
MSFT,1736940395788,302.05,61,buy
AAPL,1736940396256,151.98,47,sell
NVDA,1736940398032,500.35,38,sell
SPY,1736940399752,399.59,78,sell
MSFT,1736940400767,296.74,40,buy
MSFT,1736940402430,297.45,59,sell
NVDA,1736940402474,498.75,29,buy
AAPL,1736940403633,151.75,86,buy
NVDA,1736940404041,501.41,68,buy
TSLA,1736940404380,198.28,35,buy
NVDA,1736940405100,501.59,45,buy
NVDA,1736940405146,503.52,77,sell
SPY,1736940405311,399.59,79,buy
SPY,1736940406255,400.4,79,buy
TSLA,1736940406312,199.67,5,sell
AAPL,1736940406528,152.3,23,buy
AAPL,1736940406619,152.25,45,sell
TSLA,1736940406726,194.47,48,buy
TSLA,1736940408978,198.71,4,buy
TSLA,1736940408995,199.56,18,sell
AAPL,1736940409072,150.25,63,buy
MSFT,1736940409080,299.78,81,sell
NVDA,1736940409325,500.29,85,sell
TSLA,1736940409753,195.21,90,buy
SPY,1736940409931,400.86,88,buy
SPY,1736940411554,400.59,16,buy
SPY,1736940412068,401.3,93,sell
TSLA,1736940412846,195.46,95,buy
TSLA,1736940413144,199.74,47,sell
NVDA,1736940414431,501.56,58,buy
AAPL,1736940414783,149.96,4,sell
NVDA,1736940414795,502.69,12,buy
TSLA,1736940415511,195.18,55,buy
AAPL,1736940415588,151.47,75,buy
NVDA,1736940415635,501.85,92,sell
AAPL,1736940417163,152.28,8,sell
MSFT,1736940419093,301.19,30,sell
SPY,1736940419161,399.11,64,buy
SPY,1736940419396,399.08,86,buy
AAPL,1736940420870,150.51,70,sell
TSLA,1736940421557,197.67,16,sell
NVDA,1736940423752,503.09,62,buy
SPY,1736940424680,399.8,97,buy
TSLA,1736940424686,193.68,28,sell
TSLA,1736940426037,197.72,10,sell
MSFT,1736940426955,302.17,38,sell
SPY,1736940427939,401.24,13,buy
MSFT,1736940428551,301.51,70,buy
AAPL,1736940430887,151.97,43,sell
TSLA,1736940430970,194.82,76,buy
NVDA,1736940431892,500.94,38,sell
TSLA,1736940432713,193.99,11,sell
MSFT,1736940436120,303.09,39,buy
AAPL,1736940436294,150.28,72,buy
MSFT,1736940436852,298.71,34,buy
SPY,1736940437205,400.97,2,sell
NVDA,1736940438013,499.14,19,buy
MSFT,1736940438062,299.41,16,buy
SPY,1736940438305,399.2,21,sell
TSLA,1736940438607,194.92,60,sell
MSFT,1736940438920,300.93,8,buy
NVDA,1736940439019,500.39,30,sell
MSFT,1736940439378,300.69,88,sell
TSLA,1736940439658,195.3,80,buy
SPY,1736940440402,399.38,70,buy
MSFT,1736940441063,297.82,51,sell
TSLA,1736940441897,198.08,48,sell
NVDA,1736940441899,501.23,94,sell
MSFT,1736940442004,298.45,57,buy
AAPL,1736940442619,152.03,28,buy
NVDA,1736940442891,504.23,55,buy
NVDA,1736940442939,503.88,94,buy
AAPL,1736940443253,151.43,53,sell
SPY,1736940443485,400.57,94,buy
TSLA,1736940443677,195.23,30,buy
TSLA,1736940444269,198.06,26,buy
NVDA,1736940445139,501.9,46,sell
SPY,1736940445316,399.88,45,buy
SPY,1736940445864,399.63,21,sell
SPY,1736940446069,400.19,44,sell
TSLA,1736940446758,197.93,51,buy
AAPL,1736940448317,149.93,6,buy
SPY,1736940448511,399.6,43,buy
SPY,1736940452361,401.45,49,sell
NVDA,1736940452511,499.05,96,sell
SPY,1736940452565,400.78,71,buy
SPY,1736940452713,399.23,17,sell
MSFT,1736940452751,300.15,86,sell
NVDA,1736940454098,499.11,41,buy
AAPL,1736940454426,149.41,87,buy
TSLA,1736940455987,196.37,49,sell
MSFT,1736940456554,302.64,97,buy
MSFT,1736940456947,301.54,20,buy
MSFT,1736940457908,296.88,52,buy
AAPL,1736940458821,151.96,35,buy
NVDA,1736940459513,499.91,6,buy
SPY,1736940460950,398.75,56,sell
MSFT,1736940462451,299.34,7,sell
TSLA,1736940463308,198.95,33,buy
AAPL,1736940463930,152.8,88,buy
AAPL,1736940464553,149.82,41,buy
AAPL,1736940465043,151.05,19,buy
AAPL,1736940465201,153.05,78,sell
SPY,1736940465787,399.33,41,buy
TSLA,1736940466025,194.26,37,sell
NVDA,1736940466034,501.27,43,sell
MSFT,1736940466688,298.49,9,sell
NVDA,1736940466720,499.78,26,buy
AAPL,1736940466884,149.44,69,sell
TSLA,1736940467552,194.12,61,buy
TSLA,1736940467708,193.51,44,sell
TSLA,1736940469058,196.36,84,sell
AAPL,1736940469800,153.16,92,buy
SPY,1736940470780,399.11,39,buy
AAPL,1736940472309,151.9,16,buy
TSLA,1736940472663,200.05,4,sell
AAPL,1736940473397,152.66,20,buy
NVDA,1736940474313,503.53,93,buy
AAPL,1736940474557,149.85,90,buy
AAPL,1736940475379,152.41,32,sell
MSFT,1736940475776,299.14,9,sell
AAPL,1736940475859,150.67,24,buy
SPY,1736940476144,399.27,66,buy
SPY,1736940476249,399.29,51,buy
NVDA,1736940476356,503.96,68,sell
SPY,1736940476754,400.72,9,buy
TSLA,1736940478930,197.92,96,buy
SPY,1736940479610,400.25,28,buy
TSLA,1736940480850,195.61,69,buy
MSFT,1736940482109,301.06,65,buy
NVDA,1736940483769,503.79,65,sell
SPY,1736940484584,400.44,96,sell
MSFT,1736940484765,302.34,37,buy
SPY,1736940484781,399.81,69,sell
NVDA,1736940485338,500.99,67,buy
SPY,1736940486439,399.83,90,sell
MSFT,1736940487867,299.06,4,sell
AAPL,1736940488114,149.91,75,buy
SPY,1736940488755,401.42,62,sell
TSLA,1736940488997,193.11,71,sell
AAPL,1736940489023,151.77,34,buy
AAPL,1736940489777,152.32,72,buy
SPY,1736940489915,399.81,56,sell
TSLA,1736940490031,194.92,38,sell
AAPL,1736940491527,149.55,16,sell
AAPL,1736940494154,152.4,3,buy
AAPL,1736940495367,152.44,47,buy
SPY,1736940495567,399.83,55,sell
NVDA,1736940496678,503.64,4,sell
NVDA,1736940497655,501.61,51,sell
TSLA,1736940498510,198.95,68,buy
NVDA,1736940499683,500.18,76,sell
SPY,1736940499883,399.02,77,buy
NVDA,1736940499968,501.28,11,sell
AAPL,1736940501846,151.44,89,buy
AAPL,1736940503630,152.94,22,buy
MSFT,1736940503675,299.15,3,buy
TSLA,1736940503754,199.51,39,sell
TSLA,1736940503766,198.9,55,sell
NVDA,1736940503924,501.04,100,buy
NVDA,1736940503958,503.76,18,buy
SPY,1736940504779,399.75,86,sell
NVDA,1736940505301,501.87,42,sell
NVDA,1736940507185,502.07,73,sell
SPY,1736940507503,398.91,61,sell
AAPL,1736940507663,152.52,11,buy
TSLA,1736940507960,199.14,41,buy
AAPL,1736940508397,150.56,90,buy
NVDA,1736940510170,501.83,99,buy
SPY,1736940510420,401.11,79,sell
NVDA,1736940511302,501.63,20,sell
AAPL,1736940511600,149.21,98,sell
AAPL,1736940511708,152.03,17,sell
NVDA,1736940511709,500.43,13,sell
NVDA,1736940511715,502.66,68,sell
SPY,1736940513559,401.1,45,buy
TSLA,1736940515634,198.74,10,buy
SPY,1736940515760,401.52,6,sell
AAPL,1736940517642,150.62,30,sell
AAPL,1736940518722,151.66,14,sell
NVDA,1736940519412,500.47,44,sell
TSLA,1736940519900,195.66,81,sell
NVDA,1736940520334,503.53,62,buy
SPY,1736940520612,401.12,64,sell
AAPL,1736940520877,149.58,29,sell
SPY,1736940521595,400.51,43,buy
AAPL,1736940521951,152.88,65,sell
AAPL,1736940522054,152.91,52,buy
NVDA,1736940523155,502.71,29,sell
SPY,1736940524244,399.64,7,sell
SPY,1736940524903,399.78,100,buy
TSLA,1736940527035,195.39,21,sell
AAPL,1736940527105,152.4,75,sell
SPY,1736940528228,400.66,45,sell
TSLA,1736940528649,200.11,47,sell
TSLA,1736940529301,199.91,93,sell
MSFT,1736940529541,296.95,16,sell
MSFT,1736940530252,297.25,6,sell
TSLA,1736940531775,198.46,39,sell
NVDA,1736940532504,499.69,49,buy
MSFT,1736940532888,298.43,38,sell
AAPL,1736940533194,150.62,9,sell
NVDA,1736940533295,503.46,64,buy
MSFT,1736940534519,300.43,60,buy
AAPL,1736940535358,151.88,46,sell
MSFT,1736940536035,297.48,53,buy
NVDA,1736940536918,501.23,20,buy
SPY,1736940537635,400.73,9,sell
AAPL,1736940537911,152.21,35,sell
SPY,1736940538146,400.46,20,buy
TSLA,1736940538156,195.31,98,buy
AAPL,1736940539818,151.73,76,sell
NVDA,1736940540115,499.44,35,sell
MSFT,1736940540587,299.71,65,sell
NVDA,1736940540762,501.49,87,buy
NVDA,1736940541236,500.81,27,sell
MSFT,1736940541431,298.4,98,buy
NVDA,1736940542044,500.92,22,buy
SPY,1736940543548,400.51,84,sell
NVDA,1736940544034,501.21,60,sell
AAPL,1736940544346,150.29,2,sell
TSLA,1736940544358,198.31,75,sell
AAPL,1736940544577,151.98,4,buy
TSLA,1736940545006,195.51,35,sell
MSFT,1736940546036,299.21,8,buy
AAPL,1736940547800,151.83,18,sell
AAPL,1736940548242,149.36,51,sell
AAPL,1736940548313,151.68,34,buy
NVDA,1736940548742,501.03,90,buy
TSLA,1736940550509,198.08,49,sell
MSFT,1736940550934,299.67,93,buy
TSLA,1736940551517,197.97,33,sell
AAPL,1736940551964,152.55,79,sell
SPY,1736940552027,399.64,26,buy
AAPL,1736940552095,151.78,77,sell
SPY,1736940553334,400.21,93,sell
NVDA,1736940554546,501.62,71,buy
AAPL,1736940558220,153.25,54,buy
SPY,1736940558871,399.21,30,buy
SPY,1736940559098,401.11,78,sell
TSLA,1736940559997,198.61,78,sell
TSLA,1736940561549,198.96,10,sell
AAPL,1736940561956,152.22,27,buy
MSFT,1736940562537,297.11,57,sell
AAPL,1736940564188,152.04,57,buy
NVDA,1736940565662,502.61,38,sell
AAPL,1736940566274,149.24,54,sell
TSLA,1736940567618,198.34,45,buy
NVDA,1736940567717,501.16,72,buy
AAPL,1736940567902,152.26,23,buy
NVDA,1736940568626,500.46,35,buy
TSLA,1736940569116,197.19,89,sell
SPY,1736940570519,401.27,42,buy
NVDA,1736940570712,502.84,56,buy
AAPL,1736940571307,149.27,87,sell
TSLA,1736940572441,197.82,40,buy
TSLA,1736940573061,200.24,6,buy
TSLA,1736940573565,193.66,64,sell
MSFT,1736940576139,296.64,1,buy
AAPL,1736940576191,151.0,40,sell
AAPL,1736940577138,152.33,100,buy
MSFT,1736940577675,302.38,56,sell
MSFT,1736940577833,302.63,88,sell
AAPL,1736940579693,149.68,19,buy
NVDA,1736940579949,499.67,66,sell
TSLA,1736940581053,199.3,16,buy
SPY,1736940581296,399.62,69,sell
TSLA,1736940582240,199.71,52,buy
AAPL,1736940582716,151.53,83,sell
SPY,1736940582769,398.92,29,buy
SPY,1736940583868,401.34,80,sell
SPY,1736940584160,399.73,1,sell
MSFT,1736940586363,297.23,70,sell
SPY,1736940588818,400.97,39,sell
MSFT,1736940588874,296.94,12,buy
AAPL,1736940589062,152.49,1,sell
AAPL,1736940589663,151.95,32,buy
NVDA,1736940591327,501.59,80,buy
NVDA,1736940592102,500.42,33,buy
NVDA,1736940592176,501.8,90,sell
MSFT,1736940592266,299.08,26,buy
SPY,1736940592835,401.27,77,buy
AAPL,1736940592927,151.91,13,sell
SPY,1736940593168,399.14,72,sell
MSFT,1736940593690,301.45,39,sell
TSLA,1736940593754,198.87,14,sell
SPY,1736940594039,399.49,34,buy
NVDA,1736940595917,498.87,89,buy
NVDA,1736940596825,499.29,24,sell
AAPL,1736940597172,152.93,71,buy
AAPL,1736940597819,152.1,4,sell
NVDA,1736940598521,501.66,5,buy
MSFT,1736940598579,298.55,98,sell
AAPL,1736940599191,153.11,71,buy
AAPL,1736940600666,150.27,64,sell
NVDA,1736940601612,501.67,38,sell
NVDA,1736940602740,504.28,3,buy
AAPL,1736940603191,151.85,4,sell
TSLA,1736940603377,194.86,86,sell
AAPL,1736940603943,152.17,40,sell
AAPL,1736940604854,150.23,88,buy
AAPL,1736940606008,150.73,52,buy
MSFT,1736940607307,299.07,84,sell
NVDA,1736940607979,501.52,20,buy
MSFT,1736940608262,299.62,50,sell
SPY,1736940608337,399.73,10,sell
NVDA,1736940608699,499.02,42,buy
NVDA,1736940609035,499.45,77,buy
SPY,1736940610337,398.84,5,sell
TSLA,1736940610668,196.98,62,sell
SPY,1736940611923,400.61,46,buy
MSFT,1736940612489,297.37,82,buy
NVDA,1736940612598,499.46,31,sell
AAPL,1736940612630,151.74,98,buy
AAPL,1736940613095,153.22,86,sell
TSLA,1736940614789,195.37,38,buy
SPY,1736940615259,400.58,59,sell
SPY,1736940615959,398.93,20,sell
NVDA,1736940617410,500.51,46,sell
NVDA,1736940617850,499.76,11,sell
MSFT,1736940618564,298.4,79,sell
MSFT,1736940619235,300.4,95,sell
AAPL,1736940619243,150.86,48,buy
SPY,1736940619960,399.55,2,sell
TSLA,1736940620072,198.98,83,sell
TSLA,1736940620578,198.31,37,sell
SPY,1736940622497,401.26,74,buy
AAPL,1736940622643,149.37,47,sell
SPY,1736940623290,399.95,62,sell
SPY,1736940624080,399.59,34,sell
NVDA,1736940625876,499.9,72,buy
SPY,1736940626852,399.77,58,buy
NVDA,1736940627607,500.42,81,sell
MSFT,1736940627676,296.89,57,buy
AAPL,1736940629684,151.75,92,sell
SPY,1736940629742,401.56,27,sell
MSFT,1736940629796,300.81,2,sell
TSLA,1736940630384,194.79,81,buy
TSLA,1736940632371,199.32,94,buy
AAPL,1736940633115,149.83,41,buy
MSFT,1736940633605,297.09,70,buy
AAPL,1736940633667,150.46,24,buy
AAPL,1736940634067,149.99,55,sell
AAPL,1736940634389,152.43,54,sell
SPY,1736940635076,399.62,30,sell
SPY,1736940635090,400.8,61,sell
NVDA,1736940636065,502.75,44,buy
NVDA,1736940636429,501.19,29,buy
SPY,1736940636890,399.97,59,buy
SPY,1736940637558,399.79,27,buy
NVDA,1736940637817,502.59,1,buy
NVDA,1736940638277,501.0,42,buy
TSLA,1736940638324,195.37,87,sell
TSLA,1736940640850,198.82,66,buy
MSFT,1736940640941,297.2,47,sell
SPY,1736940641008,399.95,69,sell
MSFT,1736940641472,297.82,97,sell
NVDA,1736940642689,502.65,42,sell
MSFT,1736940642912,298.58,7,sell
AAPL,1736940642987,152.19,61,buy
SPY,1736940643120,400.18,1,buy
NVDA,1736940644703,499.64,16,buy
AAPL,1736940645552,150.69,86,sell
SPY,1736940645556,400.58,31,sell
TSLA,1736940645638,196.88,80,sell
AAPL,1736940645964,153.27,12,sell
TSLA,1736940647020,195.76,57,buy
SPY,1736940648233,399.57,26,buy
AAPL,1736940648465,151.22,91,sell
NVDA,1736940648867,501.12,49,buy
TSLA,1736940649084,195.18,99,sell
NVDA,1736940649242,499.41,3,sell
AAPL,1736940649543,149.46,100,buy
TSLA,1736940649774,195.69,64,buy
SPY,1736940650010,399.07,29,sell
MSFT,1736940650122,297.79,55,buy
AAPL,1736940650614,152.73,18,sell
AAPL,1736940651112,151.19,44,sell
MSFT,1736940653239,298.99,28,sell
AAPL,1736940655081,149.75,75,sell
AAPL,1736940655087,152.44,15,buy
AAPL,1736940655187,152.03,15,sell
TSLA,1736940655555,195.71,4,sell
AAPL,1736940657011,151.89,90,buy
SPY,1736940659229,401.07,16,sell
SPY,1736940660207,401.41,94,buy
TSLA,1736940660796,193.62,39,buy
AAPL,1736940663621,150.14,33,sell
MSFT,1736940664313,297.32,32,buy
SPY,1736940665631,399.72,13,buy
NVDA,1736940665845,500.8,53,buy
AAPL,1736940666885,149.86,34,buy
NVDA,1736940669472,502.51,96,sell
NVDA,1736940669681,502.31,73,sell
MSFT,1736940670902,297.9,85,sell
AAPL,1736940671716,150.81,10,sell
MSFT,1736940672093,300.13,89,buy
TSLA,1736940672290,198.59,13,sell
AAPL,1736940672637,149.75,52,sell
TSLA,1736940672652,197.4,42,sell
NVDA,1736940673389,499.32,37,buy
TSLA,1736940674357,199.96,47,sell
AAPL,1736940677107,149.23,52,sell
SPY,1736940678008,400.37,33,buy
TSLA,1736940678792,200.02,39,sell
NVDA,1736940679081,503.32,38,buy
NVDA,1736940683514,503.28,71,sell
SPY,1736940684055,400.18,77,sell
SPY,1736940684424,399.9,71,sell
SPY,1736940685412,400.61,49,sell
MSFT,1736940686745,298.51,49,sell
NVDA,1736940688480,502.71,63,buy
MSFT,1736940689208,298.41,9,buy
NVDA,1736940691081,501.68,68,sell
TSLA,1736940691769,194.55,10,sell
MSFT,1736940692351,299.3,5,buy
NVDA,1736940693108,501.66,50,buy
SPY,1736940694334,399.59,59,sell
NVDA,1736940695590,500.16,30,buy
NVDA,1736940695920,501.01,1,buy
SPY,1736940696450,401.71,5,sell
NVDA,1736940696541,503.82,30,buy
NVDA,1736940697453,501.28,73,buy
TSLA,1736940697886,199.76,87,sell
TSLA,1736940699847,199.1,88,buy
TSLA,1736940701102,199.52,58,buy
AAPL,1736940701304,149.81,54,buy
SPY,1736940701610,400.63,95,buy
TSLA,1736940701762,195.49,68,buy
AAPL,1736940703175,150.1,87,buy
NVDA,1736940703931,503.79,87,buy
TSLA,1736940704355,198.73,97,buy
AAPL,1736940705011,152.57,3,buy
TSLA,1736940705249,198.73,7,sell
MSFT,1736940706945,297.52,46,sell
NVDA,1736940707638,499.94,15,buy
AAPL,1736940708532,153.14,19,sell
SPY,1736940709783,399.23,8,sell
TSLA,1736940709796,198.07,40,sell
TSLA,1736940709803,195.54,37,buy
MSFT,1736940709967,297.74,12,buy
TSLA,1736940710229,198.3,36,sell
MSFT,1736940711345,300.05,21,buy
MSFT,1736940711423,298.61,26,sell
NVDA,1736940711651,503.59,77,sell
MSFT,1736940713439,300.0,70,sell
NVDA,1736940714303,501.59,34,buy
TSLA,1736940714946,195.25,21,buy
AAPL,1736940715236,149.3,54,buy
MSFT,1736940715415,298.95,36,buy
MSFT,1736940715711,298.11,89,buy
SPY,1736940716236,399.18,59,buy
AAPL,1736940716514,149.97,81,buy
SPY,1736940716697,400.56,75,sell
NVDA,1736940718088,501.4,28,sell
SPY,1736940719563,400.93,79,sell
SPY,1736940719751,399.42,86,buy
AAPL,1736940720228,152.03,89,sell
NVDA,1736940720330,499.77,41,buy
SPY,1736940721253,400.04,93,sell
NVDA,1736940724467,500.3,22,buy
SPY,1736940725961,400.47,70,sell
TSLA,1736940726056,196.29,97,sell
MSFT,1736940726375,298.85,86,buy
TSLA,1736940727133,198.46,36,buy
SPY,1736940727605,400.79,16,buy
TSLA,1736940728089,196.34,57,sell
MSFT,1736940730491,299.98,27,sell
TSLA,1736940730608,195.65,3,buy
MSFT,1736940731446,297.12,12,sell
TSLA,1736940734408,198.14,90,buy
MSFT,1736940734958,301.34,62,buy
NVDA,1736940736086,501.69,27,buy
TSLA,1736940736484,195.47,96,sell
MSFT,1736940736920,299.24,41,sell
AAPL,1736940739245,152.36,13,buy
MSFT,1736940741495,296.94,60,sell
SPY,1736940741516,400.92,80,buy
AAPL,1736940743996,149.46,35,buy
SPY,1736940745935,399.05,46,sell
TSLA,1736940746080,198.5,75,buy
TSLA,1736940746826,199.31,5,sell
MSFT,1736940747182,298.63,84,sell
SPY,1736940747452,398.75,33,sell
TSLA,1736940747590,195.36,24,buy
MSFT,1736940748046,301.17,67,sell
AAPL,1736940751475,152.25,21,sell
MSFT,1736940753096,299.82,98,sell
AAPL,1736940756205,151.33,21,sell
SPY,1736940756623,398.8,43,buy
AAPL,1736940756931,150.46,96,buy
NVDA,1736940757397,503.61,57,buy
MSFT,1736940758016,298.73,71,buy
SPY,1736940758784,400.44,59,buy
TSLA,1736940759195,195.35,8,sell
NVDA,1736940759722,500.91,95,buy
AAPL,1736940760347,149.9,19,sell
SPY,1736940760811,399.81,32,sell
TSLA,1736940761607,198.45,79,sell
AAPL,1736940762134,152.82,67,buy
NVDA,1736940762583,499.34,45,buy
AAPL,1736940762617,152.04,58,buy
MSFT,1736940763065,299.99,37,buy
MSFT,1736940763487,299.07,62,buy
SPY,1736940764256,399.65,2,sell
TSLA,1736940764673,196.38,28,buy
TSLA,1736940765821,195.33,39,buy
SPY,1736940767363,399.77,37,buy
TSLA,1736940767524,199.94,6,buy
MSFT,1736940768318,298.92,30,buy
TSLA,1736940768815,194.97,84,sell
TSLA,1736940769620,195.41,17,sell
SPY,1736940769749,399.24,71,sell
MSFT,1736940771696,302.32,29,sell
MSFT,1736940771750,300.09,92,buy
TSLA,1736940771757,195.13,34,sell
MSFT,1736940774425,297.78,76,sell
AAPL,1736940774855,149.22,40,buy
TSLA,1736940774923,194.77,25,buy
NVDA,1736940775647,499.77,93,sell
MSFT,1736940775887,298.57,82,sell
MSFT,1736940776203,298.97,74,sell
NVDA,1736940776526,500.95,94,buy
SPY,1736940776834,400.5,43,sell
NVDA,1736940776972,500.37,27,sell
NVDA,1736940778680,502.25,56,sell
NVDA,1736940779543,503.31,46,sell
NVDA,1736940780267,500.96,64,sell
AAPL,1736940781443,149.37,19,buy
AAPL,1736940783338,150.19,27,buy
TSLA,1736940784646,198.89,91,buy
NVDA,1736940786152,499.6,100,buy
TSLA,1736940787564,198.74,43,sell
MSFT,1736940788053,301.03,44,sell
NVDA,1736940789355,501.62,76,sell
MSFT,1736940789407,303.21,97,sell
TSLA,1736940789465,194.5,69,buy
SPY,1736940790044,399.31,17,sell
TSLA,1736940790960,195.22,65,sell
AAPL,1736940791066,151.64,14,buy
MSFT,1736940791967,297.53,84,buy
SPY,1736940792822,399.04,66,sell
TSLA,1736940793203,195.24,86,buy
TSLA,1736940795201,198.27,53,buy
NVDA,1736940795658,501.18,78,buy
NVDA,1736940796392,502.33,99,sell
NVDA,1736940796405,501.97,50,buy
NVDA,1736940797532,499.29,12,buy
TSLA,1736940798480,193.24,5,buy
AAPL,1736940798605,152.69,72,sell
MSFT,1736940798706,297.32,15,buy
TSLA,1736940799139,198.46,29,buy
MSFT,1736940799160,300.12,24,sell
NVDA,1736940799893,500.27,3,buy
SPY,1736940801144,400.38,91,sell
SPY,1736940802257,398.92,93,buy
MSFT,1736940802415,297.55,12,buy
AAPL,1736940803918,151.95,90,buy
TSLA,1736940805097,198.67,90,sell
NVDA,1736940805635,501.99,100,buy
SPY,1736940806294,400.28,60,sell
SPY,1736940806530,399.7,93,sell
AAPL,1736940807313,151.89,57,sell
SPY,1736940808317,399.21,89,sell
AAPL,1736940808442,152.37,46,buy
NVDA,1736940809366,498.28,18,buy
SPY,1736940809410,400.37,76,sell
NVDA,1736940810130,502.78,4,buy
TSLA,1736940812353,199.59,99,buy
MSFT,1736940815247,300.93,50,buy
MSFT,1736940815976,301.77,81,sell
MSFT,1736940816751,297.5,36,buy
AAPL,1736940816839,150.4,19,buy
NVDA,1736940817309,501.05,91,sell
AAPL,1736940817427,150.03,64,buy
TSLA,1736940817802,194.62,66,buy
NVDA,1736940817887,503.74,9,buy
MSFT,1736940818098,299.46,63,buy
AAPL,1736940818642,151.56,98,buy
TSLA,1736940819501,199.49,67,sell
TSLA,1736940821606,199.29,58,buy
NVDA,1736940823153,502.1,87,buy
SPY,1736940823280,399.74,53,sell
MSFT,1736940824020,297.11,29,sell
SPY,1736940824067,400.59,69,buy
NVDA,1736940824736,503.79,98,buy
NVDA,1736940824874,502.98,46,sell
SPY,1736940825616,399.46,91,sell
MSFT,1736940826901,301.71,84,sell
TSLA,1736940828822,198.58,75,buy
AAPL,1736940829494,150.35,68,sell
NVDA,1736940829777,500.46,23,sell
SPY,1736940830148,399.46,48,sell
AAPL,1736940830301,152.35,66,sell
NVDA,1736940830311,499.81,43,sell
AAPL,1736940830884,150.9,9,buy
SPY,1736940831959,399.65,23,sell
TSLA,1736940833405,195.75,19,buy
MSFT,1736940833963,297.35,9,sell
TSLA,1736940834066,199.99,20,sell
TSLA,1736940835493,195.19,49,buy
SPY,1736940839233,400.45,50,sell
MSFT,1736940839736,303.17,91,sell
SPY,1736940839745,398.81,89,sell
SPY,1736940840136,398.89,63,sell
NVDA,1736940840770,499.35,90,buy
NVDA,1736940842307,501.23,20,sell
TSLA,1736940842561,197.98,38,sell
MSFT,1736940843394,297.11,77,buy
SPY,1736940844108,399.89,26,sell
MSFT,1736940844397,298.85,61,buy
TSLA,1736940845316,195.46,21,buy
SPY,1736940845374,399.71,14,sell
AAPL,1736940845514,150.1,80,buy
TSLA,1736940845751,199.5,28,buy
MSFT,1736940845873,299.01,80,sell
SPY,1736940845938,399.03,67,buy
MSFT,1736940846789,297.21,69,sell
NVDA,1736940847628,499.88,51,sell
TSLA,1736940847941,196.05,72,buy
TSLA,1736940849820,197.65,11,sell
AAPL,1736940849850,152.48,29,sell
TSLA,1736940852037,199.79,99,sell
SPY,1736940852971,400.84,4,buy
NVDA,1736940855051,500.37,20,sell
TSLA,1736940856533,195.39,26,buy
SPY,1736940857130,399.65,82,sell
NVDA,1736940857421,500.27,27,sell
SPY,1736940858549,400.6,58,sell
MSFT,1736940859869,296.89,59,buy
TSLA,1736940860164,198.81,15,buy
NVDA,1736940862464,499.66,6,sell
AAPL,1736940863001,151.11,31,sell
AAPL,1736940865303,151.76,93,sell
AAPL,1736940865741,152.95,14,buy
SPY,1736940866121,400.74,77,buy
TSLA,1736940867227,195.75,37,sell
NVDA,1736940867714,503.48,36,buy
MSFT,1736940868595,300.26,18,sell
MSFT,1736940868707,300.22,59,sell
NVDA,1736940869158,499.77,56,buy
MSFT,1736940869739,297.49,65,buy
NVDA,1736940871194,500.84,2,buy
SPY,1736940871249,399.4,82,buy
TSLA,1736940872713,194.42,62,sell
AAPL,1736940872832,150.32,26,buy
AAPL,1736940876407,152.0,14,buy
MSFT,1736940877561,299.18,20,sell
SPY,1736940878209,399.73,77,sell
NVDA,1736940879450,503.24,57,sell
TSLA,1736940880690,198.48,86,buy
NVDA,1736940880745,500.64,46,sell
AAPL,1736940882154,151.8,72,sell
AAPL,1736940882957,152.38,52,buy
AAPL,1736940884284,150.27,96,buy
NVDA,1736940885961,499.0,98,sell
SPY,1736940886504,400.57,47,sell
NVDA,1736940886598,501.36,100,buy
NVDA,1736940887663,500.99,72,buy
NVDA,1736940888418,500.31,45,buy
NVDA,1736940888504,500.47,96,sell
MSFT,1736940889389,296.54,7,buy
NVDA,1736940889846,501.11,59,sell
MSFT,1736940889958,297.59,46,buy
NVDA,1736940890709,499.69,23,buy
SPY,1736940891087,400.93,71,sell
SPY,1736940893061,399.39,87,sell
TSLA,1736940893228,194.99,32,sell
MSFT,1736940895211,297.18,31,buy
TSLA,1736940895500,197.61,15,buy
SPY,1736940895660,399.72,10,sell
NVDA,1736940897518,502.56,8,buy
AAPL,1736940898868,152.14,39,buy
SPY,1736940899511,399.88,77,sell
TSLA,1736940900533,199.43,70,sell
AAPL,1736940900651,152.04,20,sell
TSLA,1736940900745,195.2,45,buy
AAPL,1736940901012,149.22,28,buy
AAPL,1736940901196,152.01,99,buy
AAPL,1736940902034,151.78,59,buy
SPY,1736940902107,399.54,24,buy
NVDA,1736940902178,502.44,51,buy
NVDA,1736940902792,499.96,100,sell
TSLA,1736940903247,200.09,44,buy
NVDA,1736940904846,500.8,54,buy
NVDA,1736940904937,499.65,28,sell
NVDA,1736940905150,500.6,32,buy
NVDA,1736940905803,502.19,32,buy
TSLA,1736940906371,198.46,61,buy
AAPL,1736940910390,151.9,71,sell
AAPL,1736940910560,151.93,96,sell
TSLA,1736940911038,199.13,69,buy
MSFT,1736940911133,297.15,96,sell
NVDA,1736940911573,503.21,35,sell
MSFT,1736940911806,297.06,24,buy
TSLA,1736940912105,194.88,87,sell
TSLA,1736940913359,194.8,64,buy
SPY,1736940913708,399.05,14,sell
MSFT,1736940914436,300.79,18,sell
AAPL,1736940915827,151.82,60,buy
SPY,1736940915954,399.72,35,buy
TSLA,1736940917152,198.33,36,buy
NVDA,1736940917236,503.27,68,sell
NVDA,1736940917274,500.4,85,buy
AAPL,1736940917448,150.01,90,buy
AAPL,1736940918152,152.31,96,sell
NVDA,1736940918428,500.15,21,buy
AAPL,1736940918730,152.48,82,sell
TSLA,1736940919101,198.68,12,buy
SPY,1736940919135,399.38,41,buy
TSLA,1736940919194,198.58,10,buy
MSFT,1736940919207,299.51,24,sell
TSLA,1736940919279,197.8,19,sell
NVDA,1736940922260,501.44,45,buy
NVDA,1736940922440,503.5,31,buy
TSLA,1736940923137,199.35,64,buy
SPY,1736940923207,400.6,23,sell
TSLA,1736940923211,198.87,17,sell
SPY,1736940923948,400.58,78,buy
TSLA,1736940925401,197.66,21,sell
TSLA,1736940926247,199.86,83,buy
MSFT,1736940926817,298.24,44,buy
NVDA,1736940927503,501.53,63,buy
NVDA,1736940927571,500.51,26,sell
SPY,1736940927705,400.31,44,sell
TSLA,1736940929219,196.93,88,sell
MSFT,1736940930483,298.83,61,buy
NVDA,1736940930567,501.61,32,buy
TSLA,1736940933604,197.79,26,sell
MSFT,1736940933662,299.09,99,sell
MSFT,1736940936395,298.67,16,buy
MSFT,1736940936870,299.74,67,sell
NVDA,1736940937259,501.13,58,buy
TSLA,1736940937430,193.88,8,sell
SPY,1736940937624,399.27,65,buy
AAPL,1736940937983,151.16,73,sell
NVDA,1736940938252,499.67,27,buy
SPY,1736940939065,400.33,28,buy
SPY,1736940939301,400.62,92,buy
SPY,1736940939916,400.49,71,buy
SPY,1736940939941,401.63,93,buy
MSFT,1736940940224,300.7,46,sell
TSLA,1736940940339,195.41,98,buy
TSLA,1736940941624,195.55,73,sell
NVDA,1736940942104,502.22,31,sell
SPY,1736940943988,401.33,67,buy
TSLA,1736940945206,200.26,35,sell
TSLA,1736940946346,198.79,94,sell
MSFT,1736940947355,298.93,10,sell
NVDA,1736940947802,501.43,95,sell
MSFT,1736940947893,301.32,13,sell
AAPL,1736940948026,152.42,66,buy
NVDA,1736940948254,500.2,85,buy
SPY,1736940948734,400.24,46,buy
SPY,1736940948805,398.89,39,buy
AAPL,1736940948951,152.47,24,sell
TSLA,1736940949799,195.96,92,buy
AAPL,1736940950541,152.0,21,buy
NVDA,1736940951439,503.22,31,buy
SPY,1736940951906,399.53,77,buy
TSLA,1736940952081,194.1,72,sell
TSLA,1736940952623,198.48,38,sell
TSLA,1736940953322,199.09,43,buy
SPY,1736940957087,399.59,65,sell
NVDA,1736940957729,502.5,15,buy
SPY,1736940958271,400.54,71,sell
TSLA,1736940959000,194.89,91,buy
MSFT,1736940959962,300.99,19,buy
MSFT,1736940961107,301.15,84,sell
TSLA,1736940961523,193.97,49,buy
SPY,1736940961752,398.55,91,buy
SPY,1736940962669,400.56,8,buy
SPY,1736940962928,399.32,26,sell
TSLA,1736940963835,195.31,91,buy
NVDA,1736940964538,499.46,35,sell
NVDA,1736940965117,502.64,12,buy
TSLA,1736940966003,200.33,19,buy
TSLA,1736940967516,194.9,88,buy
MSFT,1736940970671,301.36,59,sell
MSFT,1736940970871,299.45,53,sell
AAPL,1736940970953,152.48,29,buy
NVDA,1736940971848,498.67,11,buy
NVDA,1736940971933,502.76,31,sell
TSLA,1736940973649,195.52,44,buy
NVDA,1736940973744,499.36,31,buy
NVDA,1736940974953,499.22,9,sell
MSFT,1736940975089,298.59,44,sell
MSFT,1736940975616,298.83,19,sell
AAPL,1736940976011,151.2,88,buy
TSLA,1736940976341,194.42,22,buy
SPY,1736940976359,399.86,60,sell
AAPL,1736940976565,149.27,58,buy
SPY,1736940977335,399.93,8,sell
NVDA,1736940977690,503.77,49,buy
MSFT,1736940978055,299.21,69,sell
AAPL,1736940979566,150.24,21,buy
SPY,1736940979669,401.03,79,buy
MSFT,1736940979945,297.09,91,sell
AAPL,1736940980627,150.22,26,sell
SPY,1736940981419,399.3,43,buy
MSFT,1736940981919,299.51,83,sell
SPY,1736940982325,399.66,18,buy
AAPL,1736940984409,152.7,100,buy
NVDA,1736940985357,500.26,51,buy
TSLA,1736940986635,198.47,5,sell
TSLA,1736940988558,194.25,75,buy
MSFT,1736940989958,301.03,74,buy
MSFT,1736940992325,297.27,48,sell
SPY,1736940993414,399.67,74,sell
TSLA,1736940997186,195.68,83,buy
NVDA,1736940998746,500.4,21,buy
AAPL,1736940999116,150.24,74,sell
AAPL,1736940999660,150.16,10,sell
AAPL,1736941000795,151.98,57,buy
NVDA,1736941002005,502.43,66,sell
TSLA,1736941002653,194.49,75,buy
MSFT,1736941002825,297.84,13,buy
MSFT,1736941003711,298.93,31,buy
AAPL,1736941003946,152.28,96,sell
TSLA,1736941004424,193.58,77,buy
TSLA,1736941004916,196.0,58,sell
TSLA,1736941005702,197.89,40,sell
AAPL,1736941006220,151.72,95,sell
MSFT,1736941006786,297.41,20,sell
AAPL,1736941007260,149.45,34,sell
MSFT,1736941009837,299.14,71,buy
NVDA,1736941011402,504.04,80,sell
TSLA,1736941012303,195.78,39,buy
AAPL,1736941012855,149.97,13,buy
TSLA,1736941012974,198.16,6,sell
TSLA,1736941014161,193.61,12,buy
AAPL,1736941014508,151.71,48,sell
AAPL,1736941015521,151.65,97,buy
NVDA,1736941015839,500.43,47,sell
TSLA,1736941015900,199.69,87,sell
TSLA,1736941016327,198.54,84,sell
MSFT,1736941017145,300.89,7,sell
NVDA,1736941018087,501.8,37,buy
MSFT,1736941020094,300.14,8,sell
TSLA,1736941021344,198.58,59,sell
SPY,1736941022014,400.38,41,buy
AAPL,1736941023407,151.3,70,buy
MSFT,1736941023620,297.41,9,sell
AAPL,1736941023629,152.6,6,buy
SPY,1736941023828,400.71,66,sell
SPY,1736941024574,400.62,23,sell
TSLA,1736941027305,193.3,11,buy
MSFT,1736941027644,298.77,17,sell
NVDA,1736941029217,502.09,25,sell
NVDA,1736941029570,501.97,100,sell
MSFT,1736941030360,296.64,16,sell
NVDA,1736941030988,498.74,94,buy
MSFT,1736941031544,300.96,70,sell
NVDA,1736941034347,501.25,30,buy
AAPL,1736941035046,153.15,29,buy
NVDA,1736941035081,501.32,57,buy
AAPL,1736941035991,150.1,51,buy
NVDA,1736941038328,502.88,40,buy
SPY,1736941038855,399.22,53,buy
TSLA,1736941038864,194.89,4,sell
TSLA,1736941038948,198.71,19,sell
AAPL,1736941039117,149.19,20,sell
SPY,1736941039785,399.14,97,sell
TSLA,1736941039903,195.26,9,buy
NVDA,1736941040419,501.26,18,buy
SPY,1736941040500,399.09,21,buy
MSFT,1736941041201,296.72,64,sell
TSLA,1736941042255,198.58,9,sell
SPY,1736941042397,400.28,73,buy
NVDA,1736941042921,500.06,70,buy
MSFT,1736941043088,300.06,89,sell
MSFT,1736941043265,298.58,46,sell
SPY,1736941043670,399.68,5,sell
MSFT,1736941045037,298.84,97,sell
NVDA,1736941045117,499.76,66,buy
TSLA,1736941045150,195.08,92,sell
AAPL,1736941046863,152.76,87,sell
AAPL,1736941047002,151.61,76,buy
TSLA,1736941047488,194.9,22,sell
NVDA,1736941048680,500.85,18,buy
NVDA,1736941048879,501.19,47,buy
AAPL,1736941049661,151.95,14,sell
SPY,1736941049949,399.61,50,sell
AAPL,1736941050274,152.84,87,buy
NVDA,1736941051559,500.82,60,buy
AAPL,1736941052997,151.04,79,sell
NVDA,1736941053839,500.71,80,buy
SPY,1736941055989,399.35,33,buy
SPY,1736941058224,400.05,55,buy
MSFT,1736941058380,297.6,89,buy
TSLA,1736941058596,195.13,71,sell
NVDA,1736941059485,502.07,80,sell
AAPL,1736941059707,151.13,93,buy
TSLA,1736941060390,193.14,18,sell
NVDA,1736941061115,503.49,50,sell
MSFT,1736941061318,302.65,84,buy
SPY,1736941061735,401.01,66,buy
MSFT,1736941061955,296.72,10,buy
AAPL,1736941061970,152.04,50,sell
NVDA,1736941062286,502.83,8,sell
SPY,1736941062393,399.76,2,buy
AAPL,1736941062646,151.72,87,sell
AAPL,1736941063859,150.38,73,buy
SPY,1736941064543,400.3,5,sell
MSFT,1736941065112,297.16,87,buy
SPY,1736941066105,399.26,22,sell
NVDA,1736941067269,502.85,10,sell
AAPL,1736941067342,152.44,20,buy
TSLA,1736941067823,196.3,11,sell
TSLA,1736941068089,195.29,72,buy
NVDA,1736941068696,500.5,68,sell
AAPL,1736941069095,151.21,65,buy
NVDA,1736941069298,503.21,99,buy
TSLA,1736941069509,200.18,59,sell
NVDA,1736941070454,500.13,9,buy
MSFT,1736941070564,301.89,7,buy
TSLA,1736941070736,195.19,56,buy
SPY,1736941071181,400.24,30,buy
MSFT,1736941071435,298.66,21,buy
MSFT,1736941071488,302.9,69,sell
AAPL,1736941071565,150.08,92,buy
TSLA,1736941072492,200.01,80,buy
SPY,1736941072577,399.09,39,buy
TSLA,1736941073236,197.62,27,buy
TSLA,1736941074544,194.88,5,buy
MSFT,1736941074597,297.04,76,sell
MSFT,1736941075475,300.15,95,sell
TSLA,1736941075859,199.84,22,sell
AAPL,1736941076083,149.92,44,buy
MSFT,1736941076315,298.78,95,sell
NVDA,1736941076980,499.53,89,buy
AAPL,1736941078787,151.87,38,sell
NVDA,1736941079277,498.92,77,sell
AAPL,1736941080775,150.45,89,buy
AAPL,1736941081085,150.99,72,buy
MSFT,1736941081388,299.81,43,buy
MSFT,1736941082098,297.8,43,buy
MSFT,1736941084720,298.54,60,sell
MSFT,1736941085026,297.64,34,buy
TSLA,1736941085091,197.8,97,sell
TSLA,1736941085712,194.67,52,sell
SPY,1736941085739,401.07,64,sell
TSLA,1736941086023,194.79,13,sell
SPY,1736941086042,401.63,56,buy
AAPL,1736941086522,152.02,56,buy
TSLA,1736941086654,197.06,8,buy
TSLA,1736941087921,199.66,96,sell
TSLA,1736941090866,200.2,45,buy
TSLA,1736941091077,197.04,77,buy
TSLA,1736941091867,194.01,21,buy
NVDA,1736941092274,502.63,79,buy
NVDA,1736941092779,503.37,76,sell
MSFT,1736941093097,298.81,40,buy
TSLA,1736941093848,198.41,84,sell
NVDA,1736941093924,501.74,73,buy
AAPL,1736941094109,153.26,9,sell
AAPL,1736941094702,152.43,1,buy
TSLA,1736941094831,195.43,64,buy
AAPL,1736941095066,149.78,42,sell
AAPL,1736941095641,150.4,96,sell
TSLA,1736941097094,198.12,40,buy
TSLA,1736941097798,195.99,18,sell
SPY,1736941100307,400.19,76,buy
NVDA,1736941100597,501.2,84,sell
SPY,1736941101033,399.33,34,buy
NVDA,1736941101333,500.38,92,buy
SPY,1736941101496,399.56,61,sell
SPY,1736941101609,400.74,75,sell
MSFT,1736941101722,298.93,48,sell
TSLA,1736941102173,199.99,17,sell
TSLA,1736941102985,198.82,60,sell
NVDA,1736941104449,502.27,94,sell
SPY,1736941105263,400.14,67,sell
NVDA,1736941107516,502.78,100,buy
AAPL,1736941108038,152.56,46,buy
TSLA,1736941108479,198.97,42,buy
NVDA,1736941108567,502.61,6,sell
AAPL,1736941108666,152.1,89,sell
MSFT,1736941110014,301.83,77,sell
MSFT,1736941110293,297.04,15,sell
AAPL,1736941111722,149.41,88,buy
SPY,1736941117096,399.63,17,sell
TSLA,1736941117387,195.25,28,buy
NVDA,1736941117792,502.79,89,buy
SPY,1736941119045,399.17,23,sell
AAPL,1736941119165,149.55,62,sell
MSFT,1736941119244,303.04,20,sell
SPY,1736941119710,400.41,41,sell
SPY,1736941120020,400.82,44,sell
AAPL,1736941120790,152.29,8,sell
MSFT,1736941121555,302.7,12,buy
NVDA,1736941121567,502.62,86,sell
SPY,1736941121568,399.97,72,buy
MSFT,1736941121889,303.21,24,sell
SPY,1736941121920,399.62,86,buy
TSLA,1736941122333,195.16,68,sell
TSLA,1736941122382,194.83,3,buy
TSLA,1736941122818,196.33,15,sell
TSLA,1736941122884,198.47,53,sell
TSLA,1736941122941,195.14,94,buy
MSFT,1736941123579,296.95,30,buy
MSFT,1736941125170,296.71,9,sell
NVDA,1736941125391,500.08,14,buy
NVDA,1736941126604,498.67,98,buy
TSLA,1736941127614,195.54,55,sell
MSFT,1736941128780,299.15,39,buy
SPY,1736941129677,399.31,50,sell
SPY,1736941130440,401.67,63,sell
MSFT,1736941130712,296.76,26,buy
NVDA,1736941133409,499.72,6,sell
NVDA,1736941133455,502.85,89,buy
TSLA,1736941133531,195.48,17,sell
TSLA,1736941133916,198.27,50,sell
TSLA,1736941134038,197.8,60,sell
NVDA,1736941134325,502.85,6,buy
NVDA,1736941134520,501.82,42,buy
MSFT,1736941134918,297.17,71,sell
TSLA,1736941135242,195.9,14,buy
TSLA,1736941137909,195.86,35,sell
SPY,1736941138118,400.88,62,buy
SPY,1736941138687,400.07,81,sell
TSLA,1736941139723,194.99,65,buy
MSFT,1736941140633,296.63,45,sell
SPY,1736941141301,399.25,91,buy
TSLA,1736941142017,200.07,65,buy
NVDA,1736941142040,499.55,63,sell
NVDA,1736941142180,501.69,63,buy
NVDA,1736941142525,499.46,28,sell
AAPL,1736941145068,149.68,82,sell
TSLA,1736941146291,199.91,16,sell
TSLA,1736941147045,198.88,79,buy
TSLA,1736941147558,195.7,75,sell
NVDA,1736941149002,501.66,85,sell
TSLA,1736941150347,195.45,83,sell
MSFT,1736941150925,302.77,76,buy
TSLA,1736941152196,199.03,74,sell
TSLA,1736941152468,198.14,27,sell
AAPL,1736941153690,151.99,14,sell
TSLA,1736941153738,194.46,66,sell
NVDA,1736941154422,499.33,32,sell
MSFT,1736941155717,302.65,32,buy
MSFT,1736941155933,298.66,24,sell
SPY,1736941156109,399.86,82,sell
MSFT,1736941156611,299.2,78,buy
TSLA,1736941158277,194.52,64,sell
TSLA,1736941158336,194.58,47,buy
SPY,1736941159263,401.35,100,sell
SPY,1736941159817,399.23,55,sell
TSLA,1736941161268,198.79,88,buy
AAPL,1736941161275,153.04,32,sell
SPY,1736941161722,401.29,13,buy
NVDA,1736941162272,502.09,8,sell
SPY,1736941162495,400.54,93,sell
TSLA,1736941162621,196.07,89,buy
TSLA,1736941162901,194.81,46,sell
NVDA,1736941162932,503.41,81,buy
NVDA,1736941163111,502.77,76,buy
TSLA,1736941164026,199.85,28,sell
SPY,1736941164196,399.35,67,buy
SPY,1736941164242,399.67,92,sell
TSLA,1736941164280,199.26,10,sell
AAPL,1736941164552,152.87,27,sell
SPY,1736941164601,400.86,15,sell
AAPL,1736941165794,152.57,21,sell
TSLA,1736941166551,194.63,100,buy
SPY,1736941166631,399.49,42,sell
MSFT,1736941166764,300.76,100,sell
TSLA,1736941168231,194.83,84,buy
MSFT,1736941168369,301.88,49,sell
SPY,1736941170316,399.12,41,sell
MSFT,1736941170650,298.64,65,sell
SPY,1736941170780,400.2,100,sell
SPY,1736941171146,399.89,30,sell
TSLA,1736941171268,198.96,18,sell
NVDA,1736941171328,501.35,94,sell
AAPL,1736941172067,152.28,10,buy
NVDA,1736941172682,500.42,83,sell
NVDA,1736941173241,499.44,10,buy
MSFT,1736941173567,297.78,70,buy
AAPL,1736941174246,150.26,69,buy
NVDA,1736941175185,500.38,14,sell
AAPL,1736941175224,150.0,42,buy
NVDA,1736941175277,502.11,33,buy
TSLA,1736941175353,193.61,57,sell
MSFT,1736941175898,301.76,70,sell
AAPL,1736941176036,152.14,22,buy
NVDA,1736941176078,499.98,70,sell
SPY,1736941176458,399.52,7,sell
AAPL,1736941177528,150.92,23,sell
AAPL,1736941178492,149.95,95,buy
MSFT,1736941181099,296.63,94,buy
SPY,1736941181184,400.28,26,buy
MSFT,1736941181905,301.19,27,sell
NVDA,1736941182504,500.03,100,sell
TSLA,1736941183476,200.14,10,buy
MSFT,1736941184912,298.96,14,buy
MSFT,1736941185280,300.6,27,buy
TSLA,1736941185392,199.94,19,buy
SPY,1736941186271,400.01,21,buy
AAPL,1736941187039,150.4,7,sell
TSLA,1736941188757,193.84,92,sell
NVDA,1736941188990,503.0,68,buy
TSLA,1736941189827,197.63,20,sell
MSFT,1736941190321,299.73,14,buy
NVDA,1736941190658,499.86,20,sell
TSLA,1736941191666,195.42,38,buy
SPY,1736941192209,400.65,20,buy
MSFT,1736941192796,299.31,15,sell
SPY,1736941192892,401.48,45,buy
MSFT,1736941193963,301.66,43,sell
TSLA,1736941195166,198.98,8,buy
AAPL,1736941195484,149.25,75,sell
MSFT,1736941195801,297.54,16,buy
TSLA,1736941198598,198.24,70,buy
MSFT,1736941199190,298.97,16,sell
TSLA,1736941199379,197.87,54,buy
TSLA,1736941200133,198.46,55,sell
MSFT,1736941201436,300.94,72,buy
SPY,1736941201644,399.87,5,buy
NVDA,1736941201809,499.46,45,buy
MSFT,1736941202993,300.24,32,buy
MSFT,1736941203433,300.14,88,buy
MSFT,1736941203622,296.76,3,sell
AAPL,1736941204434,151.85,19,buy
AAPL,1736941204808,153.14,19,buy
SPY,1736941205319,398.95,7,sell
NVDA,1736941205449,500.94,31,buy
TSLA,1736941206572,198.87,38,sell
NVDA,1736941206587,500.6,13,buy
SPY,1736941206703,401.43,67,buy
AAPL,1736941206793,152.55,90,buy
AAPL,1736941207583,149.89,9,buy
NVDA,1736941207675,500.58,47,buy
SPY,1736941208552,399.97,68,sell
TSLA,1736941208767,198.44,85,buy
TSLA,1736941208848,195.27,26,buy
NVDA,1736941208955,501.71,37,buy
AAPL,1736941209256,150.77,35,buy
SPY,1736941210586,399.85,30,sell
MSFT,1736941210920,297.63,88,sell
MSFT,1736941211265,299.22,64,buy
TSLA,1736941211531,195.25,31,buy
NVDA,1736941211660,502.95,54,buy
MSFT,1736941212072,301.39,5,sell
SPY,1736941212096,400.37,51,buy
SPY,1736941212963,399.36,65,buy
TSLA,1736941213049,198.62,48,buy
NVDA,1736941213482,501.96,63,sell
NVDA,1736941213738,502.34,16,sell
AAPL,1736941214139,151.55,56,sell
TSLA,1736941215890,198.64,44,buy
AAPL,1736941216091,149.37,72,sell
TSLA,1736941217981,195.48,82,sell
MSFT,1736941218346,298.89,99,sell
MSFT,1736941218824,299.03,63,sell
AAPL,1736941219372,151.98,52,sell
SPY,1736941219657,399.12,4,sell
SPY,1736941220694,400.1,42,buy
SPY,1736941221380,399.34,69,buy
SPY,1736941224070,400.85,53,buy
TSLA,1736941225211,199.27,39,sell
AAPL,1736941226248,151.78,83,sell
MSFT,1736941226693,299.19,34,buy
AAPL,1736941226974,149.88,57,sell
MSFT,1736941227431,297.47,35,sell
TSLA,1736941227473,197.32,100,sell
AAPL,1736941227963,149.72,83,sell
SPY,1736941228308,400.3,63,sell
SPY,1736941228416,399.47,75,sell
AAPL,1736941228556,151.84,63,buy
MSFT,1736941228975,299.87,92,sell
SPY,1736941229225,401.57,100,sell
TSLA,1736941230226,197.82,61,sell
SPY,1736941231043,399.61,90,sell
SPY,1736941231216,399.98,65,sell
SPY,1736941231577,399.61,77,buy
MSFT,1736941231924,301.71,95,buy
SPY,1736941232155,401.0,12,buy
NVDA,1736941232584,500.5,32,sell
MSFT,1736941233536,301.91,68,buy
AAPL,1736941234790,152.85,67,sell
MSFT,1736941234792,301.33,66,buy
TSLA,1736941235728,198.5,50,buy
SPY,1736941236070,399.88,37,sell
AAPL,1736941236146,149.84,52,buy
MSFT,1736941237480,301.36,7,sell
NVDA,1736941237590,501.83,31,buy
SPY,1736941237611,400.84,76,sell
TSLA,1736941237706,199.14,13,sell
AAPL,1736941238083,150.08,82,buy
MSFT,1736941238273,299.42,69,sell
NVDA,1736941239967,499.18,97,sell
SPY,1736941239974,400.33,40,sell
MSFT,1736941244826,297.17,50,buy
NVDA,1736941244905,500.87,33,buy
AAPL,1736941245268,149.43,8,sell
TSLA,1736941245430,194.44,60,buy
TSLA,1736941247005,198.52,78,sell
SPY,1736941247792,399.6,100,sell
SPY,1736941247926,399.95,50,buy
AAPL,1736941248041,150.04,15,sell
AAPL,1736941248387,152.05,24,sell
MSFT,1736941248961,297.63,23,buy
NVDA,1736941249038,499.73,100,buy
SPY,1736941249671,400.86,7,buy
NVDA,1736941249772,499.27,49,sell
TSLA,1736941250325,197.16,95,sell
NVDA,1736941250546,502.72,19,sell
NVDA,1736941251924,502.18,3,sell
MSFT,1736941252071,301.21,76,sell
AAPL,1736941254712,152.0,11,buy
MSFT,1736941254716,299.14,26,sell
MSFT,1736941255542,299.07,53,sell
AAPL,1736941256217,151.83,63,buy
SPY,1736941257717,400.77,49,buy
NVDA,1736941258310,503.58,11,buy
TSLA,1736941258621,194.85,59,sell
TSLA,1736941259191,199.8,87,sell
TSLA,1736941259729,197.01,86,buy
SPY,1736941260242,400.09,99,buy
TSLA,1736941261629,199.77,52,buy
MSFT,1736941262535,299.09,80,sell
TSLA,1736941262815,199.91,33,buy
AAPL,1736941263781,151.91,37,sell
SPY,1736941263788,399.53,7,buy
MSFT,1736941264283,298.28,5,buy
AAPL,1736941264333,150.59,48,sell
AAPL,1736941264498,152.03,30,sell
AAPL,1736941265265,151.95,12,buy
TSLA,1736941265777,194.84,58,buy
NVDA,1736941266445,499.42,63,buy
SPY,1736941266567,400.29,63,buy
SPY,1736941267174,399.47,85,sell
NVDA,1736941268944,499.5,81,buy
TSLA,1736941269399,198.39,74,buy
SPY,1736941269831,401.39,17,sell
NVDA,1736941270153,501.48,71,buy
AAPL,1736941270635,152.28,24,sell
TSLA,1736941271268,199.61,100,buy
MSFT,1736941272491,299.93,51,sell
MSFT,1736941273403,298.33,3,sell
MSFT,1736941276066,298.73,2,sell
AAPL,1736941276129,152.68,79,sell
SPY,1736941276249,400.57,90,buy
AAPL,1736941278301,151.51,84,sell
MSFT,1736941278815,299.48,89,buy
NVDA,1736941279819,502.58,21,sell
AAPL,1736941279869,153.13,67,sell
MSFT,1736941280398,297.54,33,buy
AAPL,1736941281527,152.98,97,sell
AAPL,1736941284202,151.96,59,sell
SPY,1736941285401,399.85,11,sell
MSFT,1736941285633,297.52,89,sell
TSLA,1736941285670,198.37,5,buy
AAPL,1736941286163,150.41,77,buy
NVDA,1736941288541,502.75,79,buy
MSFT,1736941288764,296.54,80,sell
SPY,1736941291670,399.65,79,buy
TSLA,1736941292968,198.69,80,buy
TSLA,1736941293246,198.34,92,sell
TSLA,1736941293589,195.54,54,buy
TSLA,1736941293722,198.4,43,buy
SPY,1736941294086,399.1,21,buy
AAPL,1736941294516,149.75,56,sell
SPY,1736941294970,398.95,43,sell
SPY,1736941295124,400.24,79,buy
MSFT,1736941297113,299.3,22,sell
NVDA,1736941298322,500.37,24,sell
MSFT,1736941298380,298.0,92,buy
NVDA,1736941298410,500.52,36,sell
MSFT,1736941299032,299.96,39,sell
TSLA,1736941299053,196.98,72,buy
MSFT,1736941299827,302.91,45,sell
MSFT,1736941300624,297.85,13,sell
SPY,1736941302740,399.93,79,buy
TSLA,1736941303785,195.17,45,sell
SPY,1736941304576,400.04,86,buy
MSFT,1736941305517,300.13,16,sell
AAPL,1736941306788,152.99,39,buy
NVDA,1736941307145,499.38,36,sell
NVDA,1736941307750,501.49,84,sell
NVDA,1736941307806,499.49,86,buy
NVDA,1736941308162,502.86,14,sell
SPY,1736941310584,399.71,59,buy
MSFT,1736941311134,302.17,33,buy
NVDA,1736941311311,498.97,14,sell
TSLA,1736941311535,198.2,75,buy
AAPL,1736941313487,152.34,27,buy
TSLA,1736941313897,193.38,70,sell
AAPL,1736941314691,151.2,13,sell
MSFT,1736941315459,297.45,63,buy
AAPL,1736941315656,150.86,29,buy
SPY,1736941315760,400.24,1,sell
MSFT,1736941316460,297.0,22,sell
NVDA,1736941316863,503.3,66,sell
AAPL,1736941318183,151.93,44,sell
NVDA,1736941318451,502.15,17,sell
AAPL,1736941319907,149.84,77,sell
NVDA,1736941320405,502.73,86,buy
MSFT,1736941320454,298.57,12,sell
SPY,1736941322613,399.25,25,sell
NVDA,1736941325078,501.61,78,sell
SPY,1736941325735,400.71,5,sell
NVDA,1736941326063,501.02,78,sell
SPY,1736941326483,399.47,64,sell
SPY,1736941328067,400.02,83,buy
TSLA,1736941328614,198.56,100,sell
NVDA,1736941329253,500.33,30,sell
SPY,1736941329565,401.25,72,buy
SPY,1736941329937,400.99,66,buy
TSLA,1736941330151,198.68,51,sell
AAPL,1736941330470,152.66,86,sell
MSFT,1736941330828,299.78,38,buy
TSLA,1736941331004,198.16,85,buy
SPY,1736941331065,400.64,65,buy
TSLA,1736941331990,198.81,11,buy
MSFT,1736941335893,297.35,40,sell
MSFT,1736941336581,298.69,17,buy
AAPL,1736941337676,149.73,57,buy
AAPL,1736941337812,149.06,76,buy
NVDA,1736941338106,501.57,36,buy
TSLA,1736941338380,199.92,25,buy
MSFT,1736941339000,297.62,76,sell
TSLA,1736941339119,195.55,50,sell
SPY,1736941339752,399.08,97,sell
TSLA,1736941341025,195.49,52,sell
TSLA,1736941341245,193.52,28,buy
SPY,1736941341973,400.75,93,buy
NVDA,1736941342315,499.34,78,sell
MSFT,1736941342415,299.04,91,sell
TSLA,1736941343051,195.69,53,sell
TSLA,1736941344230,194.21,91,buy
NVDA,1736941346089,500.33,22,buy
SPY,1736941346869,400.71,17,buy
MSFT,1736941347738,297.81,49,buy
AAPL,1736941348370,152.93,69,sell
MSFT,1736941348635,302.77,4,buy
NVDA,1736941349262,500.51,74,sell
NVDA,1736941350308,501.52,64,buy
TSLA,1736941350453,196.42,83,buy
SPY,1736941350529,400.45,33,sell
SPY,1736941351796,399.67,68,sell
NVDA,1736941352371,499.71,10,sell
SPY,1736941353979,399.79,43,sell
SPY,1736941354351,400.5,85,sell
NVDA,1736941354548,501.15,63,buy
MSFT,1736941354903,301.46,68,buy
SPY,1736941355660,400.23,83,buy
MSFT,1736941355788,301.35,11,buy
NVDA,1736941355798,499.22,87,buy
SPY,1736941356712,400.15,28,sell
SPY,1736941358122,400.77,59,sell
SPY,1736941358650,400.57,53,sell
SPY,1736941359856,401.18,37,buy
NVDA,1736941360758,501.85,8,buy
NVDA,1736941361903,503.64,75,sell
AAPL,1736941362398,151.68,75,buy
SPY,1736941362508,400.51,100,buy
SPY,1736941363287,399.71,100,buy
TSLA,1736941364133,199.16,83,buy
SPY,1736941365124,401.34,95,sell
SPY,1736941365371,400.47,65,sell
SPY,1736941365788,399.59,19,sell
SPY,1736941365840,399.82,96,buy
NVDA,1736941366029,502.61,8,sell
MSFT,1736941366352,298.49,80,buy
SPY,1736941366532,401.17,82,sell
TSLA,1736941367404,198.06,22,buy
TSLA,1736941367427,194.87,74,sell
AAPL,1736941368889,150.39,15,sell
SPY,1736941369224,399.06,89,sell
SPY,1736941369276,399.51,31,sell
MSFT,1736941370198,301.16,53,buy
MSFT,1736941370219,299.82,29,sell
MSFT,1736941371194,297.02,62,buy
NVDA,1736941372760,501.01,13,sell
NVDA,1736941373120,499.13,84,sell
NVDA,1736941374302,499.1,38,sell
AAPL,1736941375419,151.91,9,buy
TSLA,1736941376097,198.83,65,sell
TSLA,1736941377296,194.19,100,sell
MSFT,1736941379331,299.39,69,buy
TSLA,1736941379626,194.46,63,buy
AAPL,1736941379709,150.31,61,sell
SPY,1736941382015,399.84,75,buy
AAPL,1736941382540,150.27,19,sell
TSLA,1736941383593,200.04,99,sell
TSLA,1736941384200,196.95,76,sell
MSFT,1736941384635,301.11,91,sell
TSLA,1736941385930,194.94,83,buy
AAPL,1736941386022,151.47,39,sell
SPY,1736941386082,401.11,12,buy
MSFT,1736941386155,296.67,67,sell
TSLA,1736941387277,194.62,42,sell
SPY,1736941388447,400.22,74,buy
AAPL,1736941389770,150.87,36,buy
MSFT,1736941390244,297.28,43,sell
NVDA,1736941391075,500.24,57,sell
SPY,1736941391584,400.29,97,buy
AAPL,1736941392834,150.46,84,buy
TSLA,1736941393396,198.56,2,buy
NVDA,1736941393975,501.53,29,sell
TSLA,1736941394811,199.32,71,sell
AAPL,1736941396337,152.09,23,buy
TSLA,1736941396358,198.51,1,sell
AAPL,1736941397404,151.35,49,sell
MSFT,1736941400141,296.95,62,sell
MSFT,1736941401389,299.84,18,buy
TSLA,1736941402110,199.11,3,buy
NVDA,1736941402336,498.95,81,sell
SPY,1736941403336,401.28,25,sell
SPY,1736941404178,399.51,55,sell
MSFT,1736941405002,297.26,52,buy
TSLA,1736941405650,198.91,82,sell
TSLA,1736941406454,197.04,22,sell
SPY,1736941407950,399.92,55,sell
MSFT,1736941408203,297.46,90,sell
AAPL,1736941408634,152.54,1,sell
AAPL,1736941408706,152.13,65,buy
NVDA,1736941409082,502.85,14,sell
TSLA,1736941410033,195.23,1,sell
TSLA,1736941410438,198.13,18,buy
AAPL,1736941410718,150.36,94,sell
TSLA,1736941411599,195.35,20,sell
MSFT,1736941412297,298.66,87,sell
NVDA,1736941412351,498.95,77,buy
MSFT,1736941412652,300.4,19,buy
NVDA,1736941414688,501.9,75,buy
MSFT,1736941415219,302.88,58,buy
MSFT,1736941415465,299.35,37,buy
TSLA,1736941416391,195.45,39,buy
NVDA,1736941417193,503.95,79,buy
NVDA,1736941417906,501.58,12,buy
AAPL,1736941419201,150.43,12,sell
SPY,1736941420003,399.56,33,sell
TSLA,1736941420185,193.52,52,buy
AAPL,1736941422798,149.49,28,sell
NVDA,1736941422852,502.03,12,sell
MSFT,1736941422867,298.51,83,buy
MSFT,1736941423228,298.65,91,buy
TSLA,1736941423369,197.85,80,sell
TSLA,1736941423903,194.29,32,sell
SPY,1736941423970,401.34,8,buy
AAPL,1736941425004,151.62,92,sell
TSLA,1736941426988,198.05,92,buy
AAPL,1736941427332,151.62,54,sell
SPY,1736941429490,401.18,24,sell
SPY,1736941431754,400.6,100,sell
MSFT,1736941432217,297.24,62,buy
TSLA,1736941432315,197.82,96,sell
TSLA,1736941432848,198.22,50,buy
MSFT,1736941435213,297.32,9,buy
MSFT,1736941435314,299.07,17,buy
AAPL,1736941436005,151.25,75,sell
TSLA,1736941438232,198.55,16,buy
SPY,1736941438785,400.26,12,sell
AAPL,1736941439109,149.42,21,sell
TSLA,1736941439589,198.32,3,buy
TSLA,1736941440316,198.57,41,sell
SPY,1736941440390,400.63,29,sell
AAPL,1736941440924,153.04,94,sell
AAPL,1736941442148,151.37,5,buy
SPY,1736941442995,399.41,2,sell
AAPL,1736941443286,152.07,58,buy
MSFT,1736941443833,298.86,30,sell
MSFT,1736941445082,298.79,19,buy
TSLA,1736941445299,193.68,99,buy
MSFT,1736941447820,296.93,79,sell
NVDA,1736941448913,501.67,43,buy
TSLA,1736941450395,197.37,74,buy
TSLA,1736941450446,198.59,95,buy
NVDA,1736941452173,501.65,23,sell
AAPL,1736941452261,152.14,42,sell
NVDA,1736941452607,500.73,59,sell
TSLA,1736941453645,199.39,28,buy
MSFT,1736941453835,298.84,75,sell
MSFT,1736941453902,298.96,64,buy
SPY,1736941454202,400.52,77,buy
AAPL,1736941455665,149.63,63,sell
SPY,1736941457810,399.65,26,sell
TSLA,1736941458217,193.72,67,buy
SPY,1736941458563,399.47,31,sell
AAPL,1736941459657,152.55,73,sell
MSFT,1736941460027,299.57,11,buy
TSLA,1736941461653,198.29,43,sell
SPY,1736941461794,401.08,88,sell
MSFT,1736941463313,298.64,41,buy
AAPL,1736941463911,152.29,90,sell
MSFT,1736941463958,299.65,19,sell
AAPL,1736941464568,150.08,40,sell
SPY,1736941464614,399.48,58,buy
AAPL,1736941465008,150.95,62,sell
TSLA,1736941467470,197.14,10,sell
MSFT,1736941469286,299.1,86,sell
SPY,1736941469897,399.16,78,buy
MSFT,1736941470022,298.87,41,buy
TSLA,1736941471712,198.84,86,buy
NVDA,1736941472097,499.51,74,sell
TSLA,1736941472416,195.34,42,sell
NVDA,1736941472713,499.67,71,sell
TSLA,1736941473516,198.19,83,buy
TSLA,1736941474724,198.97,96,sell
NVDA,1736941475125,502.95,47,buy
SPY,1736941475423,401.84,3,sell
MSFT,1736941476188,296.56,31,buy
NVDA,1736941476743,498.87,92,sell
TSLA,1736941476819,198.2,41,buy
AAPL,1736941478309,152.9,61,buy
AAPL,1736941478491,152.8,18,sell
TSLA,1736941478774,197.9,70,buy
MSFT,1736941480883,298.73,59,sell
MSFT,1736941480909,296.78,73,sell
TSLA,1736941482455,193.5,97,sell
NVDA,1736941482650,499.34,31,sell
AAPL,1736941483078,153.27,35,sell
MSFT,1736941483575,298.67,70,buy
NVDA,1736941483701,503.98,31,buy
SPY,1736941485025,400.97,28,sell
AAPL,1736941485214,153.01,30,buy
AAPL,1736941486196,152.09,36,sell
SPY,1736941486866,399.58,87,sell
TSLA,1736941486966,194.86,32,buy
MSFT,1736941488024,297.51,33,buy
AAPL,1736941488885,151.14,59,sell
SPY,1736941489582,399.7,18,buy
TSLA,1736941490965,197.1,37,buy
AAPL,1736941491031,150.6,8,buy
MSFT,1736941491463,302.33,68,sell
SPY,1736941492478,399.51,9,sell
MSFT,1736941492923,298.91,14,sell
MSFT,1736941494475,297.65,49,sell
TSLA,1736941494862,195.11,4,buy
MSFT,1736941495124,299.05,40,sell
NVDA,1736941495631,502.6,99,sell
AAPL,1736941496861,149.78,99,sell
MSFT,1736941496980,299.98,15,sell
SPY,1736941498174,399.22,60,buy
AAPL,1736941499029,149.73,8,sell
AAPL,1736941501223,153.24,23,buy
TSLA,1736941503491,199.94,61,buy
SPY,1736941504568,400.77,10,buy
AAPL,1736941505506,150.45,59,sell
TSLA,1736941505540,195.28,56,sell
TSLA,1736941505940,199.78,59,sell
SPY,1736941506920,400.91,44,sell
AAPL,1736941507154,150.02,3,sell
TSLA,1736941508077,197.96,36,buy
SPY,1736941508976,400.63,76,sell
SPY,1736941509072,399.38,66,buy
MSFT,1736941509143,303.06,90,sell
SPY,1736941510358,400.44,30,buy
AAPL,1736941510388,152.83,14,buy
NVDA,1736941510627,500.4,34,sell
SPY,1736941511102,399.73,98,sell
MSFT,1736941513592,302.76,37,sell
SPY,1736941514713,399.59,64,sell
SPY,1736941514969,401.32,65,sell
TSLA,1736941515210,198.35,2,buy
MSFT,1736941516744,298.47,72,buy
SPY,1736941519610,399.45,75,sell
SPY,1736941521534,400.22,24,sell
TSLA,1736941521710,198.79,80,buy
AAPL,1736941521776,151.88,30,buy
TSLA,1736941521815,199.85,19,sell
NVDA,1736941521918,501.54,44,buy
MSFT,1736941524121,296.91,54,buy
NVDA,1736941524373,501.97,23,sell
MSFT,1736941525037,297.6,81,sell
MSFT,1736941526123,297.55,87,sell
MSFT,1736941526459,296.73,100,buy
TSLA,1736941526697,197.7,36,buy
SPY,1736941527578,401.05,82,buy
NVDA,1736941527768,501.69,33,buy
AAPL,1736941528326,151.91,58,buy
MSFT,1736941528493,299.14,78,buy
NVDA,1736941530342,500.35,38,buy
MSFT,1736941533044,296.97,39,sell
AAPL,1736941533623,149.48,68,buy
AAPL,1736941534619,150.58,4,sell
SPY,1736941535147,400.26,95,sell
NVDA,1736941535180,499.74,84,sell
SPY,1736941535362,400.33,13,buy
NVDA,1736941536084,501.58,49,sell
AAPL,1736941536298,151.98,1,sell
SPY,1736941536992,400.88,62,buy
SPY,1736941538171,400.43,5,sell
MSFT,1736941538985,298.72,33,sell
NVDA,1736941540277,502.25,17,buy
SPY,1736941541521,398.87,26,sell
NVDA,1736941542852,499.63,25,sell
SPY,1736941542945,399.8,53,buy
NVDA,1736941542978,499.06,33,sell
SPY,1736941544064,399.32,33,buy
SPY,1736941544176,401.05,52,sell
TSLA,1736941544375,198.27,75,sell
TSLA,1736941544511,195.25,48,buy
TSLA,1736941544935,198.02,4,buy
AAPL,1736941545185,149.24,45,sell
TSLA,1736941546573,196.18,35,buy
TSLA,1736941548227,199.43,95,sell
MSFT,1736941548882,299.12,66,buy
SPY,1736941549242,400.47,50,sell
AAPL,1736941549514,150.21,76,buy
SPY,1736941550087,400.9,68,sell
NVDA,1736941550467,500.99,40,sell
NVDA,1736941551077,502.27,81,buy
SPY,1736941552585,399.5,23,sell
SPY,1736941553110,401.21,74,sell
SPY,1736941557059,399.84,4,sell
TSLA,1736941557082,200.33,71,buy
NVDA,1736941557200,502.57,37,buy
AAPL,1736941557305,149.92,13,sell
NVDA,1736941557364,500.07,84,buy
SPY,1736941557451,398.69,41,buy
AAPL,1736941557582,151.91,53,sell
MSFT,1736941557875,302.73,59,sell
NVDA,1736941559816,500.65,64,sell
TSLA,1736941560286,197.86,25,sell
SPY,1736941560348,400.67,68,sell
TSLA,1736941560437,194.7,34,sell
MSFT,1736941560972,300.3,29,buy
TSLA,1736941561532,194.79,45,buy
AAPL,1736941561836,152.3,2,buy
AAPL,1736941563443,150.75,77,sell
TSLA,1736941565320,199.04,89,buy
TSLA,1736941567340,198.41,45,buy
SPY,1736941569795,399.84,46,buy
AAPL,1736941570072,149.27,40,buy
SPY,1736941570512,400.54,72,buy
TSLA,1736941570923,195.44,70,sell
AAPL,1736941571010,149.7,52,sell
NVDA,1736941571049,501.58,35,sell
SPY,1736941572829,400.66,72,sell
SPY,1736941573107,399.6,40,sell
AAPL,1736941574091,151.14,55,sell
NVDA,1736941574647,502.07,25,sell
MSFT,1736941574712,301.61,35,buy
NVDA,1736941574794,500.19,49,sell
SPY,1736941574845,401.26,97,buy
SPY,1736941576360,400.66,65,buy
NVDA,1736941576715,501.33,4,buy
NVDA,1736941578067,499.14,64,sell
SPY,1736941579481,400.69,53,sell
SPY,1736941580496,400.66,100,sell
NVDA,1736941580620,504.01,25,buy
SPY,1736941581133,399.48,22,buy
AAPL,1736941581451,149.41,62,sell
SPY,1736941582096,400.66,66,sell
SPY,1736941582374,400.61,93,sell
SPY,1736941583195,400.74,52,buy
NVDA,1736941583775,502.35,39,buy
SPY,1736941584935,399.18,28,buy
NVDA,1736941585006,502.56,6,sell
MSFT,1736941585036,297.56,34,buy
TSLA,1736941585492,195.33,88,buy
NVDA,1736941586793,502.66,54,sell
SPY,1736941587606,399.77,49,sell
TSLA,1736941587721,193.94,25,sell
SPY,1736941588092,399.95,80,sell
MSFT,1736941589530,297.43,65,sell
AAPL,1736941591012,152.55,21,buy
MSFT,1736941591679,297.91,91,sell
MSFT,1736941592049,299.45,90,sell
TSLA,1736941592591,193.73,57,sell
MSFT,1736941592903,299.16,85,buy
TSLA,1736941595162,198.06,37,sell
TSLA,1736941596668,194.48,65,sell
SPY,1736941599113,399.75,42,buy
SPY,1736941600456,401.62,67,sell
TSLA,1736941601509,193.53,94,buy
AAPL,1736941601583,152.78,60,sell
NVDA,1736941601583,501.69,48,sell
SPY,1736941602020,399.28,13,sell
TSLA,1736941602284,200.15,73,buy
NVDA,1736941602881,499.44,47,sell
MSFT,1736941603047,298.53,65,sell
MSFT,1736941603339,296.68,95,sell
SPY,1736941603386,399.12,66,sell
MSFT,1736941603522,298.8,70,buy
MSFT,1736941604347,297.49,97,sell
SPY,1736941606494,400.04,75,sell
MSFT,1736941606530,300.03,25,sell
AAPL,1736941607125,152.66,67,sell
AAPL,1736941608201,149.99,85,buy
SPY,1736941608442,400.95,2,sell
MSFT,1736941608975,297.06,18,sell
TSLA,1736941609299,195.19,77,sell
MSFT,1736941609970,296.95,80,sell
TSLA,1736941610437,199.55,7,buy
MSFT,1736941610530,297.58,44,sell
MSFT,1736941611416,299.4,4,buy
NVDA,1736941613826,500.52,98,sell
MSFT,1736941614036,298.6,90,sell
NVDA,1736941614626,502.78,27,sell
TSLA,1736941615022,200.19,69,buy
SPY,1736941617820,399.58,5,sell
MSFT,1736941620162,297.51,25,sell
NVDA,1736941621367,499.68,14,buy
MSFT,1736941621524,297.04,95,sell
TSLA,1736941621907,198.24,73,sell
AAPL,1736941622058,152.27,11,sell
TSLA,1736941622175,194.96,28,buy
AAPL,1736941623166,150.54,29,buy
AAPL,1736941623433,151.97,22,buy
TSLA,1736941623784,195.33,29,buy
SPY,1736941625422,398.96,38,sell
SPY,1736941628420,400.01,25,sell
MSFT,1736941629926,297.44,96,buy
TSLA,1736941629970,198.42,24,sell
SPY,1736941630847,399.74,6,sell
MSFT,1736941630864,296.52,41,buy
TSLA,1736941630991,196.9,80,sell
SPY,1736941631214,400.78,18,buy
AAPL,1736941631435,151.49,82,sell
AAPL,1736941631832,149.96,33,sell
AAPL,1736941632236,152.04,76,sell
TSLA,1736941633485,199.93,36,sell
MSFT,1736941633962,301.22,55,buy
SPY,1736941634821,399.61,53,sell
SPY,1736941635710,399.36,45,buy
MSFT,1736941637265,297.8,55,buy
SPY,1736941638258,401.64,10,buy
NVDA,1736941638399,500.14,36,buy
NVDA,1736941639714,501.17,48,sell
AAPL,1736941639982,151.11,34,buy
SPY,1736941640309,400.04,32,buy
SPY,1736941642042,400.43,71,sell
MSFT,1736941642343,301.4,64,sell
SPY,1736941642585,399.91,60,sell
SPY,1736941642718,400.65,24,sell
AAPL,1736941643427,151.6,47,sell
NVDA,1736941643437,502.63,91,buy
SPY,1736941643514,401.36,55,buy
AAPL,1736941643827,149.34,98,buy
NVDA,1736941644304,502.54,63,buy
TSLA,1736941645164,198.71,97,sell
MSFT,1736941646210,297.25,8,sell
NVDA,1736941646303,498.78,75,buy
SPY,1736941646502,399.7,89,sell
MSFT,1736941646532,300.32,81,buy
AAPL,1736941646899,151.64,52,sell
TSLA,1736941647570,197.78,19,sell
AAPL,1736941647748,151.89,37,sell
MSFT,1736941648260,299.09,69,sell
SPY,1736941649034,399.39,49,sell
MSFT,1736941649594,297.38,4,sell
NVDA,1736941649959,502.01,56,sell
TSLA,1736941650758,198.62,39,buy
MSFT,1736941651744,301.52,12,buy
TSLA,1736941654025,195.33,90,buy
MSFT,1736941654794,302.18,77,buy
AAPL,1736941655177,151.59,51,sell
TSLA,1736941656293,195.54,40,sell
AAPL,1736941656931,152.14,26,sell
AAPL,1736941656933,151.94,99,sell
AAPL,1736941658059,151.35,81,sell
SPY,1736941659160,401.51,71,buy
NVDA,1736941659345,500.28,89,buy
SPY,1736941661544,400.79,11,sell
AAPL,1736941664948,151.97,33,sell
AAPL,1736941666244,151.9,59,sell
SPY,1736941667413,400.9,88,buy
MSFT,1736941667431,300.76,83,sell
TSLA,1736941668060,195.29,82,sell
MSFT,1736941668220,297.38,31,sell
TSLA,1736941669960,198.65,8,sell
AAPL,1736941670147,152.67,52,sell
SPY,1736941671016,400.91,28,sell
MSFT,1736941673102,303.2,44,buy
TSLA,1736941673236,198.94,52,sell
SPY,1736941673247,401.54,72,buy
NVDA,1736941673645,499.28,45,sell
AAPL,1736941674428,151.71,14,sell
MSFT,1736941674686,299.06,5,buy
AAPL,1736941675877,150.27,51,sell
MSFT,1736941677755,301.61,65,sell
SPY,1736941677839,399.73,50,buy
SPY,1736941678349,400.3,53,buy
AAPL,1736941679429,149.26,81,buy
SPY,1736941679603,400.02,65,buy
MSFT,1736941680512,303.25,57,sell
MSFT,1736941681189,299.32,28,buy
TSLA,1736941681215,198.49,74,buy
MSFT,1736941682662,297.0,65,buy
SPY,1736941683681,398.99,38,buy
NVDA,1736941685407,500.6,19,buy
AAPL,1736941685770,150.38,82,buy
AAPL,1736941686398,152.42,92,sell
TSLA,1736941687827,195.75,12,sell
SPY,1736941688210,400.98,71,buy
MSFT,1736941688676,301.42,25,sell
NVDA,1736941688782,501.73,7,buy
NVDA,1736941689117,500.22,96,sell
NVDA,1736941690069,501.9,51,buy
SPY,1736941690121,400.88,20,buy
TSLA,1736941691770,193.15,6,sell
SPY,1736941691921,399.63,1,sell
NVDA,1736941692315,501.31,92,sell
NVDA,1736941692825,502.8,62,buy
NVDA,1736941693627,500.32,88,sell
MSFT,1736941694107,301.65,60,sell
NVDA,1736941694203,501.73,77,buy
SPY,1736941694625,399.83,11,sell
AAPL,1736941694725,150.63,50,sell
AAPL,1736941694860,152.81,44,sell
NVDA,1736941695785,500.7,53,sell
TSLA,1736941696378,199.22,90,buy
MSFT,1736941697485,296.93,12,sell
NVDA,1736941701913,500.57,10,buy
SPY,1736941702063,399.48,7,sell
TSLA,1736941702693,193.94,98,buy
MSFT,1736941703616,302.83,47,sell
MSFT,1736941705301,303.17,94,sell
NVDA,1736941705469,500.75,8,buy
AAPL,1736941706975,152.43,47,sell
NVDA,1736941707034,502.65,98,buy
AAPL,1736941708230,152.39,10,sell
AAPL,1736941708527,150.74,23,buy
MSFT,1736941709390,297.58,89,sell
SPY,1736941709526,399.3,8,sell
NVDA,1736941709837,501.62,96,buy
MSFT,1736941709891,297.46,56,buy
SPY,1736941709963,398.94,9,sell
SPY,1736941711552,399.14,38,buy
MSFT,1736941711807,296.8,100,buy
AAPL,1736941712006,152.24,89,buy
MSFT,1736941712097,297.43,63,buy
TSLA,1736941712556,198.31,91,sell
TSLA,1736941712821,198.42,26,sell
TSLA,1736941713531,194.14,13,sell
TSLA,1736941714263,199.92,2,buy
MSFT,1736941714814,299.02,81,sell
NVDA,1736941714961,502.35,30,buy
NVDA,1736941715183,499.66,29,buy
TSLA,1736941715525,199.9,76,sell
NVDA,1736941716958,499.36,19,buy
MSFT,1736941717974,300.34,27,sell
AAPL,1736941718833,150.86,53,sell
TSLA,1736941718925,196.53,32,sell
AAPL,1736941719433,151.72,38,sell
NVDA,1736941720011,498.9,25,buy
MSFT,1736941720086,299.3,34,buy
AAPL,1736941720249,150.57,37,buy
SPY,1736941720411,400.01,97,buy
SPY,1736941720424,399.6,89,sell
AAPL,1736941720489,151.45,50,sell
SPY,1736941721518,399.6,36,buy
TSLA,1736941721939,198.81,1,buy
AAPL,1736941722696,149.44,63,buy
SPY,1736941722803,400.91,67,buy
SPY,1736941723455,400.69,82,sell
AAPL,1736941723514,149.29,89,sell
AAPL,1736941724938,152.0,32,sell
AAPL,1736941725032,150.01,66,buy
TSLA,1736941725804,196.38,48,buy
SPY,1736941725926,399.32,2,buy
NVDA,1736941727113,504.11,99,buy
SPY,1736941728585,399.39,43,sell
AAPL,1736941729562,149.39,16,buy
AAPL,1736941729837,151.0,91,sell
NVDA,1736941730356,501.0,27,buy
MSFT,1736941730797,302.15,18,sell
MSFT,1736941732031,301.53,94,buy
NVDA,1736941732526,499.55,51,sell
AAPL,1736941733747,151.94,80,buy
AAPL,1736941733925,152.22,71,buy
MSFT,1736941734081,301.66,71,sell
MSFT,1736941734963,299.21,66,sell
SPY,1736941735367,401.18,30,sell
SPY,1736941735906,399.01,79,buy
SPY,1736941736704,399.58,50,buy
AAPL,1736941736808,150.38,10,sell
NVDA,1736941737206,503.42,3,buy
TSLA,1736941739142,195.64,78,sell
TSLA,1736941739320,198.56,89,sell
MSFT,1736941739428,296.82,43,buy
NVDA,1736941740038,503.46,80,sell
NVDA,1736941740547,500.76,6,sell
NVDA,1736941741992,501.74,75,sell
MSFT,1736941742955,297.73,1,sell
SPY,1736941743645,400.92,8,sell
NVDA,1736941744063,499.91,14,sell
MSFT,1736941745024,296.5,85,buy
MSFT,1736941745567,302.24,33,buy
SPY,1736941745738,400.78,74,buy
SPY,1736941747324,399.96,14,sell
NVDA,1736941747613,502.72,98,buy
AAPL,1736941749349,150.67,73,buy
MSFT,1736941749740,298.55,19,buy
TSLA,1736941750573,198.49,27,sell
SPY,1736941753122,399.97,12,buy
NVDA,1736941754728,503.98,84,buy
SPY,1736941754801,399.41,30,sell
MSFT,1736941755864,297.58,13,buy
AAPL,1736941758305,151.95,57,sell
TSLA,1736941758502,198.0,49,sell
NVDA,1736941758616,499.46,81,buy
TSLA,1736941759192,199.68,66,sell
NVDA,1736941759579,499.76,78,buy
TSLA,1736941760320,198.97,83,buy
MSFT,1736941760704,297.78,66,sell
MSFT,1736941761153,303.0,100,sell
NVDA,1736941761509,501.23,97,sell
SPY,1736941761834,400.1,15,buy
SPY,1736941762025,398.9,7,sell
MSFT,1736941762492,297.7,43,sell
NVDA,1736941762921,501.57,62,sell
TSLA,1736941763356,195.39,48,sell
SPY,1736941764160,400.65,51,buy
AAPL,1736941764532,151.28,53,sell
MSFT,1736941764943,302.03,62,sell
AAPL,1736941765388,152.74,38,sell
NVDA,1736941765923,502.87,86,buy
NVDA,1736941766621,499.59,44,sell
TSLA,1736941768900,198.28,81,buy
NVDA,1736941769467,500.71,59,sell
NVDA,1736941769623,499.55,26,buy
TSLA,1736941769931,198.52,89,buy
NVDA,1736941771014,499.3,24,sell
SPY,1736941771769,399.63,88,sell
SPY,1736941772104,401.57,4,sell
MSFT,1736941772986,300.25,29,sell
MSFT,1736941773131,301.73,92,buy
AAPL,1736941773898,151.91,15,buy
NVDA,1736941774224,500.15,22,sell
TSLA,1736941774813,198.99,48,buy
MSFT,1736941775058,297.53,71,sell
SPY,1736941775705,401.11,60,sell
MSFT,1736941776445,297.4,96,sell
MSFT,1736941776630,299.36,83,sell
AAPL,1736941776926,152.66,54,sell
SPY,1736941777020,399.56,9,buy
SPY,1736941778003,398.94,12,buy
TSLA,1736941778140,196.89,43,buy
SPY,1736941778824,399.0,72,buy
TSLA,1736941781089,197.87,36,buy
MSFT,1736941781222,299.2,31,sell
SPY,1736941781398,399.71,10,sell
NVDA,1736941781796,500.82,98,sell
MSFT,1736941782180,301.51,21,sell
NVDA,1736941782882,503.52,20,buy
AAPL,1736941782957,150.23,12,buy
SPY,1736941783278,400.85,27,sell
MSFT,1736941785202,298.85,41,buy
TSLA,1736941785352,194.64,22,sell
NVDA,1736941785938,502.09,12,sell
MSFT,1736941790053,300.22,70,buy
MSFT,1736941790312,301.31,28,sell
AAPL,1736941790867,151.93,12,buy
AAPL,1736941792823,152.9,34,sell
MSFT,1736941792904,301.23,10,sell
TSLA,1736941794314,195.25,62,sell
AAPL,1736941794915,149.89,88,sell
AAPL,1736941797022,150.03,29,sell
MSFT,1736941799717,298.64,85,sell
TSLA,1736941800411,197.94,24,buy
SPY,1736941800723,399.69,67,buy
MSFT,1736941800756,299.89,87,buy
NVDA,1736941801162,501.75,19,buy
SPY,1736941802166,401.02,48,buy
TSLA,1736941803021,199.23,6,buy
AAPL,1736941803658,152.5,45,sell
TSLA,1736941804498,198.69,71,buy
NVDA,1736941804544,500.44,93,sell
TSLA,1736941804674,198.59,55,sell
NVDA,1736941804919,502.75,89,buy
SPY,1736941805406,399.4,16,sell
SPY,1736941806201,399.45,33,sell
AAPL,1736941806268,149.86,70,buy
NVDA,1736941806888,503.25,35,sell
NVDA,1736941807949,500.34,6,buy
TSLA,1736941808631,194.84,84,buy
SPY,1736941808800,400.2,18,buy
TSLA,1736941810265,195.7,16,sell
SPY,1736941810354,400.38,93,buy
NVDA,1736941811231,500.11,43,buy
NVDA,1736941811500,500.63,98,sell
NVDA,1736941811972,500.63,67,sell
TSLA,1736941812120,197.27,99,buy
NVDA,1736941812933,500.59,57,sell
AAPL,1736941813700,150.87,61,buy
SPY,1736941814290,400.84,39,sell
TSLA,1736941814300,199.39,13,sell
AAPL,1736941814474,149.23,1,buy
MSFT,1736941815710,298.04,57,sell
TSLA,1736941815928,192.98,85,sell
SPY,1736941816882,399.53,58,sell
AAPL,1736941817229,149.56,70,buy
TSLA,1736941820511,198.59,3,sell
TSLA,1736941820938,195.25,76,buy
NVDA,1736941821716,499.25,10,buy
MSFT,1736941823562,303.04,53,sell
TSLA,1736941823635,196.9,42,sell
NVDA,1736941824108,503.62,50,sell
MSFT,1736941825393,298.87,89,sell
AAPL,1736941825467,151.09,29,sell
MSFT,1736941826145,297.21,39,buy
TSLA,1736941826605,195.28,34,buy
MSFT,1736941826614,299.25,39,sell
AAPL,1736941827280,152.03,73,buy
AAPL,1736941829078,150.1,92,sell
MSFT,1736941829462,303.24,32,sell
TSLA,1736941830127,198.05,48,buy
TSLA,1736941830515,198.5,86,sell
TSLA,1736941831590,198.12,91,buy
NVDA,1736941831618,502.32,65,buy
TSLA,1736941831892,197.63,6,sell
NVDA,1736941833240,500.86,48,sell
SPY,1736941833643,401.71,84,buy
MSFT,1736941834875,300.75,54,sell
MSFT,1736941835617,301.73,43,buy
NVDA,1736941837173,501.89,31,buy
TSLA,1736941837624,193.56,41,buy
AAPL,1736941840290,150.48,50,buy
MSFT,1736941841205,298.78,85,sell
SPY,1736941841253,399.94,47,buy
MSFT,1736941842009,297.12,63,sell
NVDA,1736941842159,501.74,40,buy
MSFT,1736941843305,297.48,9,sell
SPY,1736941843504,399.93,29,sell
AAPL,1736941844263,149.87,24,buy
AAPL,1736941844948,149.03,46,buy
SPY,1736941846224,398.91,7,sell
SPY,1736941847821,400.18,33,buy
MSFT,1736941849091,301.18,92,sell
NVDA,1736941849206,499.42,93,sell
AAPL,1736941850128,151.53,59,buy
AAPL,1736941850288,151.67,82,sell
NVDA,1736941852152,498.8,23,buy
SPY,1736941852167,399.54,40,buy
SPY,1736941852219,400.64,88,sell
AAPL,1736941853783,150.84,33,buy
MSFT,1736941854208,297.53,17,buy
NVDA,1736941856304,502.49,58,buy
NVDA,1736941857323,504.07,12,buy
SPY,1736941857893,400.76,50,buy
MSFT,1736941858256,297.52,49,buy
AAPL,1736941859847,150.19,12,sell
MSFT,1736941860507,298.65,17,buy
MSFT,1736941860630,301.22,85,buy
MSFT,1736941860819,297.52,68,sell
MSFT,1736941862843,298.48,13,sell
TSLA,1736941863110,195.21,48,sell
NVDA,1736941863382,499.33,73,sell
NVDA,1736941863944,501.23,82,sell
MSFT,1736941865347,299.15,6,buy
SPY,1736941865496,400.92,54,buy
TSLA,1736941865810,194.13,15,buy
NVDA,1736941865928,500.16,74,buy
NVDA,1736941866569,501.29,75,buy
SPY,1736941867337,401.05,55,buy
SPY,1736941867382,399.16,76,buy
NVDA,1736941867795,501.69,7,buy
NVDA,1736941867926,500.09,30,buy
TSLA,1736941868434,197.57,41,buy
AAPL,1736941870030,151.55,75,buy
AAPL,1736941870398,149.27,77,buy
AAPL,1736941872404,151.51,69,sell
MSFT,1736941872571,298.73,4,sell
AAPL,1736941872859,150.01,58,buy
SPY,1736941872871,399.62,42,sell
MSFT,1736941874445,303.19,14,sell
NVDA,1736941874782,502.63,26,buy
TSLA,1736941874967,198.13,10,sell
AAPL,1736941875391,150.27,93,sell
AAPL,1736941875742,152.82,89,buy
NVDA,1736941875905,503.68,45,buy
TSLA,1736941876300,198.4,37,sell
MSFT,1736941877115,300.92,93,buy
NVDA,1736941877142,503.74,10,buy
AAPL,1736941877311,150.22,85,buy
MSFT,1736941878595,299.49,59,buy
NVDA,1736941878820,503.33,48,sell
AAPL,1736941880156,151.25,19,buy
NVDA,1736941880628,498.77,64,buy
MSFT,1736941880959,297.39,88,sell
SPY,1736941881585,399.86,10,buy
AAPL,1736941881756,152.25,91,sell
SPY,1736941882265,399.35,61,sell
TSLA,1736941882852,198.23,38,buy
MSFT,1736941885151,297.63,75,sell
TSLA,1736941885965,197.55,61,buy
NVDA,1736941886009,502.79,100,buy
NVDA,1736941886242,500.15,40,buy
SPY,1736941886459,399.88,46,sell
TSLA,1736941887037,198.41,41,buy
TSLA,1736941887184,200.39,31,sell
AAPL,1736941887769,152.03,79,sell
MSFT,1736941887809,302.2,61,sell
MSFT,1736941887877,298.32,21,sell
AAPL,1736941888000,149.92,84,sell
MSFT,1736941888408,301.63,73,buy
AAPL,1736941889800,150.33,57,buy
NVDA,1736941890895,503.36,46,sell
SPY,1736941891803,398.94,28,buy
MSFT,1736941892085,298.96,56,sell
AAPL,1736941892260,151.82,92,sell
NVDA,1736941893840,499.59,24,buy
SPY,1736941894495,399.81,91,buy
TSLA,1736941895458,197.59,14,buy
MSFT,1736941896198,299.14,12,sell
NVDA,1736941896687,499.95,17,buy
SPY,1736941897134,399.85,25,buy
MSFT,1736941898491,300.27,48,sell
NVDA,1736941898539,503.56,90,buy
SPY,1736941900978,399.05,94,buy
AAPL,1736941902845,152.64,65,buy
SPY,1736941903265,399.18,37,sell
MSFT,1736941904741,297.78,96,buy
TSLA,1736941905975,197.46,41,sell
MSFT,1736941906002,300.01,93,buy
AAPL,1736941906924,150.44,9,buy
TSLA,1736941908447,197.62,84,sell
NVDA,1736941911546,500.38,85,sell
TSLA,1736941911671,195.36,43,buy
NVDA,1736941911896,502.1,79,buy
MSFT,1736941914206,297.3,37,sell
SPY,1736941914716,399.41,85,sell
AAPL,1736941917331,150.86,75,sell
TSLA,1736941917360,193.2,38,buy
AAPL,1736941918077,150.0,90,sell
NVDA,1736941918430,503.33,33,sell
SPY,1736941918961,400.97,100,sell
NVDA,1736941919232,499.49,79,buy
TSLA,1736941920923,195.05,74,buy
MSFT,1736941921638,299.3,82,buy
SPY,1736941921685,399.49,67,buy
TSLA,1736941921697,196.94,90,sell
AAPL,1736941922921,150.32,93,sell
TSLA,1736941923076,198.3,2,buy
NVDA,1736941923426,502.74,30,sell
MSFT,1736941923479,298.76,92,sell
TSLA,1736941924333,196.38,89,sell
AAPL,1736941925815,150.01,53,buy
AAPL,1736941926141,150.29,77,buy
NVDA,1736941927068,501.18,23,buy
SPY,1736941928674,399.55,13,sell
SPY,1736941928732,400.62,43,buy
SPY,1736941928891,400.34,27,buy
NVDA,1736941929072,498.69,98,sell
MSFT,1736941929614,300.41,79,buy
SPY,1736941929952,399.59,61,buy
MSFT,1736941929988,303.04,52,sell
TSLA,1736941930256,193.93,36,buy
MSFT,1736941931131,297.17,98,sell
AAPL,1736941931289,151.68,12,sell
NVDA,1736941932602,498.99,83,buy
MSFT,1736941933984,301.01,45,sell
TSLA,1736941934160,194.69,90,sell
AAPL,1736941935381,150.33,34,sell
NVDA,1736941936169,501.35,32,sell
AAPL,1736941937479,149.32,83,sell
AAPL,1736941938905,151.93,100,sell
TSLA,1736941940268,194.53,58,sell
SPY,1736941940336,400.66,40,sell
AAPL,1736941940444,151.57,10,buy
AAPL,1736941941653,151.91,53,buy
AAPL,1736941941741,153.05,36,buy
TSLA,1736941943910,194.91,9,buy
MSFT,1736941943945,296.93,1,sell
MSFT,1736941944806,298.32,78,sell
TSLA,1736941945223,193.81,96,sell
MSFT,1736941946202,296.94,25,buy
MSFT,1736941946346,299.07,91,sell
AAPL,1736941946968,150.19,25,sell
NVDA,1736941948584,500.44,55,sell
NVDA,1736941948713,499.96,64,sell
NVDA,1736941948913,499.64,13,buy
AAPL,1736941950576,152.5,80,sell
TSLA,1736941950785,198.43,77,sell
AAPL,1736941951046,152.62,97,sell
NVDA,1736941951426,500.85,79,buy
SPY,1736941951861,401.22,69,buy
SPY,1736941952099,400.06,10,sell
SPY,1736941952452,399.6,33,buy
SPY,1736941952549,401.2,69,sell
MSFT,1736941954529,299.7,89,sell
AAPL,1736941954896,152.99,3,sell
SPY,1736941955407,401.62,32,sell
NVDA,1736941955658,499.91,39,sell
NVDA,1736941956804,503.55,4,sell
SPY,1736941957657,400.44,34,sell
AAPL,1736941958733,150.95,37,buy
SPY,1736941958869,400.34,61,buy
MSFT,1736941958902,300.09,76,buy
SPY,1736941962413,399.99,64,sell
SPY,1736941963040,401.27,16,buy
TSLA,1736941963285,200.09,53,sell
NVDA,1736941965761,498.75,69,sell
AAPL,1736941966341,151.48,53,sell
NVDA,1736941966450,500.34,31,sell
NVDA,1736941966514,501.15,20,sell
AAPL,1736941966960,151.65,66,buy
MSFT,1736941967353,296.81,59,buy
AAPL,1736941968260,152.72,33,buy
SPY,1736941968410,399.92,76,sell
MSFT,1736941968519,296.72,24,sell
NVDA,1736941969076,501.73,33,buy
AAPL,1736941969630,152.01,75,sell
MSFT,1736941970085,297.43,76,buy
AAPL,1736941970653,152.3,27,buy
MSFT,1736941970958,299.44,78,sell
SPY,1736941973198,399.5,38,buy
MSFT,1736941974285,303.06,63,buy
NVDA,1736941975272,501.16,56,buy
NVDA,1736941977258,501.4,61,sell
NVDA,1736941977524,498.59,1,sell
MSFT,1736941977841,298.6,40,sell
TSLA,1736941977868,197.46,11,sell
TSLA,1736941978165,195.57,15,buy
TSLA,1736941978173,199.38,42,buy
TSLA,1736941978901,197.55,88,sell
SPY,1736941979327,398.91,52,buy
SPY,1736941979497,400.23,50,buy
SPY,1736941979889,400.82,72,sell
AAPL,1736941979916,152.93,57,buy
NVDA,1736941980167,503.12,23,sell
NVDA,1736941980589,499.68,74,sell
AAPL,1736941984136,152.4,60,buy
TSLA,1736941984254,195.48,86,buy
MSFT,1736941984256,301.03,32,sell
SPY,1736941984697,401.33,30,buy
MSFT,1736941984998,300.34,17,buy
MSFT,1736941986676,301.7,98,sell
MSFT,1736941986835,302.41,38,sell
NVDA,1736941986859,500.95,4,buy
NVDA,1736941987224,499.06,8,sell
TSLA,1736941988202,193.8,74,buy
TSLA,1736941988356,193.07,88,buy
TSLA,1736941990251,197.04,10,buy
MSFT,1736941990487,300.68,91,sell
AAPL,1736941990640,152.96,41,sell
AAPL,1736941991615,151.61,81,buy
SPY,1736941992219,401.25,85,buy
TSLA,1736941992608,195.29,39,sell
MSFT,1736941994423,301.51,14,buy
MSFT,1736941995010,299.19,52,sell
SPY,1736941995921,398.77,79,sell
NVDA,1736941997605,498.62,2,buy
TSLA,1736941998050,199.22,36,sell
AAPL,1736941999385,150.04,3,buy
AAPL,1736942000000,151.94,63,sell
SPY,1736942000256,399.07,76,buy
TSLA,1736942001146,198.77,22,sell
TSLA,1736942001502,198.78,14,sell
NVDA,1736942001796,501.98,7,sell
NVDA,1736942002268,502.92,78,buy
TSLA,1736942002685,199.79,26,sell
MSFT,1736942003889,297.69,20,buy
NVDA,1736942004000,501.19,65,buy
TSLA,1736942004034,197.9,21,buy
NVDA,1736942004314,500.8,3,sell
SPY,1736942004623,400.36,30,sell
TSLA,1736942005057,198.14,32,sell
AAPL,1736942005917,151.86,55,sell
SPY,1736942006576,399.52,80,buy
SPY,1736942008321,400.69,99,buy
NVDA,1736942009216,501.77,35,buy
NVDA,1736942009349,503.25,84,buy
AAPL,1736942010292,151.41,75,buy
MSFT,1736942010330,301.46,71,sell
TSLA,1736942010445,195.44,10,buy
SPY,1736942011249,401.6,9,sell
SPY,1736942011857,399.55,84,buy
AAPL,1736942011987,151.84,29,sell
NVDA,1736942012403,500.48,16,buy
NVDA,1736942012911,503.73,96,sell
AAPL,1736942014460,151.92,46,buy
SPY,1736942014740,400.09,43,sell
AAPL,1736942015931,150.56,53,sell
NVDA,1736942016311,502.27,21,buy
NVDA,1736942016790,498.97,100,buy
AAPL,1736942018425,153.16,94,buy
MSFT,1736942018817,301.45,5,buy
TSLA,1736942019870,199.46,69,sell
TSLA,1736942020227,195.11,10,buy
SPY,1736942020242,398.73,29,buy
TSLA,1736942020867,195.21,11,sell
NVDA,1736942023288,498.89,61,sell
MSFT,1736942023495,302.99,89,sell
MSFT,1736942024854,297.14,28,sell
NVDA,1736942024875,499.73,81,sell
SPY,1736942025086,399.54,96,sell
NVDA,1736942025530,501.96,43,buy
NVDA,1736942026339,503.95,74,sell
NVDA,1736942028509,499.16,76,buy
NVDA,1736942028777,501.87,45,sell
NVDA,1736942029958,500.39,56,buy
NVDA,1736942030227,501.94,11,sell
TSLA,1736942031067,199.9,46,buy
AAPL,1736942031574,151.78,10,buy
TSLA,1736942034185,196.31,56,sell
MSFT,1736942034424,303.05,62,sell
NVDA,1736942034950,499.27,30,buy
TSLA,1736942035685,194.81,80,buy
TSLA,1736942035719,193.01,70,buy
AAPL,1736942035946,152.81,30,buy
TSLA,1736942036464,197.11,73,sell
SPY,1736942036491,399.23,86,buy
SPY,1736942037084,400.55,12,sell
SPY,1736942037594,400.7,100,sell
TSLA,1736942037743,194.47,6,buy
TSLA,1736942038069,194.05,60,buy
TSLA,1736942038812,193.2,45,buy
NVDA,1736942039632,501.95,26,buy
NVDA,1736942040147,500.17,46,buy
SPY,1736942040726,400.36,19,buy
MSFT,1736942041280,296.8,39,sell
SPY,1736942042421,400.22,27,sell
NVDA,1736942042747,499.58,99,sell
MSFT,1736942044231,299.84,33,buy
AAPL,1736942044757,151.59,82,sell
SPY,1736942045094,399.76,74,buy
NVDA,1736942045541,504.02,5,sell
TSLA,1736942046207,198.75,88,sell
AAPL,1736942046495,152.58,4,sell
AAPL,1736942047421,152.01,80,buy
MSFT,1736942048549,299.03,41,buy
AAPL,1736942051130,150.68,94,sell
TSLA,1736942051744,195.54,21,sell
MSFT,1736942054400,300.08,29,sell
AAPL,1736942055513,149.87,76,buy
MSFT,1736942055564,297.23,98,sell
TSLA,1736942055896,198.66,10,sell
MSFT,1736942056316,297.44,98,sell
TSLA,1736942057296,195.41,71,sell
TSLA,1736942057529,194.09,41,buy
NVDA,1736942059352,503.77,48,buy
SPY,1736942059734,400.05,23,buy
SPY,1736942059885,400.4,34,sell
AAPL,1736942061380,150.93,93,buy
NVDA,1736942061943,498.77,66,buy
TSLA,1736942062015,195.37,64,sell
TSLA,1736942062706,198.78,83,buy
SPY,1736942062931,401.0,79,sell
AAPL,1736942063795,150.38,32,sell
TSLA,1736942064836,195.09,22,sell
AAPL,1736942065223,151.74,86,buy
AAPL,1736942065471,153.03,7,sell
AAPL,1736942066743,151.71,10,sell
AAPL,1736942066963,151.92,67,sell
MSFT,1736942067373,297.42,15,sell
AAPL,1736942068584,150.13,70,sell
MSFT,1736942069632,301.13,99,buy
MSFT,1736942070331,299.23,60,sell
TSLA,1736942070973,197.75,8,sell
NVDA,1736942071208,499.29,70,buy
AAPL,1736942075360,149.77,75,buy
SPY,1736942075461,399.11,80,sell
NVDA,1736942075843,502.67,21,buy
NVDA,1736942076461,499.24,94,buy
MSFT,1736942078039,297.61,51,sell
MSFT,1736942078148,303.31,93,sell
AAPL,1736942078435,152.8,74,sell
NVDA,1736942078509,502.94,2,buy
TSLA,1736942079228,194.82,46,buy
AAPL,1736942079797,151.66,14,sell
TSLA,1736942080862,193.42,84,buy
NVDA,1736942081029,501.44,15,sell
SPY,1736942081533,400.51,74,buy
TSLA,1736942081738,195.47,26,buy
MSFT,1736942082867,299.22,12,sell
MSFT,1736942083749,299.13,75,sell
NVDA,1736942084664,503.2,95,buy
SPY,1736942086811,399.94,72,buy
TSLA,1736942086979,197.58,59,sell
MSFT,1736942089157,301.55,20,sell
MSFT,1736942089465,298.09,87,sell
SPY,1736942089516,399.26,55,sell
TSLA,1736942090252,194.14,75,buy
NVDA,1736942092196,500.5,11,sell
SPY,1736942092989,400.32,3,sell
TSLA,1736942093190,198.22,27,buy
NVDA,1736942094463,499.4,80,sell
AAPL,1736942094496,149.97,70,sell
MSFT,1736942095148,300.05,53,buy
AAPL,1736942095771,149.46,97,buy
NVDA,1736942096542,501.32,43,buy
AAPL,1736942097274,150.54,59,sell
AAPL,1736942097713,150.26,100,buy
TSLA,1736942098610,194.87,19,buy
TSLA,1736942098868,197.9,89,buy
MSFT,1736942098916,301.33,86,sell
TSLA,1736942099554,195.49,78,sell
AAPL,1736942099649,149.7,43,buy
AAPL,1736942100165,152.03,84,buy
TSLA,1736942101572,195.19,87,buy
MSFT,1736942102245,298.45,74,sell
SPY,1736942102504,401.04,4,sell
MSFT,1736942102612,297.59,30,sell
AAPL,1736942103117,150.79,78,sell
AAPL,1736942103699,150.16,83,buy
AAPL,1736942106214,151.78,68,sell
MSFT,1736942107517,297.17,13,sell
AAPL,1736942108020,153.57,86,buy
SPY,1736942108095,401.72,38,buy
MSFT,1736942108145,300.08,33,buy
MSFT,1736942108400,301.97,77,buy
SPY,1736942108412,400.75,93,sell
TSLA,1736942108885,196.35,30,sell
NVDA,1736942109005,500.55,69,buy
SPY,1736942109422,400.23,52,sell
SPY,1736942109839,399.08,48,buy
TSLA,1736942109926,198.06,1,sell
TSLA,1736942110656,195.11,82,buy
NVDA,1736942111710,499.39,51,sell
NVDA,1736942112225,501.36,3,buy
NVDA,1736942112268,501.6,40,buy
AAPL,1736942112433,152.87,89,sell
NVDA,1736942113733,501.48,31,sell
MSFT,1736942113970,297.87,5,buy
NVDA,1736942114656,502.37,40,sell
NVDA,1736942114780,501.55,90,sell
AAPL,1736942114793,149.32,1,buy
SPY,1736942114801,400.14,72,buy
TSLA,1736942115459,195.53,57,sell
NVDA,1736942115953,499.29,36,buy
SPY,1736942116892,399.72,77,buy
NVDA,1736942117180,499.42,31,sell
AAPL,1736942118322,152.33,33,buy
MSFT,1736942121074,300.17,72,buy
MSFT,1736942123183,298.3,25,buy
NVDA,1736942124140,499.71,72,buy
SPY,1736942124626,400.88,8,sell
TSLA,1736942125423,195.5,86,buy
SPY,1736942126312,399.37,68,buy
MSFT,1736942129846,299.12,50,sell
AAPL,1736942130875,153.21,81,buy
SPY,1736942133378,399.11,75,sell
MSFT,1736942133773,301.35,82,sell
AAPL,1736942134326,149.08,50,sell
AAPL,1736942134621,151.96,67,buy
TSLA,1736942135441,195.19,57,buy
TSLA,1736942135486,199.09,93,buy
SPY,1736942136487,400.16,86,buy
TSLA,1736942136841,198.53,52,buy
NVDA,1736942137303,501.31,84,sell
AAPL,1736942137996,152.85,9,buy
AAPL,1736942138388,149.3,90,buy
MSFT,1736942138579,297.6,37,buy
NVDA,1736942139632,501.53,38,buy
TSLA,1736942139635,195.41,7,sell
MSFT,1736942142117,298.4,45,sell
TSLA,1736942142766,199.92,51,buy
MSFT,1736942143712,300.89,2,sell
AAPL,1736942144543,151.22,26,buy
NVDA,1736942144576,500.31,24,sell
SPY,1736942145219,400.68,22,buy
TSLA,1736942145929,199.28,27,sell
TSLA,1736942145976,195.19,36,buy
SPY,1736942147134,399.01,45,sell
MSFT,1736942150037,298.9,15,sell
TSLA,1736942153772,195.03,46,sell
SPY,1736942154397,399.73,23,buy
SPY,1736942154878,399.5,93,sell
NVDA,1736942155556,501.3,98,sell
SPY,1736942155640,399.29,97,buy
TSLA,1736942156014,194.0,71,sell
AAPL,1736942156083,151.69,29,sell
TSLA,1736942156147,196.49,45,sell
TSLA,1736942156722,198.78,57,sell
AAPL,1736942157006,150.47,78,buy
AAPL,1736942157448,150.28,8,sell
AAPL,1736942158289,150.39,48,buy
TSLA,1736942158863,198.94,89,buy
SPY,1736942161251,400.46,1,buy
SPY,1736942161574,400.29,35,sell
MSFT,1736942162249,297.0,1,sell
AAPL,1736942164345,151.95,67,sell
SPY,1736942164868,400.99,26,buy
SPY,1736942164930,400.24,36,buy
AAPL,1736942165011,152.07,5,buy
SPY,1736942165341,400.62,90,sell
MSFT,1736942166229,296.9,21,sell
SPY,1736942166294,399.88,72,sell
TSLA,1736942168006,199.64,41,sell
TSLA,1736942168466,194.94,15,buy
NVDA,1736942169005,500.53,93,buy
NVDA,1736942169168,501.95,44,buy
SPY,1736942169356,399.32,1,buy
NVDA,1736942171140,499.71,49,sell
SPY,1736942171555,399.74,15,sell
MSFT,1736942172373,301.52,14,sell
MSFT,1736942172799,299.51,2,buy
SPY,1736942174508,398.94,48,sell
AAPL,1736942174516,152.32,92,sell
SPY,1736942174826,399.22,27,buy
NVDA,1736942175888,503.34,59,buy
AAPL,1736942177026,149.91,3,sell
NVDA,1736942177485,500.43,27,sell
SPY,1736942177899,401.2,3,sell
NVDA,1736942178553,499.16,82,buy
MSFT,1736942179315,299.13,80,buy
SPY,1736942180398,399.74,89,sell
NVDA,1736942181130,499.49,71,buy
NVDA,1736942181521,500.18,50,buy
SPY,1736942182779,399.47,51,buy
TSLA,1736942183886,195.12,66,buy
SPY,1736942184073,401.71,21,buy
SPY,1736942184900,401.13,73,sell
SPY,1736942185783,400.94,45,sell
TSLA,1736942185811,200.03,84,buy
SPY,1736942187075,400.92,79,buy
TSLA,1736942187374,198.44,29,sell
AAPL,1736942188660,150.84,41,buy
AAPL,1736942188854,150.28,12,buy
NVDA,1736942189315,498.96,92,sell
TSLA,1736942190637,198.0,47,buy
SPY,1736942191011,399.33,72,buy
TSLA,1736942191431,195.72,7,buy
AAPL,1736942191561,152.68,26,buy
TSLA,1736942192070,199.06,57,buy
NVDA,1736942192437,501.32,67,sell
NVDA,1736942192517,499.81,69,buy
NVDA,1736942193642,500.07,43,buy
MSFT,1736942193930,298.96,53,buy
AAPL,1736942195470,149.08,56,sell
TSLA,1736942196192,198.58,81,buy
AAPL,1736942197753,151.66,25,buy
NVDA,1736942197938,500.77,41,buy
MSFT,1736942198004,299.17,34,sell
NVDA,1736942198271,501.68,26,buy
MSFT,1736942198670,298.47,22,buy
SPY,1736942198814,399.65,18,sell
MSFT,1736942198853,300.66,80,sell
NVDA,1736942199803,501.7,9,buy
TSLA,1736942199973,195.11,11,sell
AAPL,1736942200429,151.06,38,sell
TSLA,1736942200824,199.48,23,buy
MSFT,1736942201028,297.24,35,buy
AAPL,1736942201451,152.08,16,sell
AAPL,1736942202600,149.44,23,sell
AAPL,1736942203139,150.86,4,buy
AAPL,1736942204441,151.96,71,buy
AAPL,1736942204564,152.62,21,sell
AAPL,1736942205654,151.78,62,sell
TSLA,1736942205973,195.42,24,sell
MSFT,1736942206366,299.72,76,buy
SPY,1736942206985,400.46,77,buy
AAPL,1736942207729,149.94,58,buy
MSFT,1736942207910,297.43,23,buy
SPY,1736942209666,398.98,91,sell
SPY,1736942210151,400.34,69,sell
MSFT,1736942212054,297.5,10,sell
MSFT,1736942212531,298.91,98,buy
MSFT,1736942213083,299.01,73,buy
MSFT,1736942216022,300.13,71,sell
MSFT,1736942217442,298.85,64,sell
SPY,1736942218967,399.63,54,buy
AAPL,1736942219147,152.07,51,buy
AAPL,1736942219739,150.35,24,sell
NVDA,1736942219862,501.39,26,buy
TSLA,1736942222850,195.44,67,sell
AAPL,1736942223082,151.37,64,buy
AAPL,1736942224058,151.73,38,sell
NVDA,1736942224181,502.65,94,buy
NVDA,1736942224438,501.85,34,sell
MSFT,1736942226479,298.72,8,sell
AAPL,1736942227171,152.43,55,buy
NVDA,1736942227770,501.59,79,sell
NVDA,1736942228203,499.44,79,sell
AAPL,1736942228678,149.43,23,sell
SPY,1736942229397,399.31,57,buy
MSFT,1736942229564,297.35,80,sell
AAPL,1736942232390,149.37,87,buy
TSLA,1736942232959,195.6,21,buy
TSLA,1736942233552,199.96,31,sell
MSFT,1736942235086,301.51,31,sell
SPY,1736942235603,401.36,68,sell
TSLA,1736942235609,195.08,8,buy
NVDA,1736942236324,500.24,1,buy
SPY,1736942236792,399.74,66,sell
TSLA,1736942236840,194.53,86,buy
SPY,1736942237366,400.29,75,sell
AAPL,1736942237422,150.07,72,sell
MSFT,1736942237438,301.47,98,sell
MSFT,1736942237979,302.69,76,buy
NVDA,1736942239310,503.7,55,sell
TSLA,1736942239706,200.02,34,buy
TSLA,1736942240670,198.65,68,sell
SPY,1736942241161,399.71,53,sell
AAPL,1736942241197,152.57,17,sell
NVDA,1736942242642,501.09,93,buy
SPY,1736942243664,400.73,66,buy
MSFT,1736942246708,302.95,52,sell
AAPL,1736942248953,151.37,80,buy
SPY,1736942249063,399.37,46,sell
TSLA,1736942249610,194.59,56,sell
TSLA,1736942250116,199.46,92,sell
AAPL,1736942250280,151.81,48,buy
MSFT,1736942250393,301.44,87,sell
AAPL,1736942253120,152.76,98,sell
SPY,1736942253469,399.79,35,sell
SPY,1736942254726,399.32,86,buy
MSFT,1736942255905,301.63,23,buy
MSFT,1736942255915,299.25,61,buy
NVDA,1736942256033,499.58,29,sell
TSLA,1736942257221,197.67,2,buy
NVDA,1736942257261,499.36,4,sell
MSFT,1736942257308,301.02,2,buy
NVDA,1736942257471,502.72,44,buy
TSLA,1736942257775,195.7,59,sell
AAPL,1736942258649,150.27,13,buy
AAPL,1736942259430,152.0,55,sell
SPY,1736942260571,400.91,53,buy
AAPL,1736942261528,151.23,99,sell
SPY,1736942261811,401.31,21,sell
AAPL,1736942262681,152.75,65,buy
TSLA,1736942265345,194.41,87,sell
NVDA,1736942265629,502.91,81,sell
SPY,1736942265945,400.86,31,buy
SPY,1736942266290,399.94,2,buy
TSLA,1736942266892,198.76,70,sell
NVDA,1736942267998,499.74,82,sell
NVDA,1736942268691,503.3,63,sell
MSFT,1736942268739,301.99,62,buy
MSFT,1736942269150,297.17,64,sell
MSFT,1736942269882,301.31,18,buy
SPY,1736942269939,399.61,42,buy
MSFT,1736942271388,302.48,49,sell
SPY,1736942271561,401.19,70,sell
NVDA,1736942273192,500.66,71,buy
AAPL,1736942273401,150.4,82,sell
TSLA,1736942273455,195.57,43,sell
TSLA,1736942273678,195.33,65,buy
NVDA,1736942275046,499.03,2,sell
NVDA,1736942275576,501.65,51,sell
NVDA,1736942275744,501.67,28,sell
TSLA,1736942276347,195.52,67,buy
TSLA,1736942278584,195.09,77,buy
SPY,1736942278661,400.63,26,sell
NVDA,1736942278894,499.16,76,buy
SPY,1736942279786,399.01,50,sell
NVDA,1736942280208,502.07,11,sell
AAPL,1736942280659,152.33,78,sell
SPY,1736942280700,399.94,25,sell
AAPL,1736942282061,152.05,12,sell
AAPL,1736942282180,152.27,59,buy
TSLA,1736942282883,195.36,44,buy
NVDA,1736942283551,503.6,41,sell
SPY,1736942283682,401.55,20,buy
TSLA,1736942283924,196.96,83,sell
MSFT,1736942283989,299.02,44,buy
TSLA,1736942284759,196.08,2,sell
MSFT,1736942285039,298.61,38,buy
SPY,1736942286638,399.14,34,sell
AAPL,1736942286706,150.29,89,buy
TSLA,1736942286832,195.19,91,buy
MSFT,1736942288148,298.83,66,buy
NVDA,1736942288331,499.65,29,buy
NVDA,1736942288810,498.62,44,sell
NVDA,1736942289241,500.28,17,sell
NVDA,1736942289607,501.33,75,buy
TSLA,1736942289909,198.42,94,sell
AAPL,1736942290361,153.05,4,sell
AAPL,1736942290432,152.04,22,buy
SPY,1736942290505,400.3,14,sell
NVDA,1736942291727,501.15,41,buy
NVDA,1736942292904,502.31,1,sell
MSFT,1736942294238,303.12,47,buy
SPY,1736942296324,399.05,100,buy
SPY,1736942298210,399.56,81,buy
NVDA,1736942299193,504.01,85,buy
NVDA,1736942299348,500.34,30,sell
SPY,1736942299840,401.4,18,buy
SPY,1736942300430,399.64,3,sell
TSLA,1736942303647,195.31,64,sell
SPY,1736942303933,399.95,70,sell
NVDA,1736942304841,502.62,63,sell
NVDA,1736942305217,501.26,68,sell
MSFT,1736942305773,299.0,67,buy
MSFT,1736942307016,297.71,95,buy
MSFT,1736942307346,296.82,40,buy
AAPL,1736942308239,151.16,43,buy
MSFT,1736942311881,297.49,95,sell
TSLA,1736942312885,198.77,5,sell
NVDA,1736942314282,499.04,50,sell
TSLA,1736942314371,195.29,14,sell
NVDA,1736942314817,499.56,21,sell
SPY,1736942314818,399.4,26,buy
SPY,1736942315027,401.22,67,sell
AAPL,1736942315794,152.82,26,buy
MSFT,1736942315917,300.94,75,sell
MSFT,1736942315967,297.0,17,sell
SPY,1736942316836,401.3,25,buy
SPY,1736942317218,400.75,78,sell
NVDA,1736942318327,501.27,65,buy
SPY,1736942318637,400.2,69,sell
NVDA,1736942319018,500.35,89,sell
MSFT,1736942319099,297.44,62,buy
NVDA,1736942319558,498.94,39,sell
AAPL,1736942321578,152.04,62,sell
TSLA,1736942321955,198.72,17,sell
TSLA,1736942322091,195.62,7,buy
AAPL,1736942322422,150.23,76,buy
SPY,1736942325713,399.76,97,buy
NVDA,1736942325959,503.61,54,sell
MSFT,1736942329788,299.01,3,sell
MSFT,1736942330468,297.13,15,sell
TSLA,1736942331729,197.89,24,sell
TSLA,1736942332095,198.79,14,buy
AAPL,1736942332935,152.41,9,sell
AAPL,1736942334655,150.2,66,buy
SPY,1736942335784,400.94,11,buy
AAPL,1736942336493,151.31,49,buy
NVDA,1736942336688,500.47,66,sell
TSLA,1736942337345,200.08,70,buy
SPY,1736942337499,400.28,95,sell
SPY,1736942338310,399.34,34,buy
MSFT,1736942342151,301.05,46,buy
MSFT,1736942342558,298.65,58,sell
SPY,1736942343095,399.28,13,buy
NVDA,1736942343110,503.77,62,buy
MSFT,1736942343235,302.62,79,sell
SPY,1736942343817,400.15,44,sell
TSLA,1736942345212,193.5,30,buy
MSFT,1736942345618,300.0,74,buy
AAPL,1736942346216,152.89,33,sell
TSLA,1736942346255,199.08,32,buy
MSFT,1736942347193,301.43,61,sell
TSLA,1736942348160,199.15,94,buy
SPY,1736942348903,399.41,47,sell
NVDA,1736942348999,498.73,14,sell
MSFT,1736942350029,296.76,32,buy
AAPL,1736942350094,149.23,76,buy
NVDA,1736942350136,500.79,92,buy
MSFT,1736942352226,299.13,67,sell
AAPL,1736942352467,151.9,14,buy
TSLA,1736942352783,198.97,96,buy
AAPL,1736942353645,150.12,8,buy
TSLA,1736942353830,194.84,52,buy
MSFT,1736942354943,299.07,91,sell
MSFT,1736942355090,297.51,13,sell
AAPL,1736942356166,150.45,12,sell
AAPL,1736942356271,151.83,45,sell
MSFT,1736942356282,303.15,91,buy
TSLA,1736942356940,195.43,23,sell
AAPL,1736942357303,151.89,46,sell
TSLA,1736942357914,197.46,9,buy
NVDA,1736942358176,498.93,49,sell
TSLA,1736942359194,195.51,44,buy
NVDA,1736942359418,500.86,64,buy
TSLA,1736942360942,195.46,95,buy
MSFT,1736942361668,303.07,90,sell
MSFT,1736942362100,302.9,88,sell
TSLA,1736942362614,194.41,54,buy
SPY,1736942363292,400.63,33,buy
NVDA,1736942363642,501.66,29,sell
SPY,1736942364116,401.71,37,sell
AAPL,1736942364420,152.18,33,buy
MSFT,1736942365170,302.96,83,buy
MSFT,1736942366145,298.09,43,buy
TSLA,1736942366369,194.74,11,sell
NVDA,1736942367476,500.09,69,buy
SPY,1736942367923,400.61,29,sell
NVDA,1736942368543,503.4,54,sell
MSFT,1736942368945,298.21,81,sell
AAPL,1736942372007,152.63,70,sell
AAPL,1736942373145,150.03,14,buy
SPY,1736942374135,399.66,90,buy
NVDA,1736942374478,499.42,99,sell
SPY,1736942374834,399.82,14,sell
MSFT,1736942375564,296.86,17,buy
SPY,1736942375583,399.39,39,buy
AAPL,1736942375693,152.23,16,buy
SPY,1736942376146,400.61,31,buy
AAPL,1736942378319,152.27,13,sell
AAPL,1736942380672,149.34,67,sell
TSLA,1736942381904,195.46,82,sell
AAPL,1736942382157,152.61,57,buy
NVDA,1736942383509,499.67,90,sell
SPY,1736942383810,399.67,98,sell
NVDA,1736942385040,502.36,81,buy
AAPL,1736942387380,151.32,100,buy
AAPL,1736942389195,152.48,88,sell
AAPL,1736942391294,149.33,83,buy
AAPL,1736942395193,150.79,5,buy
NVDA,1736942395289,500.51,46,buy
TSLA,1736942395570,198.4,6,sell
AAPL,1736942395573,149.69,37,sell
NVDA,1736942395979,499.7,4,buy
MSFT,1736942396059,299.06,54,buy
AAPL,1736942396279,149.99,70,buy
AAPL,1736942396492,149.68,52,sell
NVDA,1736942397588,503.86,94,sell
TSLA,1736942397608,199.02,57,buy
NVDA,1736942398348,500.59,66,sell
NVDA,1736942399823,500.88,58,sell
MSFT,1736942400206,300.25,2,buy
SPY,1736942400337,400.83,9,sell
NVDA,1736942400656,503.36,74,buy
AAPL,1736942400814,152.57,1,sell
TSLA,1736942401091,199.17,57,buy
NVDA,1736942401999,500.33,47,buy
MSFT,1736942402069,301.46,81,buy
SPY,1736942402742,399.44,2,sell
AAPL,1736942403713,149.77,73,sell
TSLA,1736942404836,199.36,48,sell
MSFT,1736942405151,296.86,63,sell
SPY,1736942405345,399.13,87,buy
TSLA,1736942405813,195.01,81,sell
AAPL,1736942406145,152.47,77,buy
AAPL,1736942409843,151.45,43,buy
AAPL,1736942410276,149.27,19,sell
NVDA,1736942410368,501.68,65,buy
AAPL,1736942413228,150.93,44,buy
TSLA,1736942413894,198.26,16,sell
TSLA,1736942414202,198.96,83,sell
TSLA,1736942414621,198.68,47,sell
NVDA,1736942415072,501.13,18,sell
MSFT,1736942415104,296.73,16,buy
NVDA,1736942415961,500.72,29,sell
NVDA,1736942416025,499.4,22,sell
TSLA,1736942416583,197.35,94,buy
NVDA,1736942417992,501.83,74,sell
NVDA,1736942418139,500.74,62,sell
AAPL,1736942419454,152.09,70,sell
SPY,1736942419616,399.47,60,buy
MSFT,1736942420096,301.55,75,sell
MSFT,1736942420355,300.03,79,sell
NVDA,1736942421487,503.55,74,sell
MSFT,1736942422483,297.65,23,buy
TSLA,1736942422691,199.95,18,sell
NVDA,1736942422943,502.7,96,buy
SPY,1736942424263,400.67,76,sell
NVDA,1736942424707,500.69,58,sell
MSFT,1736942425436,297.33,77,buy
MSFT,1736942426059,301.04,46,buy
NVDA,1736942426948,501.3,14,sell
SPY,1736942427057,399.31,35,buy
TSLA,1736942427176,198.87,19,sell
TSLA,1736942427440,198.68,48,sell
NVDA,1736942427552,501.87,59,sell
AAPL,1736942427816,149.55,34,buy
NVDA,1736942428249,499.52,53,sell
TSLA,1736942428325,198.45,54,sell
TSLA,1736942429200,200.05,18,buy
TSLA,1736942429449,194.25,53,sell
SPY,1736942430319,401.71,24,buy
NVDA,1736942430689,502.68,13,sell
TSLA,1736942431694,199.07,47,buy
NVDA,1736942433790,501.59,93,buy
MSFT,1736942433892,296.9,75,sell
MSFT,1736942434176,297.03,38,sell
AAPL,1736942435030,150.49,39,buy
AAPL,1736942436184,151.38,53,buy
TSLA,1736942436742,198.56,9,buy
SPY,1736942437476,400.77,5,buy
MSFT,1736942440296,297.39,92,sell
SPY,1736942440584,399.54,79,buy
NVDA,1736942440779,503.39,71,buy
MSFT,1736942441292,300.57,46,sell
NVDA,1736942441298,500.35,82,buy
TSLA,1736942441829,195.48,72,sell
TSLA,1736942443131,195.02,37,buy
AAPL,1736942444177,151.6,95,buy
SPY,1736942444464,399.86,63,sell
TSLA,1736942444975,199.95,16,sell
TSLA,1736942445066,198.89,37,sell
MSFT,1736942445223,296.99,71,sell
NVDA,1736942445580,500.48,26,buy
SPY,1736942446122,399.83,30,sell
SPY,1736942446511,399.19,44,sell
NVDA,1736942446765,501.5,92,sell
SPY,1736942446867,399.95,61,buy
SPY,1736942447981,399.28,25,sell
TSLA,1736942448563,195.22,42,sell
SPY,1736942450735,399.78,22,buy
MSFT,1736942450803,296.98,1,buy
NVDA,1736942452068,500.44,92,sell
NVDA,1736942452723,499.43,85,sell
NVDA,1736942453264,499.06,35,sell
TSLA,1736942453500,195.44,64,sell
MSFT,1736942453957,297.64,54,buy
AAPL,1736942454250,152.58,49,buy
NVDA,1736942454799,503.27,53,sell
NVDA,1736942455190,501.35,59,sell
AAPL,1736942455450,152.52,74,buy
TSLA,1736942455965,193.2,14,sell
SPY,1736942457047,400.98,53,buy
NVDA,1736942457444,503.7,49,buy
MSFT,1736942457528,302.67,23,sell
AAPL,1736942457690,152.61,63,buy
TSLA,1736942457996,195.22,55,buy
SPY,1736942459408,399.83,46,buy
TSLA,1736942459478,197.63,24,sell
MSFT,1736942460865,297.32,12,sell
TSLA,1736942462120,194.94,11,buy
AAPL,1736942463153,151.87,77,buy
SPY,1736942464275,400.9,66,sell
NVDA,1736942464988,501.75,67,buy
NVDA,1736942465203,499.05,66,buy
MSFT,1736942465700,297.86,2,sell
TSLA,1736942467143,197.18,47,sell
AAPL,1736942467414,152.83,96,sell
SPY,1736942467877,400.06,25,sell
SPY,1736942468767,399.52,43,sell
AAPL,1736942469032,150.29,31,sell
NVDA,1736942471387,502.68,48,buy
NVDA,1736942472601,501.56,46,buy
SPY,1736942473353,399.72,43,sell
TSLA,1736942477165,195.33,87,sell
MSFT,1736942477695,298.98,91,buy
MSFT,1736942478159,300.68,5,buy
MSFT,1736942478812,298.5,18,buy
MSFT,1736942478925,300.24,91,buy
AAPL,1736942478961,150.25,34,sell
TSLA,1736942479597,195.4,77,buy
TSLA,1736942479640,194.53,49,sell
MSFT,1736942480138,297.01,63,sell
NVDA,1736942480464,501.16,55,sell
MSFT,1736942481146,302.73,16,sell
TSLA,1736942481654,198.18,74,sell
NVDA,1736942481741,502.08,14,buy
MSFT,1736942482799,301.69,17,buy
TSLA,1736942482915,199.23,40,sell
TSLA,1736942483569,193.62,54,sell
AAPL,1736942485303,151.82,58,buy
TSLA,1736942485902,195.13,44,buy
TSLA,1736942486912,195.44,39,buy
NVDA,1736942488167,503.74,6,sell
SPY,1736942488636,401.18,43,sell
MSFT,1736942488812,299.06,25,buy
MSFT,1736942490022,296.84,87,sell
AAPL,1736942490136,151.21,85,buy
NVDA,1736942491886,498.87,90,buy
SPY,1736942493325,398.75,82,sell
AAPL,1736942494800,150.4,5,sell
TSLA,1736942495223,195.53,70,sell
SPY,1736942496509,401.29,47,sell
MSFT,1736942496872,299.16,44,buy
AAPL,1736942497884,151.18,48,buy
TSLA,1736942498441,194.48,3,sell
AAPL,1736942498746,150.54,74,buy
MSFT,1736942498904,299.21,34,sell
MSFT,1736942499194,297.06,4,buy
SPY,1736942499314,400.07,42,sell
MSFT,1736942499458,297.55,53,sell
NVDA,1736942499671,502.03,100,buy
TSLA,1736942500817,195.38,35,buy
TSLA,1736942501068,196.94,4,sell
TSLA,1736942504181,199.2,19,buy
AAPL,1736942504246,150.35,83,buy
NVDA,1736942504476,500.22,98,sell
MSFT,1736942504979,297.57,83,sell
MSFT,1736942505409,300.23,12,sell
SPY,1736942506413,398.99,53,sell
AAPL,1736942506473,152.77,28,sell
AAPL,1736942507412,151.19,80,sell
MSFT,1736942508714,301.78,69,buy
SPY,1736942508813,400.77,44,buy
NVDA,1736942509346,501.67,71,sell
SPY,1736942510569,400.55,3,buy
TSLA,1736942510679,198.99,21,buy
MSFT,1736942511012,301.24,78,buy
MSFT,1736942511644,301.65,45,buy
SPY,1736942512305,399.62,41,buy
SPY,1736942513848,400.61,55,buy
NVDA,1736942514482,503.35,69,sell
SPY,1736942517127,398.67,54,sell
NVDA,1736942517264,500.81,37,buy
NVDA,1736942517856,500.39,11,sell
AAPL,1736942517896,150.11,10,sell
MSFT,1736942518959,302.12,93,sell
NVDA,1736942518995,500.65,46,buy
AAPL,1736942519436,150.18,45,sell
TSLA,1736942519447,198.48,17,buy
SPY,1736942519965,399.58,94,buy
AAPL,1736942521493,152.03,68,sell
MSFT,1736942522066,299.1,56,buy
MSFT,1736942522538,297.56,71,buy
NVDA,1736942522671,501.81,62,buy
AAPL,1736942523536,152.06,67,buy
NVDA,1736942523802,503.26,36,sell
MSFT,1736942524210,298.99,14,buy
AAPL,1736942524407,149.36,7,sell
MSFT,1736942525369,296.85,70,buy
NVDA,1736942526201,501.32,93,buy
NVDA,1736942526462,502.8,84,buy
TSLA,1736942526881,198.31,88,buy
TSLA,1736942528087,199.19,5,buy
MSFT,1736942529143,296.9,72,buy
SPY,1736942529429,400.85,42,sell
TSLA,1736942530539,193.66,40,buy
TSLA,1736942530869,194.0,64,sell
NVDA,1736942531625,499.25,89,sell
MSFT,1736942531991,297.66,48,sell
MSFT,1736942532072,301.57,19,sell
AAPL,1736942534205,152.1,5,buy
AAPL,1736942534749,152.04,38,buy
AAPL,1736942536582,150.57,26,buy
TSLA,1736942537056,199.15,49,sell
NVDA,1736942539388,499.66,31,sell
NVDA,1736942539681,501.08,11,buy
AAPL,1736942540738,151.72,57,sell
SPY,1736942540751,400.21,51,buy
MSFT,1736942540887,300.5,80,sell
SPY,1736942541052,400.01,28,buy
SPY,1736942541449,401.33,53,buy
TSLA,1736942541607,198.25,4,sell
NVDA,1736942542319,499.95,79,sell
AAPL,1736942543373,151.98,8,buy
MSFT,1736942543788,297.22,70,sell
AAPL,1736942544170,150.02,98,buy
TSLA,1736942544950,195.0,49,sell
MSFT,1736942545671,298.62,86,buy
SPY,1736942545894,399.7,53,buy
TSLA,1736942546217,200.1,33,buy
AAPL,1736942546861,151.93,96,sell
MSFT,1736942547453,299.47,12,sell
NVDA,1736942547963,499.48,32,buy
TSLA,1736942548037,198.66,55,buy
TSLA,1736942548495,195.45,76,sell
SPY,1736942548885,399.99,93,sell
SPY,1736942549612,401.35,59,sell
TSLA,1736942549683,199.32,88,buy
NVDA,1736942550508,503.74,23,buy
SPY,1736942551764,399.68,99,sell
MSFT,1736942552532,299.19,22,sell
AAPL,1736942552636,150.26,96,sell
TSLA,1736942552974,200.04,61,sell
TSLA,1736942554129,198.62,71,buy
SPY,1736942554196,399.53,1,buy
AAPL,1736942554464,152.2,26,sell
NVDA,1736942554515,500.1,86,buy
AAPL,1736942554522,149.67,39,buy
NVDA,1736942554919,502.45,31,buy
MSFT,1736942555444,299.07,28,sell
TSLA,1736942556509,198.31,47,sell
AAPL,1736942557920,151.04,48,sell
MSFT,1736942557931,303.05,62,sell
SPY,1736942558058,400.92,54,buy
TSLA,1736942558376,200.26,55,sell
NVDA,1736942559213,499.56,67,sell
SPY,1736942559342,399.57,66,sell
MSFT,1736942560612,299.62,69,buy
NVDA,1736942561190,501.6,4,buy
TSLA,1736942562441,194.66,24,buy
MSFT,1736942562607,299.36,44,sell
SPY,1736942565522,398.96,64,sell
SPY,1736942566693,399.77,67,sell
NVDA,1736942567035,501.26,17,sell
NVDA,1736942567212,499.23,24,buy
SPY,1736942567889,400.9,99,sell
NVDA,1736942568072,502.67,28,sell
MSFT,1736942568974,298.82,67,sell
AAPL,1736942569022,151.67,63,sell
SPY,1736942570739,398.79,64,sell
MSFT,1736942570907,300.83,36,buy
TSLA,1736942571994,196.93,77,sell
AAPL,1736942572937,152.11,89,buy
MSFT,1736942573979,301.67,8,buy
AAPL,1736942573988,152.91,31,buy
TSLA,1736942575650,195.3,48,buy
SPY,1736942575776,399.31,22,sell
MSFT,1736942576508,302.29,26,sell
NVDA,1736942578078,502.24,15,sell
MSFT,1736942578619,299.15,67,buy
MSFT,1736942579136,297.44,86,buy
SPY,1736942580136,400.28,84,buy
SPY,1736942580146,399.91,12,buy
SPY,1736942583067,400.83,3,sell
TSLA,1736942584340,194.93,17,buy
AAPL,1736942584928,150.26,13,sell
NVDA,1736942585069,500.7,7,sell
SPY,1736942585430,400.43,96,sell
NVDA,1736942585835,502.66,50,buy
TSLA,1736942585928,197.74,47,buy
MSFT,1736942586092,298.15,8,sell
NVDA,1736942586616,498.64,67,buy
TSLA,1736942586980,195.32,51,buy
MSFT,1736942587077,301.59,41,buy
TSLA,1736942588805,198.15,5,buy
TSLA,1736942589633,194.96,45,buy
TSLA,1736942589889,197.93,19,buy
MSFT,1736942590882,297.5,5,buy
TSLA,1736942592990,195.25,93,buy
TSLA,1736942593985,193.13,59,sell
AAPL,1736942594286,151.47,65,sell
SPY,1736942594460,400.27,30,buy
AAPL,1736942596305,150.12,53,sell
TSLA,1736942596564,195.48,99,sell
AAPL,1736942596604,149.86,20,sell
TSLA,1736942599189,197.08,85,buy
TSLA,1736942602453,198.89,37,buy
MSFT,1736942602710,297.45,10,sell
NVDA,1736942603309,498.63,97,sell
SPY,1736942603467,400.12,60,sell
AAPL,1736942603650,151.84,12,sell
SPY,1736942604813,401.06,22,buy
SPY,1736942604870,401.58,78,sell
MSFT,1736942605546,301.51,61,buy
MSFT,1736942606476,297.91,61,sell
AAPL,1736942607112,150.58,34,buy
AAPL,1736942607270,152.38,52,buy
NVDA,1736942607295,502.72,88,buy
SPY,1736942608115,400.92,28,sell
SPY,1736942608389,401.5,80,buy
TSLA,1736942609518,199.4,58,sell
AAPL,1736942609667,152.67,5,buy
AAPL,1736942610273,150.31,78,sell
MSFT,1736942610532,299.43,52,sell
MSFT,1736942610555,300.78,14,buy
MSFT,1736942610637,302.14,67,sell
MSFT,1736942611102,298.69,33,buy
SPY,1736942612738,399.23,45,buy
AAPL,1736942612879,153.04,88,buy
TSLA,1736942613028,199.42,7,buy
NVDA,1736942613126,498.75,13,buy
MSFT,1736942613142,296.94,3,sell
MSFT,1736942613474,299.45,50,buy
TSLA,1736942613836,198.54,60,sell
NVDA,1736942614986,499.72,70,sell
TSLA,1736942615538,195.67,92,sell
MSFT,1736942615885,298.74,75,sell
NVDA,1736942616696,499.6,88,sell
NVDA,1736942617059,501.93,61,buy
AAPL,1736942619908,150.94,68,sell
SPY,1736942620003,399.87,18,buy
SPY,1736942620552,401.79,52,sell
MSFT,1736942622169,299.18,20,buy
NVDA,1736942622840,498.61,28,sell
SPY,1736942623422,399.47,17,sell
SPY,1736942623916,400.52,41,buy
NVDA,1736942624140,500.58,47,buy
TSLA,1736942624205,194.23,7,buy
MSFT,1736942628527,296.57,77,sell
TSLA,1736942628533,195.53,87,buy
MSFT,1736942629392,299.37,50,sell
MSFT,1736942629854,299.26,34,buy
NVDA,1736942630100,500.57,27,buy
SPY,1736942630572,400.34,68,buy
MSFT,1736942631506,302.41,75,sell
TSLA,1736942631530,195.06,13,sell
TSLA,1736942636549,199.95,12,buy
MSFT,1736942637764,301.42,8,sell
AAPL,1736942638811,149.32,63,sell
MSFT,1736942639520,302.13,40,buy
MSFT,1736942639814,297.74,97,buy
TSLA,1736942640497,194.98,44,sell
SPY,1736942641556,399.37,92,buy
NVDA,1736942642759,499.16,10,buy
NVDA,1736942643030,500.11,1,buy
SPY,1736942644697,400.56,51,sell
TSLA,1736942646070,195.71,2,sell
MSFT,1736942646430,298.65,34,sell
AAPL,1736942647219,149.71,28,buy
MSFT,1736942647592,299.54,43,buy
NVDA,1736942648240,501.95,97,sell
AAPL,1736942649090,150.29,85,sell
NVDA,1736942651219,499.72,65,buy
AAPL,1736942653703,151.67,60,buy
AAPL,1736942655522,150.2,1,sell
NVDA,1736942658442,499.41,66,sell
SPY,1736942659425,399.38,33,buy
NVDA,1736942660114,500.0,79,buy
SPY,1736942660729,399.86,51,buy
NVDA,1736942660768,501.72,68,sell
NVDA,1736942662628,500.61,63,buy
SPY,1736942662738,401.02,36,sell
NVDA,1736942663538,499.44,86,sell
NVDA,1736942663617,502.51,80,sell
SPY,1736942663780,400.61,71,buy
TSLA,1736942663816,198.5,48,sell
TSLA,1736942664180,198.03,40,sell
AAPL,1736942665100,149.79,26,buy
AAPL,1736942665100,149.37,73,buy
TSLA,1736942665767,200.22,78,sell
MSFT,1736942665964,300.74,78,buy
MSFT,1736942668139,299.39,23,buy
NVDA,1736942668294,501.86,22,sell
TSLA,1736942668729,197.51,18,sell
MSFT,1736942669130,298.0,21,buy
TSLA,1736942669250,200.09,66,buy
TSLA,1736942669659,195.02,84,sell
TSLA,1736942672194,198.27,31,sell
TSLA,1736942672945,194.51,47,sell
NVDA,1736942673436,499.17,45,sell
MSFT,1736942673687,299.94,87,buy
AAPL,1736942673996,152.22,72,buy
SPY,1736942675118,401.3,35,buy
TSLA,1736942675427,194.44,15,sell
MSFT,1736942675830,301.02,48,buy
SPY,1736942676897,400.53,70,sell
MSFT,1736942676995,297.27,12,buy
TSLA,1736942677617,197.03,51,buy
AAPL,1736942677935,151.86,73,sell
TSLA,1736942678187,195.34,6,buy
AAPL,1736942678303,151.9,33,buy
NVDA,1736942678746,500.52,44,buy
MSFT,1736942680691,297.35,80,buy
AAPL,1736942680787,152.41,72,sell
SPY,1736942681651,399.24,29,buy
MSFT,1736942682075,298.59,86,buy
MSFT,1736942682367,299.36,79,sell
NVDA,1736942682561,500.75,73,buy
NVDA,1736942682601,501.36,86,buy
MSFT,1736942682617,299.92,29,sell
AAPL,1736942684582,151.59,26,sell
MSFT,1736942685034,299.91,23,buy
MSFT,1736942686035,297.52,41,buy
SPY,1736942687005,399.26,6,sell
MSFT,1736942687052,302.98,69,sell
MSFT,1736942687468,297.53,33,buy
MSFT,1736942689498,299.65,87,sell
NVDA,1736942690579,499.65,12,buy
AAPL,1736942690603,151.78,89,buy
NVDA,1736942691205,503.31,3,buy
AAPL,1736942691230,151.71,9,buy
NVDA,1736942692118,502.59,27,sell
TSLA,1736942692180,195.52,99,sell
NVDA,1736942692477,503.51,75,sell
SPY,1736942692717,401.0,83,buy
SPY,1736942692718,400.84,84,buy
AAPL,1736942692788,151.92,74,sell
NVDA,1736942693231,500.73,6,sell
NVDA,1736942694097,501.96,89,sell
MSFT,1736942697389,300.14,1,buy
TSLA,1736942697480,196.94,25,buy
NVDA,1736942700277,503.41,43,sell
SPY,1736942700437,399.43,24,buy
TSLA,1736942700468,195.49,81,sell
AAPL,1736942700508,150.08,84,sell
MSFT,1736942700928,296.82,63,sell
MSFT,1736942701077,299.44,2,sell
AAPL,1736942701407,150.01,82,sell
NVDA,1736942702329,501.83,18,sell
NVDA,1736942702881,501.51,11,buy
TSLA,1736942703324,195.54,16,buy
NVDA,1736942703635,499.27,100,sell
TSLA,1736942703667,194.25,1,buy
NVDA,1736942704370,502.59,18,sell
AAPL,1736942707513,151.88,72,buy
SPY,1736942708131,401.02,25,sell
MSFT,1736942708690,301.0,33,sell
TSLA,1736942708730,197.66,27,buy
AAPL,1736942708811,150.67,55,buy
TSLA,1736942709211,195.53,72,buy
SPY,1736942709462,400.29,2,sell
TSLA,1736942710456,198.9,31,buy
SPY,1736942711021,399.67,96,sell
MSFT,1736942711451,301.5,22,buy
NVDA,1736942712325,504.04,61,sell
TSLA,1736942713709,200.16,24,sell
SPY,1736942714145,399.48,67,sell
NVDA,1736942715416,501.05,34,sell
SPY,1736942715792,399.66,10,sell
SPY,1736942716024,399.12,76,sell
SPY,1736942717009,401.45,50,buy
AAPL,1736942719148,152.71,84,buy
NVDA,1736942719466,503.53,5,buy
MSFT,1736942720065,300.83,26,sell
SPY,1736942721975,399.28,79,sell
TSLA,1736942722471,198.51,42,sell
SPY,1736942722846,400.64,77,buy
AAPL,1736942722861,150.16,89,buy
SPY,1736942723141,399.32,58,sell
TSLA,1736942724256,195.45,98,sell
TSLA,1736942724395,198.2,70,sell
MSFT,1736942726212,296.96,5,sell
AAPL,1736942729790,150.12,63,sell
SPY,1736942730719,400.27,61,buy
TSLA,1736942730757,198.39,68,sell
MSFT,1736942731104,299.77,18,sell
AAPL,1736942731512,148.99,50,sell
SPY,1736942732196,401.47,73,sell
TSLA,1736942732905,197.99,87,buy
SPY,1736942733360,399.81,33,sell
TSLA,1736942733596,198.23,88,buy
MSFT,1736942733998,301.84,11,sell
AAPL,1736942734690,149.16,12,sell
SPY,1736942735549,399.76,84,buy
NVDA,1736942736557,499.84,77,sell
TSLA,1736942736591,198.4,50,sell
NVDA,1736942737015,502.73,30,sell
NVDA,1736942737948,500.67,71,sell
AAPL,1736942738134,151.63,70,sell
AAPL,1736942738212,153.06,96,sell
MSFT,1736942738313,303.11,71,sell
SPY,1736942738780,399.19,89,sell
AAPL,1736942738781,152.18,46,sell
TSLA,1736942739320,199.65,11,sell
MSFT,1736942739537,298.13,41,buy
NVDA,1736942739655,499.53,84,buy
NVDA,1736942739808,499.87,95,sell
TSLA,1736942739871,198.93,46,buy
SPY,1736942740142,400.85,45,buy
AAPL,1736942741880,151.44,25,sell
SPY,1736942742747,399.48,62,sell
MSFT,1736942743722,300.36,97,buy
NVDA,1736942744819,501.77,49,sell
NVDA,1736942745094,502.58,60,sell
AAPL,1736942746340,150.82,36,sell
SPY,1736942746754,399.64,97,sell
TSLA,1736942747366,198.42,7,buy
AAPL,1736942747802,152.74,87,buy
AAPL,1736942747839,151.97,21,sell
SPY,1736942748618,399.16,20,buy
NVDA,1736942752230,501.57,96,sell
AAPL,1736942752483,151.83,95,sell
NVDA,1736942752918,503.46,31,sell
TSLA,1736942753127,198.14,6,buy
SPY,1736942753262,399.35,97,buy
NVDA,1736942755287,502.33,62,sell
MSFT,1736942756127,298.95,14,buy
TSLA,1736942756539,195.44,6,sell
MSFT,1736942756724,299.35,46,sell
TSLA,1736942757448,197.72,81,buy
AAPL,1736942757531,150.01,99,buy
AAPL,1736942758175,151.4,4,buy
AAPL,1736942758982,152.9,87,buy
TSLA,1736942761880,197.99,30,sell
AAPL,1736942762296,152.43,80,buy
SPY,1736942763573,399.55,98,sell
MSFT,1736942764088,298.62,5,buy
NVDA,1736942764305,503.84,83,buy
NVDA,1736942764924,501.3,49,sell
SPY,1736942765067,400.76,89,sell
TSLA,1736942765357,195.13,47,buy
NVDA,1736942766217,500.73,69,buy
NVDA,1736942767930,500.67,76,buy
SPY,1736942769078,399.58,58,buy
AAPL,1736942769601,150.06,5,sell
SPY,1736942770126,400.21,85,sell
MSFT,1736942770560,298.43,95,buy
MSFT,1736942771027,301.6,92,sell
SPY,1736942771538,399.45,30,sell
TSLA,1736942772645,198.46,7,sell
TSLA,1736942772676,197.04,18,buy
SPY,1736942772847,401.56,68,sell
NVDA,1736942773538,502.23,77,sell
AAPL,1736942774882,153.27,4,buy
TSLA,1736942775721,194.9,76,sell
SPY,1736942776178,399.16,40,sell
TSLA,1736942776718,197.27,72,sell
MSFT,1736942776790,301.4,98,buy
AAPL,1736942777737,149.77,50,sell
SPY,1736942779026,400.88,50,sell
NVDA,1736942780325,499.96,58,buy
MSFT,1736942780724,302.97,84,buy
AAPL,1736942781477,152.25,19,sell
TSLA,1736942781673,197.29,4,sell
AAPL,1736942783067,150.37,61,buy
SPY,1736942783234,400.7,84,buy
TSLA,1736942783273,199.71,91,sell
TSLA,1736942785082,198.68,96,sell
TSLA,1736942785498,199.15,70,buy
TSLA,1736942785692,195.33,21,buy
SPY,1736942786054,399.07,83,sell
TSLA,1736942786679,195.26,60,sell
SPY,1736942788421,400.53,21,sell
SPY,1736942790568,398.96,46,sell
NVDA,1736942790703,502.04,49,sell
NVDA,1736942791404,503.88,18,sell
TSLA,1736942792419,199.57,33,buy
SPY,1736942792535,399.32,93,sell
SPY,1736942794607,400.55,99,sell
TSLA,1736942794701,195.27,52,buy
SPY,1736942795224,400.58,3,buy
SPY,1736942795402,399.33,2,buy
TSLA,1736942796215,195.27,83,buy
SPY,1736942798061,399.6,41,buy
TSLA,1736942798564,193.61,13,buy
AAPL,1736942798581,150.61,23,buy
MSFT,1736942798688,300.25,37,buy
TSLA,1736942798690,197.08,8,sell
MSFT,1736942799341,296.77,4,sell
TSLA,1736942799390,199.06,70,sell
AAPL,1736942799445,151.59,98,sell
AAPL,1736942800773,152.7,46,buy
MSFT,1736942800796,297.95,47,sell
AAPL,1736942801652,149.31,54,sell
AAPL,1736942804494,149.82,31,buy
NVDA,1736942804648,499.07,67,sell
MSFT,1736942804877,296.79,56,buy
AAPL,1736942806619,150.25,79,sell
MSFT,1736942807130,301.03,79,sell
SPY,1736942807371,400.55,52,buy
AAPL,1736942807821,151.63,29,sell
SPY,1736942809481,400.63,34,buy
TSLA,1736942809711,198.52,71,buy
SPY,1736942810095,399.11,78,buy
NVDA,1736942810287,498.68,93,buy
TSLA,1736942811764,200.05,48,buy
TSLA,1736942813198,198.32,84,buy
NVDA,1736942813283,501.61,9,sell
SPY,1736942813603,399.36,33,sell
TSLA,1736942813800,199.23,14,buy
MSFT,1736942813880,296.87,58,buy
TSLA,1736942814413,198.94,67,sell
SPY,1736942814750,399.21,27,sell
AAPL,1736942815512,151.73,37,buy
SPY,1736942816141,401.47,92,buy
MSFT,1736942817083,298.5,43,buy
SPY,1736942817568,399.79,18,buy
SPY,1736942818535,401.51,92,buy
SPY,1736942818603,399.42,4,sell
SPY,1736942822844,399.75,80,buy
MSFT,1736942823029,301.69,91,sell
SPY,1736942823893,399.31,78,sell
AAPL,1736942824183,149.96,72,buy
AAPL,1736942824201,150.2,33,sell
AAPL,1736942824967,152.9,81,buy
TSLA,1736942825040,196.28,52,buy
TSLA,1736942827230,195.27,13,sell
MSFT,1736942827247,300.19,19,sell
NVDA,1736942827595,500.3,31,buy
TSLA,1736942827659,199.78,93,buy
NVDA,1736942828411,501.69,65,sell
MSFT,1736942829120,296.76,71,buy
TSLA,1736942829247,198.2,9,sell
TSLA,1736942829276,194.07,36,sell
TSLA,1736942830217,195.22,85,buy
TSLA,1736942831406,199.47,92,buy
NVDA,1736942832859,500.63,96,buy
TSLA,1736942834379,198.2,13,buy
NVDA,1736942834406,500.01,67,buy
AAPL,1736942834733,152.0,67,buy
MSFT,1736942835884,297.08,13,buy
SPY,1736942835979,400.46,46,buy
AAPL,1736942836615,151.93,75,buy
AAPL,1736942836937,152.81,74,sell
MSFT,1736942837290,300.08,21,sell
MSFT,1736942837339,297.24,53,sell
SPY,1736942838018,401.14,14,sell
TSLA,1736942838077,197.99,52,sell
NVDA,1736942839798,501.88,3,sell
SPY,1736942841660,399.82,59,sell
SPY,1736942841923,399.45,48,buy
TSLA,1736942842159,199.41,89,sell
NVDA,1736942843282,499.06,72,buy
AAPL,1736942843434,149.48,84,buy
MSFT,1736942843816,300.64,59,buy
AAPL,1736942844029,151.75,5,sell
SPY,1736942845716,400.76,52,sell
NVDA,1736942846291,499.29,26,sell
AAPL,1736942847101,150.08,79,sell
SPY,1736942847876,399.68,59,buy
NVDA,1736942848560,501.65,23,sell
TSLA,1736942848887,199.16,96,sell
SPY,1736942849840,399.87,65,sell
NVDA,1736942850408,501.8,97,sell
SPY,1736942850866,400.6,24,sell
TSLA,1736942850907,195.26,99,sell
AAPL,1736942850949,150.73,73,buy
MSFT,1736942852127,297.84,20,sell
TSLA,1736942852309,198.21,70,sell
AAPL,1736942852583,149.83,9,sell
SPY,1736942852751,399.28,63,sell
SPY,1736942854729,399.24,55,sell
SPY,1736942854845,399.87,83,buy
NVDA,1736942855540,502.08,6,buy
SPY,1736942855578,400.39,39,buy
AAPL,1736942855995,153.1,74,sell
MSFT,1736942859214,299.21,76,sell
AAPL,1736942859776,152.68,41,buy
TSLA,1736942860237,194.99,83,sell
SPY,1736942860567,399.07,58,buy
AAPL,1736942860681,151.45,41,buy
NVDA,1736942860796,502.4,99,sell
AAPL,1736942860821,150.87,4,buy
SPY,1736942860861,400.34,53,buy
TSLA,1736942861986,198.05,93,buy
AAPL,1736942863176,151.9,28,sell
MSFT,1736942863199,299.65,11,buy
TSLA,1736942863625,199.67,8,sell
AAPL,1736942863818,151.82,48,sell
NVDA,1736942864471,499.89,85,buy
NVDA,1736942865040,503.29,22,buy
MSFT,1736942865391,301.54,7,sell
MSFT,1736942866026,302.47,47,buy
NVDA,1736942866392,501.23,65,sell
AAPL,1736942867143,152.09,69,sell
TSLA,1736942868211,194.85,42,buy
SPY,1736942868226,400.23,71,sell
NVDA,1736942868744,501.08,56,sell
AAPL,1736942869263,151.93,78,sell
TSLA,1736942869622,198.62,1,buy
AAPL,1736942869797,149.38,5,sell
TSLA,1736942870078,195.4,57,buy
SPY,1736942870379,399.87,27,buy
SPY,1736942870561,400.35,14,buy
SPY,1736942870578,399.59,58,sell
MSFT,1736942871060,301.39,63,buy
AAPL,1736942871416,150.68,8,buy
NVDA,1736942872473,500.58,88,sell
SPY,1736942873345,399.78,14,buy
TSLA,1736942873963,195.05,7,sell
TSLA,1736942874095,197.02,54,buy
NVDA,1736942874410,499.39,43,buy
NVDA,1736942874818,500.47,83,sell
SPY,1736942875006,399.97,79,buy
MSFT,1736942876580,299.95,7,buy
MSFT,1736942877319,297.4,78,sell
AAPL,1736942878520,150.85,36,buy
AAPL,1736942878555,150.5,93,buy
TSLA,1736942880454,197.05,11,buy
TSLA,1736942880666,199.33,14,sell
TSLA,1736942881350,200.04,23,buy
NVDA,1736942881705,500.61,50,sell
NVDA,1736942882177,502.43,95,buy
MSFT,1736942882536,301.86,5,buy
NVDA,1736942882545,501.92,90,sell
TSLA,1736942883602,195.16,61,buy
AAPL,1736942884018,151.97,58,sell
TSLA,1736942884294,199.07,56,buy
SPY,1736942886539,400.64,73,sell
SPY,1736942886819,399.5,89,buy
SPY,1736942886954,401.01,77,sell
SPY,1736942886981,399.44,62,buy
SPY,1736942889308,399.42,27,buy
AAPL,1736942890911,151.8,80,buy
NVDA,1736942891261,501.06,77,sell
MSFT,1736942892101,296.95,19,sell
MSFT,1736942892415,299.58,13,sell
TSLA,1736942893735,195.26,18,buy
MSFT,1736942894750,302.25,6,sell
SPY,1736942896974,399.69,84,buy
AAPL,1736942897043,151.78,29,sell
AAPL,1736942897331,149.42,8,sell
TSLA,1736942897470,198.08,81,sell
MSFT,1736942898440,300.75,22,buy
MSFT,1736942899050,299.0,94,sell
NVDA,1736942900714,499.38,36,buy
SPY,1736942900969,399.92,24,buy
TSLA,1736942902514,198.29,89,sell
AAPL,1736942903439,152.3,78,sell
SPY,1736942904006,400.11,40,sell
AAPL,1736942904360,151.91,84,buy
SPY,1736942906212,399.89,75,sell
AAPL,1736942906714,151.04,23,buy
MSFT,1736942907358,298.87,14,buy
AAPL,1736942907627,150.17,99,sell
MSFT,1736942910065,297.15,19,buy
TSLA,1736942910128,197.13,76,buy
MSFT,1736942913422,301.98,78,buy
AAPL,1736942914050,151.59,61,sell
TSLA,1736942916611,198.24,80,buy
NVDA,1736942917297,501.95,62,sell
NVDA,1736942917702,500.57,96,sell
MSFT,1736942918073,299.76,91,sell
MSFT,1736942919103,298.27,49,buy
AAPL,1736942920181,150.17,69,sell
TSLA,1736942920197,198.99,11,buy
NVDA,1736942920843,501.05,33,buy
MSFT,1736942921559,303.08,56,buy
NVDA,1736942922303,501.69,47,buy
MSFT,1736942922803,301.52,37,buy
NVDA,1736942924006,501.0,88,buy
SPY,1736942924083,399.2,23,sell
NVDA,1736942925360,502.51,89,sell
AAPL,1736942925825,151.81,76,sell
MSFT,1736942925856,297.57,51,sell
NVDA,1736942928031,502.99,82,sell
TSLA,1736942928103,195.69,70,buy
NVDA,1736942928781,500.42,74,buy
AAPL,1736942929255,150.6,34,sell
NVDA,1736942934791,500.33,7,buy
MSFT,1736942935506,299.85,27,buy
SPY,1736942935598,399.74,45,sell
MSFT,1736942935701,302.51,61,buy
MSFT,1736942936157,297.73,80,sell
TSLA,1736942936344,198.5,94,sell
SPY,1736942937583,401.36,68,sell
TSLA,1736942938074,199.39,96,buy
NVDA,1736942938235,502.22,43,buy
SPY,1736942938971,400.15,76,buy
AAPL,1736942939431,150.31,60,sell
SPY,1736942939638,399.44,36,sell
NVDA,1736942939966,501.56,33,sell
MSFT,1736942940033,299.19,76,buy
AAPL,1736942940362,151.32,82,sell
MSFT,1736942942258,296.91,7,buy
SPY,1736942943449,401.23,61,sell
NVDA,1736942945197,502.15,43,sell
AAPL,1736942945501,152.7,43,sell
NVDA,1736942945678,499.07,100,sell
NVDA,1736942945720,500.72,91,sell
MSFT,1736942946107,302.55,91,sell
SPY,1736942946347,400.99,61,buy
AAPL,1736942947752,151.66,64,buy
TSLA,1736942948341,195.71,49,buy
TSLA,1736942948918,200.04,32,sell
SPY,1736942949294,400.27,66,sell
SPY,1736942950523,399.32,62,sell
NVDA,1736942950961,501.46,44,sell
SPY,1736942951145,400.44,34,buy
TSLA,1736942951882,194.65,4,sell
TSLA,1736942951898,198.62,42,sell
AAPL,1736942952766,149.29,55,buy
NVDA,1736942952918,498.79,1,buy
NVDA,1736942954027,499.69,4,sell
MSFT,1736942954295,296.64,5,sell
MSFT,1736942954452,301.68,54,buy
TSLA,1736942955552,198.67,40,sell
NVDA,1736942956061,502.93,91,buy
TSLA,1736942956849,199.94,75,sell
MSFT,1736942957042,301.57,59,buy
TSLA,1736942957733,195.56,62,sell
TSLA,1736942960139,195.7,21,buy
AAPL,1736942962179,149.91,60,sell
SPY,1736942964044,399.42,90,buy
AAPL,1736942964331,149.32,28,sell
NVDA,1736942964946,500.58,57,sell
SPY,1736942965041,400.45,81,sell
NVDA,1736942965213,501.64,81,sell
SPY,1736942966379,399.12,45,buy
MSFT,1736942966753,300.03,79,buy
TSLA,1736942967518,197.82,87,buy
AAPL,1736942967871,150.41,71,sell
TSLA,1736942967923,195.31,96,buy
TSLA,1736942968051,200.06,91,buy
TSLA,1736942968192,196.41,32,buy
TSLA,1736942969549,199.0,12,sell
AAPL,1736942969879,152.8,72,sell
AAPL,1736942970395,152.13,8,buy
NVDA,1736942973450,502.76,92,buy
TSLA,1736942973788,199.88,18,buy
AAPL,1736942973802,150.46,15,sell
TSLA,1736942974485,198.76,56,buy
TSLA,1736942974510,198.69,67,sell
TSLA,1736942975152,196.99,1,sell
MSFT,1736942975195,302.02,94,sell
SPY,1736942976286,399.62,41,sell
NVDA,1736942976342,503.45,2,sell
NVDA,1736942976477,499.88,83,buy
AAPL,1736942977577,149.27,22,buy
MSFT,1736942978696,298.71,21,buy
AAPL,1736942979225,151.42,47,buy
AAPL,1736942979540,150.3,37,buy
MSFT,1736942980757,297.54,58,buy
SPY,1736942983010,400.36,68,sell
AAPL,1736942983625,151.97,32,buy
MSFT,1736942983839,298.98,82,sell
SPY,1736942983988,399.0,50,sell
TSLA,1736942984118,198.43,47,sell
SPY,1736942984573,401.36,92,buy
MSFT,1736942985016,296.91,8,buy
TSLA,1736942985128,195.47,82,buy
SPY,1736942985317,400.67,31,sell
MSFT,1736942985567,299.92,58,buy
TSLA,1736942987105,198.54,4,sell
TSLA,1736942987227,200.14,38,buy
NVDA,1736942987378,499.35,57,sell
NVDA,1736942988075,501.36,51,sell
TSLA,1736942989928,199.52,1,buy
NVDA,1736942990068,502.42,86,buy
TSLA,1736942991000,197.8,5,buy
NVDA,1736942991194,500.6,72,buy
MSFT,1736942991855,300.27,100,buy
AAPL,1736942992137,152.15,19,buy
TSLA,1736942992537,195.94,29,sell
SPY,1736942993096,400.77,6,buy
SPY,1736942995305,400.06,29,sell
TSLA,1736942995717,197.92,43,sell
AAPL,1736942996417,151.07,91,sell
TSLA,1736942996595,194.82,20,sell
AAPL,1736942996670,152.11,40,sell
TSLA,1736942998815,195.58,30,buy
NVDA,1736942999907,502.75,64,buy
NVDA,1736942999972,500.43,46,buy
MSFT,1736943000006,300.77,99,sell
TSLA,1736943003860,196.99,73,buy
MSFT,1736943006762,301.65,86,sell
MSFT,1736943007035,298.08,61,sell
NVDA,1736943007151,500.4,30,sell
NVDA,1736943007799,502.37,16,buy
AAPL,1736943007901,150.4,40,buy
NVDA,1736943008432,498.35,26,sell
NVDA,1736943008867,503.86,4,sell
NVDA,1736943010039,499.52,45,sell
MSFT,1736943010655,301.05,19,buy
MSFT,1736943011639,298.36,3,sell
NVDA,1736943013032,498.9,78,sell
NVDA,1736943013136,502.53,88,buy
AAPL,1736943013524,149.72,2,sell
SPY,1736943014705,399.35,46,sell
TSLA,1736943015744,195.47,52,buy
NVDA,1736943015863,501.37,53,buy
AAPL,1736943017082,153.35,15,buy
SPY,1736943017453,400.44,10,sell
SPY,1736943020231,400.12,15,buy
MSFT,1736943020567,299.99,75,buy
SPY,1736943021333,400.97,88,buy
AAPL,1736943021537,152.75,54,sell
TSLA,1736943021962,197.64,8,buy
SPY,1736943022012,401.42,26,buy
NVDA,1736943024778,500.48,94,sell
MSFT,1736943026613,301.31,25,buy
AAPL,1736943026733,152.53,85,sell
TSLA,1736943027503,199.04,80,sell
TSLA,1736943028844,195.31,75,sell
NVDA,1736943029776,501.01,22,buy
AAPL,1736943031712,152.01,50,sell
TSLA,1736943032691,198.25,95,buy
AAPL,1736943033315,152.97,89,buy
MSFT,1736943033852,297.48,4,buy
TSLA,1736943034540,197.68,90,buy
TSLA,1736943034670,195.98,25,sell
SPY,1736943036329,399.31,24,sell
AAPL,1736943036748,149.93,16,buy
NVDA,1736943037372,502.64,62,sell
SPY,1736943038663,399.96,98,sell
AAPL,1736943038672,150.51,17,buy
NVDA,1736943039552,500.59,27,sell
AAPL,1736943039805,151.84,23,sell
SPY,1736943040358,401.56,98,sell
MSFT,1736943042092,298.93,82,sell
NVDA,1736943042431,499.41,15,buy
AAPL,1736943043845,152.62,57,sell
SPY,1736943044666,400.4,1,sell
TSLA,1736943044745,197.07,75,sell
MSFT,1736943046290,298.63,92,buy
MSFT,1736943046322,300.31,12,buy
NVDA,1736943046431,498.69,30,buy
TSLA,1736943046527,198.04,73,buy
TSLA,1736943047462,198.82,4,sell
NVDA,1736943051367,500.59,94,buy
MSFT,1736943051604,298.42,35,sell
NVDA,1736943052174,501.18,1,buy
MSFT,1736943052793,297.27,91,sell
MSFT,1736943052828,297.75,1,buy
NVDA,1736943053541,502.07,41,sell
AAPL,1736943054100,152.07,24,sell
AAPL,1736943054590,149.87,39,sell
MSFT,1736943055044,301.44,21,sell
SPY,1736943055344,400.45,86,buy
TSLA,1736943055771,196.04,29,sell
NVDA,1736943055847,502.4,59,buy
NVDA,1736943055912,502.12,58,buy
SPY,1736943056757,401.28,64,buy
AAPL,1736943056799,153.09,70,sell
MSFT,1736943057741,300.08,25,buy
TSLA,1736943058166,197.75,95,sell
AAPL,1736943059038,150.47,54,sell
TSLA,1736943059275,198.03,97,sell
NVDA,1736943059938,499.01,78,buy
SPY,1736943060847,401.17,25,sell
TSLA,1736943061457,193.99,96,sell
SPY,1736943061618,401.23,42,buy
TSLA,1736943061677,198.77,83,sell
NVDA,1736943065107,500.36,20,sell
AAPL,1736943065678,152.79,29,buy
MSFT,1736943065738,297.41,87,sell
AAPL,1736943066612,151.48,52,sell
AAPL,1736943067617,150.75,86,buy
MSFT,1736943068286,301.96,4,buy
AAPL,1736943069017,152.42,57,buy
NVDA,1736943069041,499.34,71,buy
TSLA,1736943069538,195.12,71,buy
NVDA,1736943070638,500.22,33,sell
NVDA,1736943073466,499.53,78,sell
AAPL,1736943074374,151.02,11,buy
TSLA,1736943075843,193.3,37,sell
SPY,1736943076537,401.18,49,sell
TSLA,1736943077982,195.12,65,buy
NVDA,1736943077995,498.7,48,sell
TSLA,1736943078721,193.91,16,buy
SPY,1736943078903,400.23,31,sell
MSFT,1736943079035,299.97,33,sell
TSLA,1736943079955,195.29,50,buy
AAPL,1736943081892,152.45,4,buy
TSLA,1736943082406,198.86,47,buy
SPY,1736943083423,398.95,33,sell
NVDA,1736943084182,499.8,100,buy
MSFT,1736943084272,298.71,10,buy
AAPL,1736943085844,149.92,29,sell
TSLA,1736943086683,195.04,25,sell
MSFT,1736943086838,297.6,85,sell
TSLA,1736943086978,200.12,48,sell
AAPL,1736943087505,151.87,36,sell
MSFT,1736943087783,300.41,62,buy
NVDA,1736943087941,503.27,59,sell
SPY,1736943088064,399.49,50,sell
MSFT,1736943088592,297.48,74,buy
TSLA,1736943088776,199.28,26,buy
MSFT,1736943089732,298.69,9,sell
MSFT,1736943089984,300.39,52,sell
SPY,1736943090067,400.13,40,sell
AAPL,1736943091357,150.31,73,buy
NVDA,1736943091874,501.16,93,sell
MSFT,1736943092825,297.19,6,sell
AAPL,1736943093227,152.71,42,sell
SPY,1736943094147,401.27,57,buy
SPY,1736943096174,399.7,38,sell
MSFT,1736943096743,299.12,75,sell
SPY,1736943096762,399.84,19,buy
SPY,1736943096914,400.06,43,buy
NVDA,1736943098008,500.57,8,sell
SPY,1736943100299,401.18,20,buy
NVDA,1736943102676,503.86,30,sell
TSLA,1736943103206,197.21,68,sell
NVDA,1736943103782,500.98,52,sell
MSFT,1736943104034,298.89,64,buy
AAPL,1736943104885,151.85,97,sell
TSLA,1736943105107,198.79,60,sell
TSLA,1736943105582,198.41,7,buy
NVDA,1736943106386,499.62,87,sell
TSLA,1736943106468,193.64,47,sell
TSLA,1736943106830,194.11,80,buy
NVDA,1736943107177,501.48,20,buy
MSFT,1736943107720,301.47,100,buy
AAPL,1736943107772,152.63,48,sell
AAPL,1736943108618,150.51,79,sell
AAPL,1736943108990,151.84,77,buy
SPY,1736943109429,401.27,78,sell
NVDA,1736943109994,500.35,10,buy
NVDA,1736943110809,503.43,69,buy
MSFT,1736943113300,296.89,50,buy
AAPL,1736943113855,149.83,78,buy
TSLA,1736943114396,198.18,37,sell
MSFT,1736943114676,302.55,37,sell
TSLA,1736943115037,195.48,94,buy
SPY,1736943117025,399.41,76,sell
AAPL,1736943117821,151.98,100,buy
MSFT,1736943119154,298.66,78,sell
NVDA,1736943120705,501.04,100,sell
NVDA,1736943120828,501.57,4,sell
SPY,1736943121341,401.29,88,sell
NVDA,1736943121842,498.69,6,buy
MSFT,1736943122941,301.8,18,buy
SPY,1736943123046,400.65,3,buy
MSFT,1736943123497,298.03,27,sell
AAPL,1736943123877,152.51,97,buy
TSLA,1736943124763,199.72,12,buy
AAPL,1736943125238,151.65,100,sell
TSLA,1736943126458,198.83,11,buy
AAPL,1736943126599,151.97,52,sell
TSLA,1736943128538,199.71,45,buy
NVDA,1736943128765,502.35,49,buy
MSFT,1736943129531,297.22,78,sell
TSLA,1736943129551,198.19,86,buy
SPY,1736943130542,400.58,8,sell
SPY,1736943131051,400.33,58,sell
AAPL,1736943131980,150.92,45,sell
NVDA,1736943132006,499.39,12,buy
MSFT,1736943133298,301.0,4,sell
NVDA,1736943133579,502.72,100,sell
MSFT,1736943134094,298.98,61,sell
TSLA,1736943134706,198.95,26,buy
MSFT,1736943135364,297.74,89,sell
NVDA,1736943136192,499.58,90,buy
NVDA,1736943136253,499.02,13,sell
MSFT,1736943136344,296.72,77,buy
NVDA,1736943136581,500.51,33,sell
AAPL,1736943136875,150.88,2,sell
SPY,1736943137941,399.66,54,sell
TSLA,1736943138323,195.5,52,buy
NVDA,1736943139123,502.36,96,buy
TSLA,1736943139308,198.35,30,sell
TSLA,1736943139697,198.87,23,sell
MSFT,1736943140350,299.29,86,sell
MSFT,1736943141315,298.91,60,buy
MSFT,1736943141326,297.45,99,buy
SPY,1736943141390,399.41,97,sell
NVDA,1736943141737,499.91,81,sell
NVDA,1736943142325,499.03,22,sell
MSFT,1736943142457,298.91,82,buy
SPY,1736943142457,401.52,4,sell
SPY,1736943142632,400.0,60,buy
NVDA,1736943142967,499.95,60,sell
NVDA,1736943143086,500.22,39,buy
MSFT,1736943144556,300.36,59,buy
MSFT,1736943145125,298.64,93,buy
MSFT,1736943146108,297.26,44,sell
SPY,1736943148124,400.57,66,buy
SPY,1736943148161,401.18,99,sell
MSFT,1736943148616,301.88,74,sell
MSFT,1736943150206,298.98,97,sell
TSLA,1736943151646,195.09,45,buy
AAPL,1736943152129,150.11,47,sell
AAPL,1736943152169,152.64,30,buy
AAPL,1736943152446,152.33,20,buy
MSFT,1736943152520,297.34,72,buy
TSLA,1736943152575,195.05,7,buy
MSFT,1736943153263,296.85,44,sell
MSFT,1736943154069,300.51,64,sell
MSFT,1736943155800,299.29,36,sell
TSLA,1736943157512,199.73,35,sell
MSFT,1736943158061,296.86,78,sell
SPY,1736943158136,400.56,8,sell
AAPL,1736943159292,152.75,40,sell
SPY,1736943160604,399.53,6,buy
SPY,1736943161146,399.58,27,sell
SPY,1736943161217,399.25,82,sell
NVDA,1736943161465,501.85,64,buy
NVDA,1736943161924,499.5,29,buy
SPY,1736943163085,399.66,52,buy
SPY,1736943163961,399.47,37,buy
MSFT,1736943164170,297.33,40,buy
TSLA,1736943165035,199.4,80,buy
MSFT,1736943165501,298.54,85,sell
MSFT,1736943165581,296.83,52,sell
NVDA,1736943165619,500.93,45,sell
NVDA,1736943166262,498.91,43,sell
TSLA,1736943167254,194.49,16,buy
SPY,1736943169157,399.31,78,buy
TSLA,1736943169808,198.43,99,buy
NVDA,1736943170264,500.71,39,sell
NVDA,1736943170495,501.72,28,sell
SPY,1736943170879,399.68,22,sell
MSFT,1736943171334,298.74,55,buy
NVDA,1736943171656,499.36,82,buy
MSFT,1736943172003,297.82,32,buy
AAPL,1736943173560,150.43,46,sell
TSLA,1736943174146,199.95,73,buy
TSLA,1736943174196,200.09,86,buy
MSFT,1736943175095,299.35,62,sell
SPY,1736943175372,398.67,68,sell
TSLA,1736943175522,197.7,3,sell
NVDA,1736943176363,501.91,41,buy
AAPL,1736943178288,151.66,79,buy
MSFT,1736943178746,297.45,12,sell
TSLA,1736943179183,195.02,25,sell
MSFT,1736943182634,298.99,85,buy
SPY,1736943182636,400.53,6,buy
NVDA,1736943182985,500.25,86,sell
TSLA,1736943184041,199.96,72,sell
MSFT,1736943184554,300.98,7,sell
MSFT,1736943185406,299.29,61,buy
AAPL,1736943186908,149.63,85,sell
SPY,1736943188513,401.24,67,sell
AAPL,1736943189134,149.92,33,buy
MSFT,1736943189301,298.0,62,sell
MSFT,1736943189413,299.01,88,buy
NVDA,1736943190741,502.05,8,sell
TSLA,1736943190786,193.49,50,buy
NVDA,1736943190853,499.15,54,sell
SPY,1736943191017,399.4,71,sell
TSLA,1736943191031,198.4,87,sell
MSFT,1736943192428,299.0,21,sell
NVDA,1736943193398,500.25,98,sell
NVDA,1736943195045,500.51,58,sell
AAPL,1736943196516,152.29,69,sell
MSFT,1736943200623,298.73,29,sell
AAPL,1736943202371,152.59,93,buy
AAPL,1736943202654,152.61,65,sell
AAPL,1736943202672,152.8,15,buy
SPY,1736943203531,400.18,70,sell
NVDA,1736943204620,499.69,50,buy
NVDA,1736943204794,500.29,61,sell
NVDA,1736943204971,502.65,7,buy
SPY,1736943204979,401.53,70,buy
MSFT,1736943205627,298.69,2,buy
SPY,1736943205691,399.68,64,buy
AAPL,1736943205909,149.7,60,buy
MSFT,1736943207212,297.52,28,sell
MSFT,1736943207799,298.4,4,buy
AAPL,1736943208103,150.47,48,buy
SPY,1736943208734,400.85,83,buy
AAPL,1736943208830,150.3,38,sell
NVDA,1736943210175,500.4,63,sell
SPY,1736943212476,401.06,70,buy
NVDA,1736943212700,501.18,63,buy
MSFT,1736943212742,296.7,40,sell
NVDA,1736943213512,498.69,25,buy
SPY,1736943213531,399.21,47,buy
SPY,1736943213550,399.37,9,sell
TSLA,1736943214062,194.57,90,sell
NVDA,1736943214414,499.94,32,sell
AAPL,1736943214553,150.57,20,sell
NVDA,1736943216171,500.11,86,sell
NVDA,1736943216414,499.28,99,buy
SPY,1736943217432,401.02,46,buy
MSFT,1736943217664,300.2,5,buy
TSLA,1736943217720,198.14,8,buy
AAPL,1736943221314,149.04,26,sell
AAPL,1736943221768,150.36,74,buy
AAPL,1736943222093,150.84,89,buy
AAPL,1736943224514,149.91,50,sell
NVDA,1736943224619,499.53,44,sell
MSFT,1736943224838,299.97,51,sell
SPY,1736943226563,399.74,2,buy
MSFT,1736943227344,296.9,21,sell
SPY,1736943228367,399.01,49,buy
TSLA,1736943228687,196.92,79,buy
TSLA,1736943229274,195.77,42,sell
NVDA,1736943229388,499.41,26,buy
NVDA,1736943229984,499.19,11,sell
MSFT,1736943230034,299.63,86,sell
AAPL,1736943230129,151.43,15,sell
MSFT,1736943231400,301.53,5,sell
NVDA,1736943233496,499.22,59,buy
NVDA,1736943235270,498.48,44,sell
MSFT,1736943236565,297.27,72,sell
NVDA,1736943236566,501.65,74,sell
AAPL,1736943237307,152.54,23,sell
MSFT,1736943238317,300.77,63,sell
TSLA,1736943238831,195.34,87,buy
NVDA,1736943239302,502.58,82,sell
AAPL,1736943240648,151.33,35,sell
TSLA,1736943241006,195.74,18,sell
NVDA,1736943241036,500.0,10,buy
NVDA,1736943241119,499.7,76,buy
AAPL,1736943241158,150.14,4,buy
MSFT,1736943241543,300.88,5,buy
SPY,1736943242207,400.22,19,buy
TSLA,1736943242400,196.36,1,buy
TSLA,1736943243282,199.61,91,sell
NVDA,1736943243405,499.29,27,sell
TSLA,1736943243477,193.98,36,sell
SPY,1736943244484,398.92,50,buy
NVDA,1736943244525,499.44,91,buy
TSLA,1736943244757,194.22,96,buy
MSFT,1736943244940,299.37,86,sell
MSFT,1736943246067,296.95,67,sell
TSLA,1736943246111,198.22,4,buy
MSFT,1736943246931,299.94,74,sell
MSFT,1736943247184,298.94,83,sell
AAPL,1736943247389,152.77,80,buy
TSLA,1736943247898,199.8,1,sell
MSFT,1736943248197,302.77,24,sell
MSFT,1736943248352,299.67,46,sell
MSFT,1736943248574,301.83,64,buy
TSLA,1736943248732,195.04,16,sell
TSLA,1736943249582,195.55,41,sell
TSLA,1736943251521,198.44,45,sell
MSFT,1736943252439,297.86,82,sell
SPY,1736943252941,399.35,48,buy
NVDA,1736943253315,502.88,16,sell
TSLA,1736943254120,193.11,35,buy
AAPL,1736943255027,150.08,76,sell
SPY,1736943257432,399.64,87,buy
TSLA,1736943257858,195.11,53,buy
AAPL,1736943258106,153.16,79,sell
AAPL,1736943258449,152.04,67,buy
SPY,1736943258735,400.88,23,buy
SPY,1736943259317,399.35,38,sell
TSLA,1736943260856,194.0,43,buy
MSFT,1736943261659,300.09,63,sell
MSFT,1736943261814,298.72,14,sell
AAPL,1736943262789,151.65,20,sell
AAPL,1736943263281,152.16,81,buy
AAPL,1736943263701,152.94,12,sell
NVDA,1736943264134,501.66,75,buy
MSFT,1736943265178,296.86,9,buy
SPY,1736943266303,400.53,6,buy
AAPL,1736943266520,152.84,93,buy
TSLA,1736943267236,198.04,22,sell
SPY,1736943267777,400.31,40,buy
SPY,1736943269842,399.07,94,buy
NVDA,1736943270292,499.27,68,buy
SPY,1736943271760,398.69,9,sell
SPY,1736943273010,400.65,93,sell
MSFT,1736943273782,299.08,76,buy
AAPL,1736943274974,151.93,84,sell
MSFT,1736943276579,300.41,10,buy
TSLA,1736943276940,197.38,12,sell
AAPL,1736943277406,149.51,51,buy
AAPL,1736943277510,150.02,47,sell
MSFT,1736943279423,299.74,12,sell
NVDA,1736943280477,498.78,99,sell
AAPL,1736943280532,150.54,27,sell
SPY,1736943281028,399.49,97,buy
MSFT,1736943281461,301.62,52,sell
TSLA,1736943282824,197.15,55,buy
AAPL,1736943283315,149.66,86,sell
TSLA,1736943284115,198.62,21,sell
NVDA,1736943286544,502.69,13,sell
NVDA,1736943287575,502.57,74,buy
AAPL,1736943288944,152.59,57,buy
TSLA,1736943289319,198.67,13,sell
TSLA,1736943290216,193.56,29,sell
TSLA,1736943291817,197.99,64,sell
NVDA,1736943292119,501.62,56,buy
NVDA,1736943292680,501.86,29,buy
AAPL,1736943294727,150.52,25,buy
MSFT,1736943294769,298.79,46,sell
MSFT,1736943295803,296.65,50,sell
SPY,1736943296161,398.95,65,sell
MSFT,1736943297555,298.81,98,buy
NVDA,1736943298899,501.5,77,buy
SPY,1736943299191,400.52,23,buy
AAPL,1736943299443,151.12,99,sell
AAPL,1736943300054,152.24,42,buy
AAPL,1736943301552,149.42,81,buy
AAPL,1736943303145,150.33,53,buy
AAPL,1736943303838,153.11,23,sell
MSFT,1736943305648,297.82,61,buy
TSLA,1736943306873,195.27,87,sell
NVDA,1736943306888,501.35,39,sell
TSLA,1736943306936,198.2,21,sell
NVDA,1736943307037,498.91,97,buy
MSFT,1736943308510,302.79,61,sell
TSLA,1736943309601,198.69,53,buy
MSFT,1736943310106,298.76,31,sell
SPY,1736943311326,401.66,22,sell
SPY,1736943312935,399.64,71,buy
AAPL,1736943314499,149.04,2,sell
NVDA,1736943314801,500.38,20,buy
MSFT,1736943314859,300.13,79,sell
AAPL,1736943314881,153.34,63,sell
NVDA,1736943315591,500.57,38,sell
TSLA,1736943316084,195.61,100,sell
AAPL,1736943316736,151.15,64,buy
NVDA,1736943318390,499.38,37,sell
AAPL,1736943318713,152.26,3,sell
SPY,1736943321605,399.45,64,sell
SPY,1736943321799,400.75,39,buy
AAPL,1736943321814,149.8,89,sell
NVDA,1736943322169,499.76,75,buy
NVDA,1736943322715,500.08,34,buy
TSLA,1736943323497,198.98,13,buy
MSFT,1736943323681,296.77,3,buy
TSLA,1736943326144,196.96,87,sell
AAPL,1736943326279,149.33,28,buy
SPY,1736943326737,399.16,74,buy
SPY,1736943328062,401.33,35,sell
TSLA,1736943328612,199.93,16,buy
MSFT,1736943328889,301.17,51,sell
TSLA,1736943331614,198.17,51,sell
MSFT,1736943333469,298.58,76,buy
TSLA,1736943333795,199.86,37,sell
TSLA,1736943334665,198.67,11,buy
SPY,1736943335191,399.52,15,sell
AAPL,1736943337065,152.23,49,buy
NVDA,1736943337244,501.47,21,buy
TSLA,1736943337269,198.0,92,buy
TSLA,1736943337813,199.87,94,buy
TSLA,1736943338183,193.62,53,sell
AAPL,1736943339011,151.91,87,buy
TSLA,1736943339529,199.27,34,buy
TSLA,1736943339787,194.98,21,sell
SPY,1736943340454,401.59,7,buy
MSFT,1736943341664,300.94,11,sell
SPY,1736943341817,399.86,66,buy
AAPL,1736943341956,150.0,15,sell
NVDA,1736943342296,500.66,68,buy
TSLA,1736943342534,198.13,79,sell
SPY,1736943344206,400.36,50,sell
TSLA,1736943344823,198.42,43,buy
TSLA,1736943345362,195.64,11,buy
AAPL,1736943346690,150.95,58,sell
SPY,1736943347742,400.22,67,buy
AAPL,1736943348525,149.97,64,buy
MSFT,1736943349502,300.92,92,sell
AAPL,1736943349716,150.02,87,sell
MSFT,1736943350938,297.32,52,sell
NVDA,1736943350951,502.68,71,sell
SPY,1736943354404,400.52,91,buy
AAPL,1736943354408,152.44,42,sell
NVDA,1736943355511,498.6,76,sell
NVDA,1736943355552,501.21,8,sell
SPY,1736943357846,399.13,34,buy
AAPL,1736943358876,151.95,12,sell
AAPL,1736943359458,152.01,78,buy
TSLA,1736943359977,198.73,1,sell
TSLA,1736943360130,197.55,92,buy
SPY,1736943360275,398.82,34,sell
TSLA,1736943360715,198.27,93,buy
SPY,1736943361621,401.07,7,buy
TSLA,1736943362119,195.02,29,sell
MSFT,1736943363193,298.72,99,buy
TSLA,1736943364155,199.0,43,buy
SPY,1736943365313,399.15,13,buy
AAPL,1736943366304,151.71,10,sell
MSFT,1736943366945,301.89,3,buy
AAPL,1736943367977,152.52,50,sell
SPY,1736943369398,400.92,76,buy
TSLA,1736943370700,195.62,6,buy
NVDA,1736943371961,503.67,24,buy
TSLA,1736943372154,198.03,79,buy
SPY,1736943373598,400.54,43,buy
AAPL,1736943374062,149.82,26,buy
TSLA,1736943374298,198.06,5,buy
AAPL,1736943374890,149.79,37,buy
SPY,1736943374901,401.52,66,sell
AAPL,1736943375242,152.42,94,buy
AAPL,1736943375928,151.29,9,sell
NVDA,1736943376081,499.57,15,buy
MSFT,1736943376619,301.29,84,buy
TSLA,1736943376969,195.21,39,sell
NVDA,1736943377656,502.49,54,buy
SPY,1736943378792,400.66,79,buy
NVDA,1736943379471,502.46,93,buy
MSFT,1736943379510,299.72,36,sell
NVDA,1736943380172,500.16,47,buy
AAPL,1736943380469,151.72,10,sell
NVDA,1736943381404,503.6,44,buy
SPY,1736943381475,401.29,50,buy
MSFT,1736943382981,301.49,81,buy
TSLA,1736943383666,198.04,76,buy
SPY,1736943383710,399.95,7,buy
NVDA,1736943383746,499.31,65,buy
AAPL,1736943384268,152.07,6,sell
NVDA,1736943384355,501.27,68,buy
NVDA,1736943385387,500.46,47,sell
SPY,1736943387253,400.75,63,sell
NVDA,1736943387785,499.3,97,sell
TSLA,1736943388147,194.79,95,sell
NVDA,1736943389848,503.51,3,sell
AAPL,1736943390890,149.68,80,buy
MSFT,1736943391184,297.43,73,buy
SPY,1736943391240,399.37,58,buy
TSLA,1736943393832,195.31,15,buy
AAPL,1736943395001,152.51,89,buy
MSFT,1736943395165,297.2,63,buy
SPY,1736943395412,398.8,4,buy
NVDA,1736943395804,502.54,23,sell
TSLA,1736943396374,198.18,95,sell
NVDA,1736943398446,498.58,99,buy
TSLA,1736943401798,199.1,10,buy
AAPL,1736943402268,152.18,12,sell
NVDA,1736943403736,500.27,50,buy
SPY,1736943406853,400.57,83,sell
SPY,1736943407086,400.47,30,buy
MSFT,1736943407782,298.31,87,sell
AAPL,1736943407911,151.54,81,buy
NVDA,1736943410969,498.81,68,sell
TSLA,1736943411464,199.42,73,buy
MSFT,1736943411587,298.99,3,buy
TSLA,1736943412039,197.99,15,sell
SPY,1736943412352,400.37,75,sell
SPY,1736943412925,399.65,95,buy
SPY,1736943413246,399.61,59,sell
NVDA,1736943413482,503.66,8,sell
NVDA,1736943414391,500.29,50,buy
TSLA,1736943415053,198.41,59,buy
SPY,1736943415773,399.91,3,sell
NVDA,1736943415908,502.7,53,buy
NVDA,1736943416116,501.23,41,sell
NVDA,1736943416309,502.08,86,sell
TSLA,1736943417027,197.7,61,sell
MSFT,1736943417233,297.17,81,buy
TSLA,1736943417860,199.14,64,buy
NVDA,1736943418029,500.0,43,sell
MSFT,1736943418692,296.96,15,sell
NVDA,1736943419360,502.39,20,buy
AAPL,1736943420090,152.15,96,buy
NVDA,1736943420433,501.55,93,buy
AAPL,1736943421495,153.39,33,buy
TSLA,1736943422045,199.37,62,sell
NVDA,1736943423868,501.53,95,buy
MSFT,1736943424894,299.65,91,sell
AAPL,1736943425000,151.65,14,buy
AAPL,1736943425307,152.06,94,buy
TSLA,1736943425879,195.51,44,sell
SPY,1736943426915,398.9,11,buy
AAPL,1736943427377,151.66,28,buy
MSFT,1736943427601,300.5,12,sell
SPY,1736943427999,400.89,78,buy
AAPL,1736943428716,149.99,43,sell
NVDA,1736943429014,503.27,32,buy
SPY,1736943429174,399.19,92,sell
TSLA,1736943429944,197.68,81,sell
TSLA,1736943433177,195.99,18,buy
NVDA,1736943433394,503.5,29,sell
MSFT,1736943438330,297.39,15,sell
TSLA,1736943438825,198.84,1,buy
NVDA,1736943439313,502.72,83,sell
SPY,1736943441018,400.42,62,sell
SPY,1736943442498,399.39,4,buy
TSLA,1736943443075,196.38,63,sell
SPY,1736943443407,399.39,88,sell
AAPL,1736943443881,151.9,61,sell
SPY,1736943446045,400.09,68,sell
TSLA,1736943446139,195.48,4,sell
AAPL,1736943446177,152.97,54,sell
TSLA,1736943446201,195.27,87,buy
TSLA,1736943446369,198.33,74,buy
SPY,1736943448062,399.94,3,buy
TSLA,1736943449381,199.4,52,sell
NVDA,1736943449880,500.05,73,sell
NVDA,1736943451534,503.59,57,buy
TSLA,1736943451948,198.61,90,buy
SPY,1736943452355,400.89,78,sell
TSLA,1736943452632,194.02,60,sell
NVDA,1736943453300,499.91,17,sell
AAPL,1736943455181,151.7,68,sell
TSLA,1736943457001,194.83,22,sell
NVDA,1736943458105,501.16,91,buy
NVDA,1736943458818,502.5,29,sell
NVDA,1736943460309,501.64,79,buy
MSFT,1736943461228,299.02,4,buy
TSLA,1736943461426,198.74,54,buy
SPY,1736943462234,398.9,21,buy
TSLA,1736943462503,197.0,64,sell
NVDA,1736943463067,499.77,2,buy
AAPL,1736943465422,149.76,32,buy
AAPL,1736943467916,152.46,49,buy
AAPL,1736943468747,150.95,8,sell
NVDA,1736943468811,501.71,53,buy
TSLA,1736943469501,194.15,42,buy
AAPL,1736943470777,151.22,45,buy
NVDA,1736943470787,499.41,57,sell
MSFT,1736943471082,300.2,33,sell
TSLA,1736943471152,197.17,100,buy
SPY,1736943471513,401.77,8,buy
TSLA,1736943472800,198.28,82,buy
MSFT,1736943474276,298.62,76,sell
MSFT,1736943474597,300.75,62,sell
NVDA,1736943475861,499.96,36,sell
TSLA,1736943478289,200.15,50,buy
TSLA,1736943479142,198.19,51,buy
NVDA,1736943481229,501.89,16,sell
SPY,1736943481871,400.21,39,buy
TSLA,1736943482480,195.64,4,sell
NVDA,1736943482949,500.43,15,buy
NVDA,1736943485694,500.15,98,sell
SPY,1736943486544,399.44,5,sell
MSFT,1736943486957,300.21,18,buy
MSFT,1736943487054,301.33,18,buy
SPY,1736943487108,400.7,26,buy
SPY,1736943487975,400.83,23,sell
NVDA,1736943488256,499.52,26,sell
MSFT,1736943488912,301.64,48,buy
AAPL,1736943490358,151.74,86,sell
TSLA,1736943490473,199.78,54,buy
NVDA,1736943493787,501.91,91,buy
TSLA,1736943494746,200.2,15,sell
TSLA,1736943494839,198.35,39,sell
NVDA,1736943496186,499.22,77,sell
NVDA,1736943497930,502.65,50,sell
MSFT,1736943498325,299.09,21,sell
MSFT,1736943500557,302.01,23,sell
AAPL,1736943500950,151.56,84,buy
NVDA,1736943502235,498.86,41,buy
NVDA,1736943502562,502.75,86,sell
TSLA,1736943503294,198.66,92,buy
AAPL,1736943504044,149.43,3,sell
NVDA,1736943504869,500.26,14,sell
MSFT,1736943504956,300.2,66,buy
TSLA,1736943505393,198.63,83,sell
NVDA,1736943505465,501.31,22,buy
TSLA,1736943505530,195.08,25,sell
AAPL,1736943505645,151.26,97,sell
SPY,1736943505857,400.78,5,sell
AAPL,1736943505980,151.91,5,buy
SPY,1736943507138,399.54,74,buy
MSFT,1736943508272,300.3,58,sell
AAPL,1736943509186,151.16,9,sell
AAPL,1736943509553,149.5,88,sell
NVDA,1736943509647,502.43,4,sell
MSFT,1736943510561,297.02,95,buy
MSFT,1736943511348,297.7,45,buy
TSLA,1736943514244,196.51,13,sell
SPY,1736943515392,399.46,35,buy
AAPL,1736943516081,152.65,74,buy
SPY,1736943517533,399.96,4,sell
TSLA,1736943517746,195.28,33,sell
AAPL,1736943518357,152.05,87,sell
MSFT,1736943518542,296.87,61,sell
SPY,1736943519727,399.35,19,buy
NVDA,1736943520285,500.69,41,sell
TSLA,1736943521341,198.55,53,sell
AAPL,1736943521584,150.98,49,sell
TSLA,1736943521698,199.89,98,buy
MSFT,1736943522124,298.75,29,buy
SPY,1736943523554,399.45,73,sell
NVDA,1736943523574,499.1,81,buy
SPY,1736943524405,399.56,96,buy
NVDA,1736943524856,499.99,70,sell
NVDA,1736943525517,502.73,59,sell
NVDA,1736943526163,500.6,51,buy
MSFT,1736943526310,298.52,27,buy
NVDA,1736943526885,499.59,57,buy
TSLA,1736943527985,195.21,1,buy
AAPL,1736943528255,149.75,66,buy
TSLA,1736943528404,194.56,96,sell
SPY,1736943531040,401.29,26,sell
NVDA,1736943531732,502.72,76,buy
TSLA,1736943532468,198.28,54,sell
SPY,1736943532703,398.83,66,buy
NVDA,1736943534419,498.57,6,sell
MSFT,1736943534495,301.53,91,buy
AAPL,1736943537185,151.68,18,buy
SPY,1736943538436,399.27,40,sell
SPY,1736943538583,400.16,6,buy
MSFT,1736943538727,302.35,4,sell
AAPL,1736943539130,150.7,98,buy
NVDA,1736943542856,501.38,21,buy
MSFT,1736943546008,301.05,78,buy
NVDA,1736943546130,498.89,35,sell
TSLA,1736943547525,195.81,53,buy
AAPL,1736943547634,150.84,7,sell
SPY,1736943547658,399.74,50,sell
AAPL,1736943552314,150.34,71,sell
SPY,1736943552406,399.88,34,sell
MSFT,1736943553312,298.82,33,buy
AAPL,1736943553406,151.87,54,sell
SPY,1736943553862,400.76,78,buy
AAPL,1736943554225,152.08,95,sell
NVDA,1736943554948,500.57,18,sell
TSLA,1736943555138,195.12,29,sell
MSFT,1736943555764,297.63,27,buy
SPY,1736943555916,401.19,50,sell
AAPL,1736943556038,151.85,3,buy
MSFT,1736943556066,298.26,82,sell
NVDA,1736943556160,501.76,12,sell
NVDA,1736943556991,499.26,30,sell
NVDA,1736943556991,502.69,51,sell
MSFT,1736943557479,301.98,12,sell
SPY,1736943557495,398.95,75,sell
MSFT,1736943559497,300.23,44,sell
AAPL,1736943559949,151.72,81,sell
TSLA,1736943560155,195.02,85,sell
SPY,1736943560942,399.87,31,buy
NVDA,1736943561034,499.32,70,buy
MSFT,1736943561116,300.36,51,buy
TSLA,1736943561841,196.42,20,buy
NVDA,1736943561980,501.45,36,sell
TSLA,1736943562811,194.62,30,buy
MSFT,1736943563142,300.84,96,buy
MSFT,1736943563997,297.75,91,sell
TSLA,1736943564233,196.01,65,sell
NVDA,1736943564356,501.6,52,buy
NVDA,1736943564965,500.32,42,buy
TSLA,1736943567142,194.79,54,sell
SPY,1736943567185,401.47,5,sell
AAPL,1736943568568,152.04,93,buy
NVDA,1736943569046,503.19,77,sell
MSFT,1736943569840,300.18,50,buy
TSLA,1736943572447,197.83,59,sell
NVDA,1736943573534,501.1,95,sell
SPY,1736943574963,400.84,5,sell
AAPL,1736943576117,149.7,65,buy
SPY,1736943576641,401.43,93,sell
NVDA,1736943577294,500.29,85,buy
AAPL,1736943577843,149.58,37,buy
NVDA,1736943577981,500.93,7,sell
TSLA,1736943578629,195.34,90,buy
MSFT,1736943579915,301.25,83,buy
TSLA,1736943580728,200.04,66,sell
MSFT,1736943581025,301.94,15,sell
MSFT,1736943581430,298.89,42,buy
SPY,1736943582358,399.83,99,buy
SPY,1736943582704,399.66,12,buy
MSFT,1736943583120,300.49,63,sell
SPY,1736943583657,399.49,11,buy
NVDA,1736943585451,500.6,70,sell
TSLA,1736943585593,197.58,57,buy
SPY,1736943586086,400.33,3,sell
NVDA,1736943588019,499.53,24,buy
TSLA,1736943588246,197.88,58,buy
NVDA,1736943588650,498.71,51,sell
TSLA,1736943588921,194.88,94,buy
SPY,1736943589745,399.72,77,sell
SPY,1736943590493,399.11,21,sell
MSFT,1736943590530,301.16,55,sell
MSFT,1736943591056,298.87,42,buy
AAPL,1736943591117,152.08,93,sell
NVDA,1736943593247,501.99,17,buy
SPY,1736943593723,399.79,72,buy
MSFT,1736943593862,297.39,7,buy
TSLA,1736943595754,199.57,99,sell
SPY,1736943595786,399.69,39,buy
TSLA,1736943595836,197.67,19,buy
MSFT,1736943596193,298.67,9,sell
AAPL,1736943596259,149.96,4,buy
SPY,1736943596815,399.72,81,sell
AAPL,1736943596919,151.17,42,buy
SPY,1736943598238,400.13,43,buy
TSLA,1736943599254,195.16,57,buy
MSFT,1736943599316,301.29,62,sell
AAPL,1736943599875,149.95,2,sell
SPY,1736943601641,399.68,96,buy
NVDA,1736943601795,500.25,53,sell
MSFT,1736943604855,303.01,91,buy
MSFT,1736943606732,299.29,83,buy
TSLA,1736943608663,194.18,38,buy
SPY,1736943608782,398.96,67,buy
NVDA,1736943610252,501.15,70,buy
AAPL,1736943610855,150.75,70,sell
AAPL,1736943611275,151.8,74,sell
SPY,1736943611308,400.23,81,sell
MSFT,1736943611578,299.99,71,sell
TSLA,1736943611940,198.29,69,buy
SPY,1736943612245,400.11,6,sell
AAPL,1736943612611,150.2,78,buy
SPY,1736943614111,399.21,56,sell
SPY,1736943614287,400.79,26,sell
NVDA,1736943615825,501.5,80,buy
MSFT,1736943616749,298.9,23,buy
AAPL,1736943617294,152.72,46,buy
NVDA,1736943617584,502.71,52,buy
MSFT,1736943618058,299.83,16,sell
MSFT,1736943619997,301.55,63,sell
AAPL,1736943622127,152.33,91,buy
NVDA,1736943622390,501.96,36,sell
AAPL,1736943622395,152.14,93,buy
AAPL,1736943622615,152.89,77,sell
NVDA,1736943622740,500.37,93,buy
MSFT,1736943622866,299.19,62,sell
AAPL,1736943624087,152.53,24,buy
TSLA,1736943624377,195.37,60,sell
NVDA,1736943624726,502.59,62,buy
NVDA,1736943625085,499.3,71,sell
MSFT,1736943626551,297.31,76,buy
AAPL,1736943627324,151.98,90,buy
SPY,1736943627968,400.47,84,sell
MSFT,1736943628423,298.87,80,sell
TSLA,1736943628824,199.8,90,sell
MSFT,1736943629871,299.34,40,sell
TSLA,1736943630115,198.13,51,buy
AAPL,1736943631039,150.34,37,sell
AAPL,1736943631064,152.97,57,buy
NVDA,1736943631990,499.35,5,buy
MSFT,1736943632159,298.88,85,sell
SPY,1736943633031,400.26,12,buy
TSLA,1736943633085,195.27,88,sell
TSLA,1736943633713,195.51,26,buy
AAPL,1736943634138,153.06,11,buy
TSLA,1736943636912,195.8,74,buy
AAPL,1736943637368,153.25,86,buy
MSFT,1736943638313,297.22,75,sell
NVDA,1736943639911,499.79,61,sell
TSLA,1736943640201,199.98,86,buy
AAPL,1736943640513,151.83,65,sell
NVDA,1736943640831,501.23,10,sell
TSLA,1736943642577,195.47,55,sell
SPY,1736943643658,399.34,97,sell
AAPL,1736943644274,152.64,52,sell
MSFT,1736943644813,301.43,24,sell
NVDA,1736943644892,500.1,70,buy
NVDA,1736943645835,499.06,67,buy
NVDA,1736943645916,500.43,76,sell
NVDA,1736943647344,499.54,100,buy
NVDA,1736943648874,501.52,81,buy
MSFT,1736943649198,296.91,74,sell
SPY,1736943649852,401.54,14,buy
TSLA,1736943649977,198.35,74,sell
NVDA,1736943650052,503.83,50,sell
MSFT,1736943650243,299.18,43,buy
SPY,1736943651329,401.69,74,buy
AAPL,1736943651823,149.38,1,sell
NVDA,1736943651928,500.28,29,sell
AAPL,1736943653356,149.89,85,buy
AAPL,1736943653560,150.87,67,sell
AAPL,1736943654688,149.61,12,buy
AAPL,1736943655590,152.62,49,sell
SPY,1736943655816,399.25,60,sell
AAPL,1736943657495,152.55,5,sell
SPY,1736943660298,400.82,90,sell
AAPL,1736943660912,151.84,47,buy
MSFT,1736943661839,301.52,44,sell
TSLA,1736943662203,198.95,55,buy
NVDA,1736943663881,501.59,93,sell
AAPL,1736943664883,151.68,52,buy
NVDA,1736943665484,500.35,38,buy
NVDA,1736943666004,501.12,69,sell
SPY,1736943667729,399.45,100,sell
SPY,1736943667869,399.63,91,buy
SPY,1736943669499,400.09,55,buy
TSLA,1736943669690,199.84,32,sell
MSFT,1736943669712,298.51,75,sell
AAPL,1736943670300,149.41,98,sell
MSFT,1736943670941,300.32,3,sell
NVDA,1736943671340,499.43,90,sell
AAPL,1736943671589,150.86,40,sell
AAPL,1736943672343,150.48,78,sell
MSFT,1736943674279,297.47,83,sell
AAPL,1736943675926,151.96,39,buy
AAPL,1736943677415,149.97,51,buy
TSLA,1736943678178,198.56,53,buy
NVDA,1736943678622,504.07,99,buy
MSFT,1736943679007,298.94,75,sell
SPY,1736943680088,399.89,32,buy
AAPL,1736943680400,151.1,35,buy
SPY,1736943680458,399.69,71,buy
TSLA,1736943680637,199.46,10,sell
MSFT,1736943680755,297.42,100,buy
MSFT,1736943681952,297.04,11,sell
TSLA,1736943682117,198.21,9,sell
TSLA,1736943682272,200.01,47,buy
SPY,1736943682763,399.65,31,buy
TSLA,1736943682829,199.34,9,sell
AAPL,1736943683065,152.09,3,buy
SPY,1736943683437,399.71,49,buy
SPY,1736943685005,399.49,47,sell
SPY,1736943687556,399.1,65,buy
MSFT,1736943688270,298.69,46,buy
SPY,1736943689953,399.81,40,buy
AAPL,1736943690077,149.03,86,buy
TSLA,1736943690845,200.13,74,sell
MSFT,1736943691743,298.02,91,buy
SPY,1736943692880,400.29,97,sell
MSFT,1736943694320,300.04,13,buy
MSFT,1736943695183,296.94,68,buy
NVDA,1736943696046,502.12,98,buy
NVDA,1736943696155,503.3,1,buy
SPY,1736943696800,400.47,7,sell
AAPL,1736943696881,150.54,68,sell
TSLA,1736943698093,198.61,73,sell
AAPL,1736943698414,152.1,24,buy
MSFT,1736943698968,297.67,5,buy
SPY,1736943699513,400.84,52,sell
NVDA,1736943699738,501.89,80,sell
MSFT,1736943700789,297.68,32,sell
AAPL,1736943701081,151.74,11,sell
NVDA,1736943701572,502.56,2,buy
NVDA,1736943702065,499.72,28,buy
SPY,1736943702468,399.51,51,sell
SPY,1736943702558,401.55,66,sell
NVDA,1736943702835,503.44,84,buy
TSLA,1736943702895,199.35,93,buy
NVDA,1736943704350,502.56,78,sell
SPY,1736943704892,400.48,99,sell
SPY,1736943705166,400.02,85,sell
SPY,1736943705248,401.27,100,buy
AAPL,1736943706236,151.71,1,sell
AAPL,1736943706249,151.47,19,buy
AAPL,1736943706773,151.52,20,buy
MSFT,1736943707403,298.53,83,sell
NVDA,1736943707478,499.63,62,buy
SPY,1736943708115,400.96,7,sell
AAPL,1736943708218,152.25,57,buy
TSLA,1736943708926,195.64,19,buy
TSLA,1736943709395,195.11,1,buy
TSLA,1736943709601,195.5,65,sell
AAPL,1736943710574,153.12,20,buy
TSLA,1736943711029,198.38,14,buy
NVDA,1736943711433,501.39,40,sell
MSFT,1736943711826,301.48,62,buy
TSLA,1736943712541,195.21,74,buy
AAPL,1736943712652,151.41,73,sell
SPY,1736943713667,401.59,23,sell
AAPL,1736943713970,152.67,74,buy
NVDA,1736943715272,502.24,18,buy
MSFT,1736943715935,298.3,63,sell
NVDA,1736943716206,501.71,85,buy
MSFT,1736943717962,300.09,74,sell
NVDA,1736943718258,503.37,45,sell
MSFT,1736943718338,296.88,36,buy
SPY,1736943719049,399.91,35,sell
MSFT,1736943719385,301.9,74,sell
SPY,1736943721796,400.7,60,sell
MSFT,1736943721805,297.46,34,sell
NVDA,1736943722472,499.69,32,sell
SPY,1736943722732,401.57,66,buy
TSLA,1736943723308,198.23,75,buy
SPY,1736943723956,400.87,33,sell
MSFT,1736943724564,298.68,53,buy
NVDA,1736943724744,501.54,67,buy
NVDA,1736943724752,502.23,23,sell
MSFT,1736943725336,297.49,59,sell
MSFT,1736943725774,298.55,93,sell
AAPL,1736943725994,151.78,59,sell
AAPL,1736943726182,152.38,46,sell
MSFT,1736943727167,297.25,30,sell
NVDA,1736943727358,501.99,96,buy
MSFT,1736943727420,300.26,88,sell
TSLA,1736943727619,195.68,62,buy
AAPL,1736943727850,149.42,63,buy
NVDA,1736943729154,503.67,35,sell
SPY,1736943729181,400.19,22,sell
AAPL,1736943729209,149.8,45,sell
NVDA,1736943729893,502.67,18,buy
NVDA,1736943730546,501.03,35,sell
NVDA,1736943730764,499.17,89,buy
SPY,1736943731042,400.16,50,sell
NVDA,1736943731402,501.53,3,buy
TSLA,1736943731573,199.88,56,buy
AAPL,1736943731655,150.51,48,sell
AAPL,1736943732940,152.63,88,buy
TSLA,1736943733715,195.06,71,sell
AAPL,1736943735736,151.27,60,sell
TSLA,1736943735788,197.63,74,sell
MSFT,1736943735830,301.06,24,sell
SPY,1736943736691,400.38,2,buy
NVDA,1736943738292,500.57,4,buy
NVDA,1736943738885,500.66,38,buy
MSFT,1736943739175,301.38,1,sell
MSFT,1736943739288,297.42,45,buy
MSFT,1736943740606,303.1,29,buy
NVDA,1736943740921,502.05,75,sell
SPY,1736943741307,398.87,4,sell
MSFT,1736943742301,297.78,34,buy
MSFT,1736943742450,297.3,93,buy
NVDA,1736943743687,501.11,90,buy
AAPL,1736943743785,153.06,3,buy
SPY,1736943744135,399.11,6,sell
AAPL,1736943745171,152.0,59,buy
SPY,1736943745283,401.1,53,buy
AAPL,1736943746299,151.9,85,buy
SPY,1736943746530,399.02,24,sell
TSLA,1736943746782,197.44,2,sell
MSFT,1736943746846,297.39,70,sell
TSLA,1736943748017,195.47,12,buy
NVDA,1736943749180,501.47,14,sell
NVDA,1736943749525,499.13,98,buy
TSLA,1736943749725,196.28,34,buy
NVDA,1736943750012,500.11,67,buy
SPY,1736943750364,400.45,42,buy
TSLA,1736943750772,195.58,6,buy
NVDA,1736943751511,501.76,39,buy
NVDA,1736943751919,499.26,43,buy
AAPL,1736943752665,151.77,80,buy
NVDA,1736943752764,501.11,51,buy
NVDA,1736943752967,500.35,47,buy
AAPL,1736943753037,152.98,96,sell
SPY,1736943753388,400.37,27,sell
SPY,1736943753568,400.48,71,sell
SPY,1736943753918,399.63,13,buy
SPY,1736943754569,398.91,73,sell
TSLA,1736943754635,197.34,77,sell
TSLA,1736943756380,198.62,1,sell
MSFT,1736943757345,300.26,33,sell
MSFT,1736943757421,298.64,69,buy
MSFT,1736943758358,299.22,43,buy
NVDA,1736943758419,500.23,40,buy
SPY,1736943760093,399.93,68,sell
NVDA,1736943760723,499.49,76,buy
AAPL,1736943761028,152.32,99,buy
AAPL,1736943763005,149.23,8,buy
NVDA,1736943763393,500.52,98,buy
AAPL,1736943763903,152.7,87,sell
TSLA,1736943764264,198.62,41,buy
TSLA,1736943764878,193.15,48,buy
NVDA,1736943765115,500.72,35,buy
AAPL,1736943765485,152.68,68,sell
AAPL,1736943765617,150.65,54,buy
MSFT,1736943766832,297.46,6,buy
NVDA,1736943767377,500.29,91,sell
TSLA,1736943767753,195.78,82,sell
TSLA,1736943768037,193.69,94,buy
SPY,1736943770927,399.73,39,buy
SPY,1736943771661,399.02,99,sell
AAPL,1736943772029,152.65,66,buy
TSLA,1736943772364,200.05,28,buy
SPY,1736943772591,399.48,91,sell
AAPL,1736943772832,152.28,22,sell
NVDA,1736943773537,498.94,81,sell
TSLA,1736943774394,199.99,88,sell
AAPL,1736943775164,151.86,96,sell
SPY,1736943775300,399.32,73,sell
MSFT,1736943776898,303.02,79,buy
AAPL,1736943778300,152.75,13,sell
TSLA,1736943778579,196.9,25,sell
TSLA,1736943778609,200.06,7,buy
MSFT,1736943779253,296.9,60,buy
MSFT,1736943779502,298.53,22,sell
NVDA,1736943781731,499.89,18,sell
AAPL,1736943782925,152.97,93,buy
SPY,1736943783149,401.58,63,buy
AAPL,1736943784807,151.14,15,buy
MSFT,1736943785390,297.7,32,buy
SPY,1736943786208,401.25,92,buy
NVDA,1736943787417,498.91,5,sell
TSLA,1736943787496,195.45,10,buy
AAPL,1736943788667,151.58,42,buy
MSFT,1736943788773,297.96,80,sell
TSLA,1736943791439,194.2,31,buy
MSFT,1736943791736,297.05,89,buy
SPY,1736943792306,400.98,75,buy
NVDA,1736943793851,501.84,22,sell
AAPL,1736943794113,151.64,8,buy
AAPL,1736943794593,151.86,37,sell
AAPL,1736943795135,149.94,10,buy
SPY,1736943795405,399.04,5,buy
SPY,1736943796470,399.37,48,sell
AAPL,1736943796596,149.59,20,sell
NVDA,1736943798365,500.01,1,buy
SPY,1736943800030,399.14,37,buy
NVDA,1736943801923,500.28,24,buy
NVDA,1736943802019,499.54,42,buy
TSLA,1736943803952,194.49,55,sell
MSFT,1736943804287,300.78,80,sell
SPY,1736943804871,399.56,5,sell
AAPL,1736943805551,152.61,94,sell
TSLA,1736943805637,197.56,68,sell
TSLA,1736943805652,195.49,7,buy
NVDA,1736943805907,499.45,45,buy
SPY,1736943806883,400.48,88,sell
NVDA,1736943806965,499.67,12,buy
SPY,1736943807226,401.48,84,buy
SPY,1736943807563,399.66,73,buy
TSLA,1736943808480,198.12,80,sell
SPY,1736943811172,399.99,37,sell
NVDA,1736943811347,500.62,88,sell
TSLA,1736943811511,198.34,33,buy
SPY,1736943812463,399.32,32,sell
NVDA,1736943812793,499.69,38,sell
MSFT,1736943813461,297.15,91,buy
SPY,1736943813548,399.84,64,buy
TSLA,1736943813897,194.97,72,sell
AAPL,1736943814601,151.12,2,sell
MSFT,1736943815717,297.53,49,sell
NVDA,1736943816272,503.39,45,sell
SPY,1736943816901,399.74,51,sell
TSLA,1736943817438,194.67,72,sell
MSFT,1736943817507,297.59,64,buy
MSFT,1736943817823,300.32,33,buy
AAPL,1736943817860,151.93,90,buy
NVDA,1736943818536,503.93,8,buy
MSFT,1736943818976,298.69,4,sell
TSLA,1736943819980,193.85,4,buy
SPY,1736943820055,399.67,48,sell
AAPL,1736943820953,150.75,87,sell
AAPL,1736943821682,150.99,48,sell
TSLA,1736943822488,197.18,68,sell
AAPL,1736943822978,150.7,77,sell
SPY,1736943823680,399.51,94,sell
AAPL,1736943823770,152.44,50,buy
SPY,1736943823796,400.93,88,sell
SPY,1736943824254,401.2,56,buy
MSFT,1736943825203,299.18,56,sell
NVDA,1736943825309,503.26,71,sell
NVDA,1736943826433,501.94,23,sell
MSFT,1736943826682,298.73,17,buy
MSFT,1736943826917,297.46,57,sell
MSFT,1736943827496,299.32,49,buy
NVDA,1736943827602,499.91,42,sell
TSLA,1736943827692,194.07,91,buy
SPY,1736943827936,400.61,10,buy
NVDA,1736943828077,499.22,39,buy
AAPL,1736943829459,150.92,33,buy
TSLA,1736943829612,196.3,17,buy
MSFT,1736943829898,298.56,34,sell
AAPL,1736943830572,152.42,64,sell
SPY,1736943830773,398.84,80,sell
NVDA,1736943831029,499.43,13,sell
SPY,1736943831041,399.96,25,sell
NVDA,1736943831103,499.55,65,sell
MSFT,1736943831583,299.82,51,sell
TSLA,1736943832407,193.56,32,buy
TSLA,1736943832508,198.43,60,buy
MSFT,1736943832730,302.26,55,buy
TSLA,1736943832942,194.7,42,sell
AAPL,1736943833069,151.95,4,sell
SPY,1736943834352,399.31,90,sell
MSFT,1736943835778,299.65,50,buy
TSLA,1736943835855,197.03,78,sell
TSLA,1736943836327,197.82,18,sell
NVDA,1736943836550,502.73,14,buy
NVDA,1736943836804,499.77,14,sell
TSLA,1736943836902,195.92,98,buy
MSFT,1736943837317,297.87,93,sell
SPY,1736943837874,400.05,78,buy
TSLA,1736943838539,197.25,30,sell
SPY,1736943839533,400.23,64,buy
AAPL,1736943839911,152.73,3,sell
MSFT,1736943840263,300.16,98,buy
MSFT,1736943840405,299.0,67,buy
MSFT,1736943840803,297.64,34,buy
TSLA,1736943840822,198.47,74,buy
AAPL,1736943841156,149.19,30,sell
MSFT,1736943841385,300.65,48,sell
NVDA,1736943841495,499.58,23,sell
NVDA,1736943842212,502.72,85,sell
TSLA,1736943845191,195.26,84,buy
AAPL,1736943845821,149.25,68,buy
MSFT,1736943845857,297.48,29,buy
MSFT,1736943846798,301.37,55,buy
AAPL,1736943847254,149.11,100,sell
SPY,1736943847612,400.2,5,buy
AAPL,1736943849558,151.53,14,buy
MSFT,1736943849614,302.36,60,sell
MSFT,1736943850112,297.53,95,buy
TSLA,1736943852091,195.24,46,sell
MSFT,1736943853853,299.1,8,sell
NVDA,1736943854202,501.35,80,buy
SPY,1736943854936,399.64,71,sell
AAPL,1736943855240,152.23,46,sell
MSFT,1736943855703,298.99,52,sell
NVDA,1736943856580,499.47,38,sell
TSLA,1736943857436,198.52,76,buy
MSFT,1736943857565,301.16,63,buy
SPY,1736943860156,399.35,37,buy
TSLA,1736943862506,199.07,31,buy
AAPL,1736943863015,151.95,97,buy
MSFT,1736943865057,302.8,22,sell
SPY,1736943866101,399.03,65,sell
MSFT,1736943867213,296.59,45,buy
MSFT,1736943868827,299.0,61,sell
SPY,1736943869602,400.8,32,buy
SPY,1736943870229,401.0,26,sell
MSFT,1736943870686,300.09,73,sell
SPY,1736943871565,399.72,33,sell
TSLA,1736943871860,195.31,91,sell
TSLA,1736943872632,195.15,82,sell
NVDA,1736943872928,503.93,79,buy
TSLA,1736943873358,200.1,72,sell
SPY,1736943873927,400.01,79,sell
AAPL,1736943874792,152.51,20,sell
MSFT,1736943875647,301.29,69,buy
TSLA,1736943876820,198.77,48,sell
MSFT,1736943877005,299.37,47,sell
SPY,1736943877020,399.78,42,buy
AAPL,1736943878540,151.78,6,sell
MSFT,1736943878622,300.04,23,buy
MSFT,1736943880510,298.6,71,sell
NVDA,1736943880995,504.25,15,buy
SPY,1736943882655,400.84,79,sell
MSFT,1736943883286,299.25,99,sell
AAPL,1736943883534,149.89,15,sell
MSFT,1736943883803,299.3,56,sell
AAPL,1736943885019,151.23,88,sell
TSLA,1736943886121,195.25,7,buy
AAPL,1736943886786,152.74,38,buy
SPY,1736943886926,399.77,85,buy
TSLA,1736943888425,199.75,79,buy
NVDA,1736943888910,501.06,83,sell
TSLA,1736943888915,197.27,90,buy
SPY,1736943889525,400.66,48,buy
SPY,1736943891678,401.12,2,sell
AAPL,1736943892067,151.93,45,buy
TSLA,1736943892093,193.05,60,sell
MSFT,1736943892944,301.07,67,buy
MSFT,1736943893523,299.94,32,sell
AAPL,1736943893725,149.65,17,buy
MSFT,1736943897347,297.63,1,sell
MSFT,1736943898217,298.69,97,buy
NVDA,1736943899302,501.76,48,buy
TSLA,1736943900069,194.96,14,buy
SPY,1736943901067,399.89,31,sell
AAPL,1736943901070,150.78,16,sell
MSFT,1736943901634,298.61,32,buy
NVDA,1736943902126,499.3,27,buy
NVDA,1736943902181,503.36,99,buy
AAPL,1736943902250,151.94,11,sell
TSLA,1736943902638,196.37,37,sell
MSFT,1736943903142,298.98,62,buy
AAPL,1736943904538,151.88,25,buy
SPY,1736943904547,399.72,100,buy
MSFT,1736943906718,299.12,84,sell
AAPL,1736943909095,149.36,89,sell
MSFT,1736943910533,299.75,67,sell
SPY,1736943910792,401.29,70,buy
SPY,1736943911277,399.69,58,buy
NVDA,1736943911304,499.84,100,buy
MSFT,1736943911342,297.38,98,buy
SPY,1736943911916,400.62,79,buy
TSLA,1736943913360,199.19,79,sell
TSLA,1736943913704,199.13,51,sell
SPY,1736943914372,399.37,9,sell
AAPL,1736943914569,151.67,77,buy
TSLA,1736943914685,198.96,6,sell
TSLA,1736943915166,198.14,56,buy
TSLA,1736943915416,198.21,10,buy
SPY,1736943916113,399.61,76,buy
TSLA,1736943916240,199.79,83,sell
SPY,1736943919949,401.04,71,buy
MSFT,1736943921611,298.49,20,buy
SPY,1736943922048,399.89,2,buy
AAPL,1736943922775,152.62,13,sell
NVDA,1736943923298,500.48,56,buy
AAPL,1736943923502,152.73,32,buy
AAPL,1736943924248,150.52,87,buy
MSFT,1736943926720,296.71,2,buy
NVDA,1736943927305,500.68,94,sell
MSFT,1736943927402,297.56,29,sell
MSFT,1736943929375,297.18,48,sell
TSLA,1736943929944,195.44,13,buy
SPY,1736943933983,399.64,6,sell
TSLA,1736943934250,199.35,54,sell
AAPL,1736943934716,149.95,46,sell
TSLA,1736943934739,198.2,47,sell
NVDA,1736943935039,503.23,66,buy
SPY,1736943936006,399.78,36,buy
TSLA,1736943936092,199.82,85,sell
NVDA,1736943936705,503.73,92,sell
TSLA,1736943937548,199.71,94,sell
AAPL,1736943940246,151.02,72,sell
MSFT,1736943941329,302.03,99,buy
SPY,1736943942035,399.71,54,sell
MSFT,1736943942321,296.95,47,buy
SPY,1736943942772,400.04,76,sell
SPY,1736943943247,401.15,34,buy
AAPL,1736943943301,152.56,69,sell
TSLA,1736943943417,195.22,30,buy
MSFT,1736943944482,302.86,8,buy
AAPL,1736943945242,152.3,78,sell
TSLA,1736943945444,198.42,45,sell
TSLA,1736943945508,198.07,76,buy
MSFT,1736943945903,298.42,3,buy
SPY,1736943945923,400.4,2,sell
TSLA,1736943948878,195.97,66,sell
AAPL,1736943949250,149.52,78,buy
TSLA,1736943950803,198.56,49,buy
TSLA,1736943950853,195.43,47,buy
SPY,1736943950996,401.34,43,sell
TSLA,1736943951561,199.79,65,sell
MSFT,1736943951763,299.46,35,buy
SPY,1736943954095,399.92,45,sell
MSFT,1736943954754,302.74,34,sell
SPY,1736943955411,401.82,17,buy
NVDA,1736943956312,500.43,1,buy
TSLA,1736943957159,195.06,57,sell
AAPL,1736943957459,152.94,60,buy
SPY,1736943958815,400.69,60,sell
AAPL,1736943958952,151.78,71,sell
SPY,1736943959195,399.59,38,buy
TSLA,1736943961813,198.55,5,sell
SPY,1736943961974,399.78,94,sell
AAPL,1736943966834,153.59,57,sell
NVDA,1736943967238,503.81,65,buy
TSLA,1736943968931,195.82,77,buy
SPY,1736943969032,399.49,15,buy
MSFT,1736943972298,296.99,90,buy
NVDA,1736943972306,502.83,48,sell
NVDA,1736943972461,499.52,70,buy
MSFT,1736943972525,301.12,35,buy
MSFT,1736943972721,297.89,35,sell
SPY,1736943973361,399.84,94,buy
SPY,1736943973362,399.69,75,sell
SPY,1736943973456,399.64,40,buy
TSLA,1736943973794,198.8,51,buy
AAPL,1736943974814,149.49,27,sell
AAPL,1736943975375,151.27,84,sell
SPY,1736943975385,399.02,74,sell
MSFT,1736943977265,299.31,70,sell
NVDA,1736943977299,502.2,87,sell
AAPL,1736943978211,150.3,42,buy
AAPL,1736943978512,150.4,31,buy
SPY,1736943978560,399.59,12,buy
AAPL,1736943978728,153.13,33,buy
MSFT,1736943979024,303.04,89,buy
AAPL,1736943980624,149.92,67,sell
NVDA,1736943981364,500.42,28,sell
SPY,1736943982025,399.49,85,sell
MSFT,1736943982089,298.54,77,sell
MSFT,1736943984196,298.96,91,sell
AAPL,1736943985241,150.99,46,buy
MSFT,1736943985626,297.13,44,sell
TSLA,1736943986000,196.99,20,sell
SPY,1736943986331,400.92,82,sell
MSFT,1736943986688,297.72,22,buy
SPY,1736943987018,400.1,31,sell
SPY,1736943987148,401.02,87,sell
MSFT,1736943987152,298.93,5,sell
SPY,1736943987224,400.25,37,sell
SPY,1736943987290,401.19,61,buy
TSLA,1736943988328,195.6,72,sell
SPY,1736943989390,400.83,44,buy
TSLA,1736943989942,198.32,67,sell
AAPL,1736943990098,151.75,18,sell
NVDA,1736943990204,501.55,67,buy
MSFT,1736943990772,299.59,93,sell
SPY,1736943991050,399.05,59,buy
NVDA,1736943991361,502.7,4,sell
SPY,1736943992605,400.55,5,sell
AAPL,1736943992880,151.77,66,sell
AAPL,1736943995601,150.38,100,sell
NVDA,1736943996785,502.36,58,buy
TSLA,1736943997359,194.77,44,buy
NVDA,1736943999182,502.03,67,buy
NVDA,1736943999617,501.71,67,sell
SPY,1736943999875,399.45,46,sell
MSFT,1736943999900,300.3,93,sell
SPY,1736943999930,399.62,64,sell
NVDA,1736944000080,501.18,27,sell
MSFT,1736944002757,298.92,12,buy
MSFT,1736944004531,297.52,22,buy
NVDA,1736944004732,499.61,32,buy
TSLA,1736944004785,195.61,45,sell
TSLA,1736944005179,198.34,55,sell
SPY,1736944005195,399.68,45,sell
TSLA,1736944005423,195.66,93,buy
SPY,1736944005433,399.64,66,buy
MSFT,1736944005631,303.04,12,sell
AAPL,1736944005798,149.3,35,sell
MSFT,1736944005983,300.18,41,buy
AAPL,1736944006572,152.73,50,buy
TSLA,1736944006637,194.77,66,buy
SPY,1736944007085,401.04,20,sell
AAPL,1736944007331,152.11,71,sell
NVDA,1736944008054,500.78,35,buy
TSLA,1736944008915,200.56,22,sell
MSFT,1736944009885,299.22,44,buy
NVDA,1736944010826,500.64,43,buy
MSFT,1736944011525,298.71,68,sell
NVDA,1736944011795,502.34,78,buy
NVDA,1736944012124,500.85,87,buy
MSFT,1736944012859,298.22,24,buy
NVDA,1736944013476,502.1,30,buy
TSLA,1736944014186,198.59,82,buy
SPY,1736944015173,401.19,96,buy
NVDA,1736944016792,503.31,73,buy
MSFT,1736944016977,299.6,71,buy
AAPL,1736944019418,150.9,6,buy
AAPL,1736944020874,152.57,83,buy
MSFT,1736944021079,300.14,22,buy
MSFT,1736944021262,297.53,68,buy
MSFT,1736944022401,298.28,8,buy
SPY,1736944023777,400.66,18,buy
AAPL,1736944024169,152.86,17,sell
NVDA,1736944024477,499.7,52,sell
AAPL,1736944026554,149.7,95,sell
MSFT,1736944030612,299.09,43,sell
TSLA,1736944030780,193.97,9,sell
TSLA,1736944031414,195.9,22,buy
AAPL,1736944031615,151.07,19,sell
AAPL,1736944033098,149.53,42,sell
AAPL,1736944033631,152.13,32,buy
SPY,1736944033783,400.46,25,buy
AAPL,1736944034329,150.26,9,sell
AAPL,1736944035772,151.82,78,sell
MSFT,1736944036179,298.92,13,buy
TSLA,1736944036207,195.83,81,buy
AAPL,1736944037032,150.88,95,buy
NVDA,1736944037543,500.35,69,buy
SPY,1736944038294,400.49,78,sell
AAPL,1736944038708,149.78,30,sell
TSLA,1736944039548,199.08,27,buy
MSFT,1736944040717,300.1,36,buy
SPY,1736944040850,400.89,89,buy
NVDA,1736944041091,499.65,43,buy
TSLA,1736944041570,195.0,65,buy
SPY,1736944041619,399.05,53,sell
NVDA,1736944041619,502.5,85,buy
SPY,1736944043638,400.55,55,buy
AAPL,1736944044399,151.63,97,buy
NVDA,1736944044543,499.49,30,buy
AAPL,1736944046078,152.46,25,sell
SPY,1736944046268,401.66,7,buy
SPY,1736944047823,400.92,9,sell
TSLA,1736944047834,199.32,79,sell
AAPL,1736944048842,153.25,27,sell
AAPL,1736944050219,152.68,21,buy
NVDA,1736944052145,501.3,9,sell
TSLA,1736944052751,195.18,5,buy
MSFT,1736944053814,301.45,44,sell
NVDA,1736944053999,501.96,34,sell
AAPL,1736944054061,153.08,64,sell
SPY,1736944054355,399.3,5,sell
NVDA,1736944055169,502.49,58,buy
AAPL,1736944056395,152.42,39,buy
NVDA,1736944056579,499.56,27,sell
MSFT,1736944057339,296.98,77,buy
TSLA,1736944059256,195.4,14,buy
TSLA,1736944060442,195.36,36,buy
TSLA,1736944061243,197.64,55,sell
SPY,1736944062061,398.9,62,buy
SPY,1736944062303,398.82,38,sell
AAPL,1736944062308,149.34,86,sell
TSLA,1736944062741,197.51,89,sell
NVDA,1736944063047,501.67,13,sell
SPY,1736944063332,401.37,93,buy
AAPL,1736944064145,150.17,62,sell
TSLA,1736944064363,194.96,21,buy
MSFT,1736944064618,296.92,37,sell
AAPL,1736944065399,150.99,59,buy
TSLA,1736944065745,194.47,82,buy
NVDA,1736944066561,501.42,23,sell
NVDA,1736944066572,503.72,50,sell
NVDA,1736944066634,500.31,23,buy
MSFT,1736944067304,302.03,91,buy
SPY,1736944067999,401.04,8,buy
NVDA,1736944068376,501.19,50,sell
TSLA,1736944069061,200.15,83,buy
MSFT,1736944069415,297.28,67,sell
SPY,1736944069650,399.85,89,sell
MSFT,1736944069849,297.08,38,sell
AAPL,1736944069924,149.38,46,buy
TSLA,1736944074346,195.21,37,buy
SPY,1736944075592,401.42,70,buy
NVDA,1736944075599,501.59,19,sell
MSFT,1736944075983,301.62,36,buy
MSFT,1736944076210,300.58,37,sell
MSFT,1736944076770,299.82,4,sell
SPY,1736944078603,399.79,99,buy
AAPL,1736944080228,152.58,39,sell
SPY,1736944080423,400.14,45,buy
TSLA,1736944080965,198.19,15,buy
TSLA,1736944081537,197.92,41,buy
MSFT,1736944082684,298.88,79,sell
TSLA,1736944083665,198.95,13,sell
SPY,1736944084139,399.67,62,buy
NVDA,1736944084537,502.09,73,buy
AAPL,1736944087591,149.56,50,sell
MSFT,1736944087601,296.98,6,sell
SPY,1736944088091,399.93,44,buy
MSFT,1736944089462,298.79,76,sell
NVDA,1736944090070,500.17,42,sell
NVDA,1736944091088,501.11,38,sell
AAPL,1736944091690,150.23,60,sell
MSFT,1736944093665,302.15,9,sell
SPY,1736944094266,400.07,96,buy
MSFT,1736944095511,299.05,59,sell
AAPL,1736944095709,149.29,12,sell
SPY,1736944095741,399.49,88,buy
NVDA,1736944096159,499.46,2,sell
SPY,1736944098490,399.24,67,sell
AAPL,1736944099154,150.04,62,sell
SPY,1736944099831,398.95,85,buy
MSFT,1736944100079,299.7,59,sell
TSLA,1736944100721,194.04,57,sell
MSFT,1736944101565,299.08,18,sell
NVDA,1736944101793,500.16,49,sell
SPY,1736944101893,399.83,9,buy
AAPL,1736944102100,151.8,83,sell
TSLA,1736944103011,198.83,3,buy
NVDA,1736944103350,499.62,35,sell
TSLA,1736944103522,197.96,75,buy
SPY,1736944103833,399.73,48,buy
NVDA,1736944103863,502.6,9,buy
MSFT,1736944105422,299.2,17,sell
NVDA,1736944106255,502.67,18,sell
NVDA,1736944106812,499.2,12,buy
NVDA,1736944107189,500.65,31,sell
AAPL,1736944108074,150.51,88,buy
TSLA,1736944108385,193.59,58,buy
MSFT,1736944109188,301.58,84,buy
AAPL,1736944109193,152.66,5,sell
SPY,1736944109385,398.85,88,sell
AAPL,1736944109644,150.58,60,sell
TSLA,1736944110434,198.72,91,buy
AAPL,1736944111480,152.88,71,buy
SPY,1736944112801,400.43,2,sell
TSLA,1736944113466,200.21,92,buy
SPY,1736944113645,399.54,72,buy
MSFT,1736944113714,301.5,90,sell
MSFT,1736944115457,299.62,7,buy
NVDA,1736944115890,499.8,83,sell
MSFT,1736944116047,300.22,44,buy
SPY,1736944118292,399.0,22,sell
TSLA,1736944118816,197.9,7,buy
NVDA,1736944118945,501.5,88,buy
SPY,1736944119471,400.54,23,sell
NVDA,1736944120146,499.73,18,sell
SPY,1736944120148,399.74,99,sell
SPY,1736944121385,399.51,82,sell
NVDA,1736944125077,499.47,71,sell
AAPL,1736944127408,152.28,6,buy
MSFT,1736944128596,297.8,52,buy
AAPL,1736944129831,149.17,97,buy
AAPL,1736944130480,152.31,12,buy
AAPL,1736944130866,152.78,83,sell
AAPL,1736944131805,152.53,60,sell
NVDA,1736944131842,500.36,49,buy
NVDA,1736944132622,500.39,2,sell
TSLA,1736944132789,198.91,41,sell
TSLA,1736944133460,194.81,67,buy
MSFT,1736944134011,296.79,54,sell
TSLA,1736944134025,196.22,64,sell
NVDA,1736944134079,501.69,40,buy
SPY,1736944134996,401.05,96,buy
SPY,1736944135595,401.27,50,buy
AAPL,1736944135783,150.1,87,buy
NVDA,1736944135790,501.44,36,sell
SPY,1736944136193,400.98,83,buy
SPY,1736944136347,401.31,81,buy
TSLA,1736944136887,199.41,36,buy
TSLA,1736944136968,200.02,10,buy
NVDA,1736944137432,502.75,81,sell
TSLA,1736944138070,195.68,2,sell
MSFT,1736944138857,298.58,1,buy
NVDA,1736944138921,502.0,75,buy
TSLA,1736944139061,194.47,42,sell
SPY,1736944139924,399.24,2,sell
SPY,1736944142054,399.85,46,buy
MSFT,1736944142404,299.37,73,buy
SPY,1736944143512,399.3,43,buy
AAPL,1736944144017,152.07,35,sell
TSLA,1736944144197,195.63,81,buy
TSLA,1736944144680,195.22,93,buy
MSFT,1736944145582,299.51,47,sell
AAPL,1736944145670,152.02,8,buy
MSFT,1736944145732,301.31,9,sell
AAPL,1736944146765,150.79,62,buy
AAPL,1736944148547,152.59,68,sell
AAPL,1736944148652,149.94,10,buy
TSLA,1736944149886,195.31,65,buy
TSLA,1736944150736,196.33,74,buy
SPY,1736944151980,400.82,36,sell
AAPL,1736944153959,151.38,60,sell
NVDA,1736944153960,501.91,99,sell
AAPL,1736944155413,151.75,100,sell
MSFT,1736944155656,299.51,80,sell
MSFT,1736944156140,301.42,89,buy
TSLA,1736944156680,198.23,82,buy
AAPL,1736944158245,150.08,89,sell
AAPL,1736944158271,151.88,60,buy
SPY,1736944158613,401.59,45,buy
NVDA,1736944158654,500.76,61,buy
NVDA,1736944158967,502.71,83,buy
MSFT,1736944159114,298.78,83,sell
SPY,1736944159871,400.11,79,sell
MSFT,1736944159992,298.9,52,buy
MSFT,1736944160027,298.36,7,sell
MSFT,1736944160076,297.6,84,buy
MSFT,1736944160125,299.73,64,buy
NVDA,1736944160166,499.46,54,sell
NVDA,1736944160405,499.58,55,buy
AAPL,1736944162140,151.07,77,sell
NVDA,1736944162369,503.6,24,sell
NVDA,1736944162431,502.64,59,buy
NVDA,1736944162580,502.88,50,sell
SPY,1736944164033,399.98,21,buy
TSLA,1736944165290,198.4,28,buy
TSLA,1736944166077,193.32,60,buy
SPY,1736944166590,399.36,33,sell
MSFT,1736944166898,298.93,58,sell
AAPL,1736944167039,152.21,39,sell
AAPL,1736944170752,151.87,92,buy
TSLA,1736944171988,199.48,82,buy
AAPL,1736944173495,152.28,86,buy
AAPL,1736944173615,152.03,3,buy
MSFT,1736944173965,302.74,32,buy
NVDA,1736944174099,499.51,70,buy
TSLA,1736944174660,199.69,42,sell
AAPL,1736944175051,151.81,64,sell
AAPL,1736944175777,151.9,3,buy
TSLA,1736944175846,194.94,75,buy
SPY,1736944176748,399.69,33,sell
SPY,1736944176872,399.7,66,buy
MSFT,1736944177309,296.86,70,buy
SPY,1736944179493,399.29,60,sell
AAPL,1736944179815,152.13,96,buy
TSLA,1736944180461,199.63,31,sell
MSFT,1736944180728,302.42,60,buy
AAPL,1736944180988,150.95,8,buy
MSFT,1736944181721,298.35,41,buy
NVDA,1736944181866,503.99,44,buy
MSFT,1736944181974,296.75,59,sell
MSFT,1736944182109,299.39,18,buy
MSFT,1736944182268,299.21,97,buy
AAPL,1736944182936,150.53,80,buy
AAPL,1736944183116,149.75,83,sell
MSFT,1736944183215,301.84,9,buy
NVDA,1736944184019,501.26,80,buy
SPY,1736944184172,401.74,87,buy
AAPL,1736944184719,152.01,63,buy
AAPL,1736944187940,151.87,48,sell
MSFT,1736944188100,301.64,79,buy
TSLA,1736944188153,194.96,72,sell
MSFT,1736944189009,298.86,6,sell
SPY,1736944189466,399.61,51,sell
MSFT,1736944189824,297.14,51,buy
AAPL,1736944190109,149.98,65,sell
TSLA,1736944190756,198.8,83,buy
AAPL,1736944191167,149.39,51,buy
TSLA,1736944191280,198.4,100,buy
MSFT,1736944191670,298.74,85,buy
NVDA,1736944192675,501.22,6,buy
AAPL,1736944195752,149.66,62,buy
MSFT,1736944196498,300.43,46,buy
TSLA,1736944197732,195.41,100,buy
MSFT,1736944197750,299.1,100,buy
SPY,1736944198317,400.41,30,buy
MSFT,1736944199092,297.81,99,buy
SPY,1736944199177,399.21,40,sell
TSLA,1736944199817,197.82,47,buy
AAPL,1736944199951,152.09,33,sell
NVDA,1736944200162,503.43,1,sell
AAPL,1736944201166,152.44,83,buy
NVDA,1736944201348,503.45,26,sell
SPY,1736944201705,399.34,44,sell
SPY,1736944202859,400.61,24,sell
TSLA,1736944203994,195.86,78,sell
MSFT,1736944205903,296.7,86,sell
NVDA,1736944206382,501.58,34,buy
AAPL,1736944207050,153.01,29,sell
SPY,1736944207675,400.11,44,sell
NVDA,1736944207766,499.68,59,sell
NVDA,1736944208078,499.94,58,sell
TSLA,1736944208695,199.18,23,sell
TSLA,1736944210503,199.64,31,sell
AAPL,1736944210719,150.78,11,buy
NVDA,1736944211565,500.58,5,sell
AAPL,1736944213187,149.92,15,buy
MSFT,1736944213683,301.72,34,sell
AAPL,1736944214285,151.98,33,sell
AAPL,1736944214429,150.83,94,buy
NVDA,1736944214740,501.98,42,buy
AAPL,1736944214793,151.14,95,sell
MSFT,1736944215406,298.49,52,buy
MSFT,1736944216935,301.57,55,buy
TSLA,1736944217319,195.5,64,buy
AAPL,1736944219771,149.87,96,sell
SPY,1736944221773,399.04,81,sell
AAPL,1736944222331,151.45,65,buy
NVDA,1736944222616,500.64,31,buy
SPY,1736944222633,399.17,11,buy
AAPL,1736944222809,149.98,67,sell
TSLA,1736944222866,198.38,90,sell
AAPL,1736944223323,152.4,51,sell
NVDA,1736944223563,501.06,4,sell
SPY,1736944223645,401.04,60,sell
AAPL,1736944224363,152.49,13,buy
SPY,1736944224741,399.6,44,buy
NVDA,1736944225912,503.72,2,buy
AAPL,1736944225953,151.6,92,buy
AAPL,1736944226136,150.51,31,buy
SPY,1736944226358,399.43,7,sell
TSLA,1736944226422,198.52,67,sell
NVDA,1736944227131,504.05,99,buy
NVDA,1736944227316,501.69,50,buy
NVDA,1736944230225,501.41,96,sell
SPY,1736944230732,399.44,81,sell
AAPL,1736944231198,151.99,31,sell
TSLA,1736944231524,195.07,56,sell
TSLA,1736944232108,199.7,68,buy
SPY,1736944232111,399.68,66,buy
NVDA,1736944233457,503.95,57,buy
SPY,1736944233513,401.23,95,buy
MSFT,1736944234986,301.65,6,buy
AAPL,1736944236842,149.7,37,buy
SPY,1736944237057,401.0,16,buy
MSFT,1736944238051,300.56,2,sell
SPY,1736944238199,400.47,32,sell
MSFT,1736944238701,299.04,21,buy
TSLA,1736944239395,199.84,25,buy
MSFT,1736944242607,300.21,55,sell
TSLA,1736944242793,198.45,62,buy
TSLA,1736944243017,195.13,56,sell
SPY,1736944243809,399.79,1,buy
AAPL,1736944243851,152.25,55,buy
TSLA,1736944245061,198.49,74,buy
TSLA,1736944245080,199.78,27,sell
MSFT,1736944245973,301.71,9,sell
MSFT,1736944246739,299.39,17,buy
NVDA,1736944247874,503.13,21,sell
MSFT,1736944248403,299.02,88,sell
TSLA,1736944249726,198.38,86,buy
NVDA,1736944249989,501.68,27,buy
SPY,1736944250578,398.66,16,buy
MSFT,1736944250699,299.1,76,sell
NVDA,1736944251506,500.72,57,sell
SPY,1736944251747,400.94,70,buy
MSFT,1736944252933,297.46,41,sell
NVDA,1736944253656,499.54,6,buy
TSLA,1736944254467,194.78,68,buy
SPY,1736944254727,399.59,17,sell
NVDA,1736944254933,503.68,51,buy
TSLA,1736944255041,199.74,84,buy
TSLA,1736944255423,195.32,100,sell
AAPL,1736944257609,151.92,33,buy
AAPL,1736944258402,152.02,66,buy
AAPL,1736944259533,151.89,25,buy
TSLA,1736944260373,195.25,82,buy
SPY,1736944260981,399.84,52,buy
MSFT,1736944261402,299.4,31,sell
TSLA,1736944262430,200.16,29,buy
SPY,1736944262797,399.96,6,buy
NVDA,1736944264002,503.39,64,sell
SPY,1736944265994,401.4,83,sell
SPY,1736944266920,399.57,6,sell
TSLA,1736944267729,195.25,46,buy
MSFT,1736944268139,300.2,9,sell
NVDA,1736944272773,500.34,55,sell
AAPL,1736944277362,152.98,73,buy
TSLA,1736944278818,193.75,75,sell
AAPL,1736944280383,149.88,58,sell
AAPL,1736944280565,151.79,6,sell
AAPL,1736944280673,149.89,8,sell
AAPL,1736944280947,149.73,69,sell
MSFT,1736944281289,300.7,15,buy
SPY,1736944281528,401.17,72,buy
NVDA,1736944281898,504.01,60,sell
NVDA,1736944282187,498.25,74,sell
SPY,1736944283849,399.67,33,buy
MSFT,1736944284154,300.81,30,buy
MSFT,1736944284192,298.73,48,buy
TSLA,1736944284423,199.59,98,buy
NVDA,1736944285531,501.6,93,sell
TSLA,1736944285668,194.91,27,sell
AAPL,1736944285989,152.14,64,sell
SPY,1736944286961,399.79,44,sell
SPY,1736944287017,399.41,27,buy
TSLA,1736944287995,196.01,6,buy
SPY,1736944289055,399.74,77,buy
MSFT,1736944290510,296.99,19,buy
AAPL,1736944290583,151.61,53,sell
MSFT,1736944292402,297.25,62,buy
TSLA,1736944292650,200.24,69,buy
AAPL,1736944294716,151.94,72,sell
SPY,1736944296769,399.44,94,buy
AAPL,1736944297251,152.05,77,buy
AAPL,1736944297333,151.54,23,sell
MSFT,1736944297399,297.95,21,sell
MSFT,1736944297529,298.05,62,buy
NVDA,1736944299160,500.36,24,sell
SPY,1736944299316,400.01,52,buy
TSLA,1736944299688,199.17,93,sell
NVDA,1736944300544,500.77,1,buy
TSLA,1736944300699,199.15,36,buy
MSFT,1736944300761,303.15,57,sell
MSFT,1736944300957,297.73,58,sell
AAPL,1736944301550,152.14,58,buy
SPY,1736944301583,399.81,11,buy
SPY,1736944302662,399.46,81,sell
MSFT,1736944303433,299.02,83,sell
AAPL,1736944304230,151.9,14,buy
NVDA,1736944305078,499.95,62,buy
TSLA,1736944305562,198.89,12,buy
SPY,1736944306329,399.71,69,sell
TSLA,1736944307307,198.97,53,buy
NVDA,1736944307960,502.33,5,buy
NVDA,1736944309056,502.24,17,buy
AAPL,1736944310625,152.97,71,buy
NVDA,1736944311194,501.89,35,buy
TSLA,1736944311891,199.03,78,sell
TSLA,1736944312235,198.4,76,buy
MSFT,1736944313650,297.47,30,sell
NVDA,1736944314113,499.48,14,buy
SPY,1736944314212,399.29,38,buy
MSFT,1736944314276,299.02,88,sell
NVDA,1736944314324,499.87,14,buy
NVDA,1736944316092,499.59,31,sell
NVDA,1736944317625,499.23,62,sell
MSFT,1736944318264,297.71,15,buy
SPY,1736944318432,399.21,88,sell
SPY,1736944318691,400.48,86,buy
TSLA,1736944319514,195.0,86,sell
SPY,1736944319760,399.69,38,buy
NVDA,1736944320132,500.33,1,sell
SPY,1736944320170,401.33,68,buy
NVDA,1736944320679,503.68,24,buy
AAPL,1736944321149,151.98,11,sell
AAPL,1736944325007,152.66,8,sell
SPY,1736944325410,400.04,7,buy
SPY,1736944325752,401.17,34,sell
AAPL,1736944326100,150.81,54,sell
AAPL,1736944326625,150.24,35,buy
NVDA,1736944327181,499.64,75,buy
TSLA,1736944328014,193.88,87,buy
SPY,1736944328039,399.2,34,buy
MSFT,1736944328554,303.22,85,sell
SPY,1736944329426,400.43,92,sell
NVDA,1736944330156,502.32,45,sell
AAPL,1736944330204,149.26,44,sell
MSFT,1736944330849,302.74,60,sell
TSLA,1736944331784,195.33,62,buy
SPY,1736944332844,399.48,79,buy
NVDA,1736944333497,501.03,73,buy
AAPL,1736944333865,152.83,18,sell
AAPL,1736944333975,151.88,64,buy
NVDA,1736944334581,501.16,24,buy
TSLA,1736944334607,195.61,1,buy
SPY,1736944334813,399.51,10,sell
AAPL,1736944335295,151.86,32,sell
SPY,1736944335421,399.73,85,buy
TSLA,1736944335474,198.44,87,sell
AAPL,1736944337237,151.29,16,buy
MSFT,1736944338264,299.14,11,buy
AAPL,1736944338995,152.96,85,sell
SPY,1736944340326,400.31,51,sell
SPY,1736944341060,400.76,22,sell
SPY,1736944341296,400.74,2,buy
AAPL,1736944342541,150.44,63,buy
TSLA,1736944342633,199.97,83,sell
TSLA,1736944343395,198.58,4,buy
SPY,1736944344664,399.4,51,buy
TSLA,1736944344930,195.59,17,sell
NVDA,1736944345148,500.7,90,sell
AAPL,1736944345227,152.05,75,sell
AAPL,1736944345619,151.89,47,buy
SPY,1736944346671,400.79,85,sell
SPY,1736944346854,399.3,44,buy
NVDA,1736944347668,501.82,26,buy
SPY,1736944348907,399.5,78,buy
MSFT,1736944351318,302.81,51,sell
AAPL,1736944351788,151.9,52,buy
MSFT,1736944352771,297.59,68,buy
SPY,1736944353260,399.35,38,buy
SPY,1736944353795,400.04,57,sell
TSLA,1736944354688,196.45,68,sell
AAPL,1736944354850,152.2,32,buy
MSFT,1736944355048,301.28,33,sell
MSFT,1736944356035,297.36,81,sell
NVDA,1736944356399,499.89,64,sell
AAPL,1736944359920,151.2,79,sell
NVDA,1736944360838,499.05,4,buy
TSLA,1736944364253,194.97,74,sell
NVDA,1736944364602,500.93,54,sell
MSFT,1736944366361,297.13,16,sell
AAPL,1736944366670,152.21,52,sell
AAPL,1736944367022,152.49,76,buy
TSLA,1736944367239,195.24,55,sell
SPY,1736944368670,399.06,80,sell
MSFT,1736944368902,297.47,19,sell
TSLA,1736944369919,195.07,53,buy
AAPL,1736944370187,152.08,12,sell
NVDA,1736944370607,499.57,34,sell
SPY,1736944372100,399.38,57,buy
AAPL,1736944372308,152.09,71,sell
NVDA,1736944373186,499.86,23,sell
MSFT,1736944375213,297.55,83,sell
TSLA,1736944375572,198.27,60,buy
TSLA,1736944378547,199.93,86,sell
MSFT,1736944379843,302.04,17,buy
SPY,1736944383228,400.99,25,sell
TSLA,1736944383238,199.63,57,sell
AAPL,1736944384454,150.22,63,buy
TSLA,1736944384469,198.97,60,buy
MSFT,1736944385157,298.26,81,sell
NVDA,1736944385371,502.41,91,buy
MSFT,1736944385735,299.38,63,sell
NVDA,1736944386625,503.55,27,sell
NVDA,1736944386641,502.41,69,sell
NVDA,1736944389495,501.63,16,buy
NVDA,1736944390103,499.86,94,buy
AAPL,1736944390358,152.13,39,sell
TSLA,1736944391053,197.55,20,buy
TSLA,1736944391309,198.75,4,buy
AAPL,1736944391361,149.19,73,sell
MSFT,1736944392264,303.0,47,buy
AAPL,1736944392850,153.06,35,sell
NVDA,1736944393067,502.66,66,buy
SPY,1736944393796,398.93,55,buy
NVDA,1736944394584,502.84,91,sell
MSFT,1736944395147,300.02,96,buy
MSFT,1736944395326,302.06,19,buy
SPY,1736944396228,399.15,21,buy
SPY,1736944396279,399.19,17,buy
NVDA,1736944397019,503.84,17,buy
SPY,1736944397216,399.38,70,sell
AAPL,1736944397468,152.66,63,sell
TSLA,1736944398309,194.97,61,sell
SPY,1736944398678,401.61,57,sell
NVDA,1736944398914,502.22,81,sell
SPY,1736944400358,400.2,59,sell
TSLA,1736944400632,198.87,88,buy
NVDA,1736944400843,499.85,50,buy
TSLA,1736944401847,194.65,12,sell
SPY,1736944403115,399.96,85,sell
MSFT,1736944404167,297.31,98,buy
TSLA,1736944405867,195.12,58,buy
NVDA,1736944406136,499.29,12,sell
NVDA,1736944406842,503.49,30,sell
SPY,1736944408091,399.8,17,buy
SPY,1736944408181,400.29,92,sell
AAPL,1736944408699,150.87,15,sell
TSLA,1736944408752,198.03,78,sell
TSLA,1736944410240,197.97,25,buy
MSFT,1736944411705,298.95,77,sell
MSFT,1736944412373,298.41,99,sell
MSFT,1736944413644,297.04,100,sell
SPY,1736944413874,401.19,22,buy
SPY,1736944414150,399.47,39,buy
AAPL,1736944414964,149.04,16,buy
SPY,1736944414993,400.7,99,sell
AAPL,1736944415092,150.8,87,sell
AAPL,1736944415463,151.22,8,sell
TSLA,1736944415954,198.98,8,sell
NVDA,1736944417001,500.96,11,sell
SPY,1736944417076,398.97,17,buy
AAPL,1736944418966,150.24,81,sell
NVDA,1736944420676,499.17,52,sell
TSLA,1736944421750,199.04,92,sell
TSLA,1736944421990,198.4,51,sell
MSFT,1736944422260,301.5,97,sell
SPY,1736944422598,400.28,28,sell
MSFT,1736944422791,302.71,79,sell
AAPL,1736944422943,151.88,45,buy
AAPL,1736944423342,152.66,24,sell
SPY,1736944423882,401.23,1,buy
MSFT,1736944424806,300.48,94,sell
SPY,1736944424959,399.59,43,sell
MSFT,1736944427456,300.09,59,buy
NVDA,1736944427508,500.64,19,buy
AAPL,1736944428848,152.0,15,sell
MSFT,1736944428984,299.12,15,sell
SPY,1736944429563,401.26,29,buy
SPY,1736944430177,401.3,67,sell
AAPL,1736944430952,152.85,81,buy
AAPL,1736944431663,153.14,59,sell
NVDA,1736944432334,500.95,73,buy
MSFT,1736944433829,296.63,22,sell
MSFT,1736944433915,302.45,25,buy
AAPL,1736944434685,152.73,57,buy
TSLA,1736944434979,195.75,58,buy
MSFT,1736944435590,301.91,51,buy
NVDA,1736944436010,500.51,28,buy
MSFT,1736944436471,299.31,98,buy
AAPL,1736944436708,151.95,63,sell
MSFT,1736944436788,300.37,21,buy
AAPL,1736944437219,151.08,44,sell
TSLA,1736944437249,199.88,76,sell
TSLA,1736944438036,199.97,57,buy
TSLA,1736944438849,198.95,65,sell
SPY,1736944440200,399.52,47,sell
TSLA,1736944441277,198.55,34,sell
TSLA,1736944442333,196.87,34,sell
NVDA,1736944442752,499.08,36,sell
SPY,1736944442868,399.61,77,buy
NVDA,1736944443498,500.25,18,sell
AAPL,1736944443995,150.97,46,sell
SPY,1736944444307,398.73,62,buy
MSFT,1736944446347,300.11,87,sell
AAPL,1736944448072,151.74,59,sell
MSFT,1736944448254,302.27,100,buy
AAPL,1736944449292,151.96,53,buy
AAPL,1736944450601,149.65,25,buy
TSLA,1736944451852,194.24,80,sell
MSFT,1736944451988,302.85,41,buy
MSFT,1736944452223,301.93,69,buy
SPY,1736944452708,401.36,83,sell
AAPL,1736944452791,149.95,43,buy
TSLA,1736944453333,195.15,52,buy
AAPL,1736944456113,152.27,83,sell
AAPL,1736944456520,150.83,30,buy
SPY,1736944457628,399.71,58,buy
SPY,1736944458057,400.59,96,buy
TSLA,1736944458675,197.21,86,sell
AAPL,1736944458730,151.53,89,sell
TSLA,1736944458834,197.49,32,sell
TSLA,1736944460598,195.79,29,sell
AAPL,1736944460829,149.2,21,sell
AAPL,1736944460899,149.4,30,sell
SPY,1736944460934,399.69,48,buy
SPY,1736944460979,400.28,68,sell
NVDA,1736944461267,502.31,42,sell
NVDA,1736944461535,499.9,26,buy
NVDA,1736944463034,499.27,45,sell
SPY,1736944463096,400.6,48,buy
SPY,1736944464949,398.87,20,sell
AAPL,1736944465662,151.93,94,sell
AAPL,1736944467923,151.34,70,sell
MSFT,1736944468662,301.65,57,buy
NVDA,1736944469280,498.54,40,sell
TSLA,1736944469435,195.47,19,buy
NVDA,1736944469507,501.84,20,sell
TSLA,1736944469557,198.51,57,buy
NVDA,1736944470197,502.17,48,sell
AAPL,1736944473523,151.28,21,buy
NVDA,1736944474870,499.7,48,buy
AAPL,1736944475164,150.02,67,buy
SPY,1736944475334,401.18,14,buy
AAPL,1736944475407,151.61,12,buy
NVDA,1736944476622,499.18,87,buy
NVDA,1736944477036,501.78,73,buy
NVDA,1736944477432,499.12,10,buy
TSLA,1736944478234,195.91,98,sell
TSLA,1736944481088,199.18,53,sell
MSFT,1736944482828,299.15,93,buy
MSFT,1736944483427,298.69,21,buy
MSFT,1736944483891,300.95,98,sell
NVDA,1736944485390,500.52,68,buy
NVDA,1736944485877,502.74,60,buy
SPY,1736944486124,400.43,44,sell
MSFT,1736944486398,296.93,3,sell
AAPL,1736944486599,151.69,77,buy
SPY,1736944486772,400.51,42,sell
TSLA,1736944487495,197.7,22,buy
NVDA,1736944488490,501.86,3,sell
NVDA,1736944488877,499.22,14,buy
NVDA,1736944489589,502.74,4,sell
AAPL,1736944490335,150.72,39,sell
NVDA,1736944490970,501.29,10,buy
MSFT,1736944491615,298.74,84,sell
AAPL,1736944492497,152.18,28,sell
MSFT,1736944492917,302.72,17,sell
AAPL,1736944493084,149.27,1,sell
MSFT,1736944494050,297.55,2,buy
NVDA,1736944495887,502.43,40,buy
AAPL,1736944496726,152.3,65,buy
AAPL,1736944497128,152.25,55,buy
SPY,1736944497258,401.55,45,buy
TSLA,1736944497961,196.01,69,sell
SPY,1736944498466,399.45,81,buy
MSFT,1736944498546,297.87,28,buy
MSFT,1736944500009,299.53,61,buy
SPY,1736944500063,399.6,47,buy
MSFT,1736944500942,301.75,22,sell
NVDA,1736944501289,503.78,63,buy
AAPL,1736944501581,149.79,26,buy
NVDA,1736944501610,502.01,11,buy
AAPL,1736944502242,151.71,3,sell
TSLA,1736944506648,196.99,88,sell
SPY,1736944507092,400.9,13,sell
TSLA,1736944508136,195.12,61,sell
NVDA,1736944510253,500.07,4,sell
AAPL,1736944510362,152.74,100,buy
NVDA,1736944510490,500.33,65,sell
SPY,1736944512069,400.6,33,sell
TSLA,1736944512315,197.65,60,sell
NVDA,1736944513982,502.43,10,buy
SPY,1736944514507,400.98,22,buy
TSLA,1736944515764,196.4,55,sell
AAPL,1736944516901,152.55,51,sell
MSFT,1736944516979,299.01,41,buy
MSFT,1736944517946,301.88,68,sell
AAPL,1736944519288,151.79,65,sell
MSFT,1736944520500,300.04,70,sell
SPY,1736944521399,401.12,30,sell
SPY,1736944521944,399.31,62,sell
NVDA,1736944522483,501.81,5,sell
AAPL,1736944527625,153.2,75,sell
SPY,1736944529081,399.52,81,sell
TSLA,1736944529791,195.35,22,buy
SPY,1736944530124,399.64,71,sell
NVDA,1736944530178,502.87,63,sell
MSFT,1736944530526,302.15,70,sell
MSFT,1736944530563,300.58,9,buy
NVDA,1736944530639,500.12,21,buy
MSFT,1736944530919,298.97,39,buy
AAPL,1736944531541,152.39,42,sell
SPY,1736944531850,401.47,100,buy
TSLA,1736944532147,196.07,65,sell
TSLA,1736944534120,198.04,74,sell
MSFT,1736944534317,297.46,7,sell
NVDA,1736944535462,502.58,18,buy
NVDA,1736944535519,501.59,56,buy
AAPL,1736944536239,149.31,61,buy
SPY,1736944536281,399.76,79,buy
NVDA,1736944536499,501.21,12,buy
SPY,1736944536546,399.49,43,buy
AAPL,1736944536627,149.31,31,buy
TSLA,1736944537233,197.83,11,buy
NVDA,1736944537756,503.55,12,sell
SPY,1736944537862,399.56,1,sell
AAPL,1736944539295,152.06,33,sell
NVDA,1736944539375,501.17,68,buy
TSLA,1736944541139,198.85,18,sell
SPY,1736944541317,400.27,12,sell
MSFT,1736944541635,297.66,64,buy
TSLA,1736944542211,199.0,36,sell
NVDA,1736944543795,498.88,26,buy
MSFT,1736944544050,296.97,29,sell
AAPL,1736944544089,150.01,82,buy
TSLA,1736944544424,195.25,58,sell
AAPL,1736944544962,151.73,4,sell
SPY,1736944544965,400.02,55,buy
SPY,1736944545919,399.87,1,sell
MSFT,1736944546864,297.72,47,sell
MSFT,1736944547328,297.59,86,buy
TSLA,1736944547340,198.7,89,buy
NVDA,1736944547961,501.41,14,sell
TSLA,1736944547987,197.99,98,sell
TSLA,1736944548597,196.17,16,sell
AAPL,1736944548770,150.01,41,sell
AAPL,1736944549440,153.04,92,sell
TSLA,1736944549798,195.15,45,buy
AAPL,1736944550781,152.0,13,buy
TSLA,1736944551377,199.72,40,sell
SPY,1736944551606,401.28,16,buy
NVDA,1736944552312,503.58,83,sell
NVDA,1736944553602,501.75,60,buy
SPY,1736944555100,400.84,1,sell
NVDA,1736944555173,500.2,58,sell
MSFT,1736944555353,299.34,51,sell
SPY,1736944555482,398.81,2,sell
NVDA,1736944556038,500.54,44,sell
SPY,1736944556542,399.66,72,sell
AAPL,1736944556559,150.76,85,sell
SPY,1736944556559,400.84,34,sell
SPY,1736944557663,400.4,91,sell
NVDA,1736944559880,500.36,47,sell
NVDA,1736944559985,500.38,90,buy
NVDA,1736944560083,501.68,44,buy
SPY,1736944562006,400.87,8,buy
AAPL,1736944562240,150.86,18,buy
MSFT,1736944562668,297.48,72,buy
MSFT,1736944562914,297.91,19,buy
AAPL,1736944563319,150.48,74,sell
MSFT,1736944564268,299.66,49,sell
TSLA,1736944564427,199.14,56,sell
SPY,1736944564484,400.27,92,buy
AAPL,1736944566640,152.15,77,buy
SPY,1736944570498,401.59,19,sell
TSLA,1736944571768,197.92,99,buy
AAPL,1736944572594,151.56,44,buy
TSLA,1736944572698,199.42,24,buy
SPY,1736944573054,399.69,95,buy
MSFT,1736944573546,297.46,6,sell
MSFT,1736944574919,298.79,27,buy
NVDA,1736944575216,500.57,75,sell
NVDA,1736944575505,501.1,57,buy
TSLA,1736944576991,197.0,2,buy
TSLA,1736944577110,198.48,32,buy
AAPL,1736944577347,150.69,47,buy
SPY,1736944577423,399.5,93,sell
NVDA,1736944579858,502.69,31,sell
NVDA,1736944579946,499.11,87,sell
MSFT,1736944580106,298.22,19,buy
MSFT,1736944583584,299.06,67,sell
AAPL,1736944584006,151.01,44,buy
AAPL,1736944584202,150.95,15,sell
TSLA,1736944584633,195.54,73,sell
AAPL,1736944585607,151.05,14,buy
SPY,1736944586639,399.66,84,sell
NVDA,1736944587812,500.81,40,buy
TSLA,1736944589238,198.94,61,sell
NVDA,1736944592628,501.2,12,buy
AAPL,1736944592919,152.93,43,buy
MSFT,1736944592933,301.68,39,buy
TSLA,1736944592945,195.85,65,sell
MSFT,1736944593116,297.44,83,buy
MSFT,1736944594576,300.39,32,buy
MSFT,1736944594673,301.36,60,buy
AAPL,1736944594733,152.0,8,sell
TSLA,1736944594926,195.17,17,sell
AAPL,1736944595187,150.11,58,buy
SPY,1736944595823,398.96,9,sell
SPY,1736944596158,399.49,17,buy
NVDA,1736944597362,499.43,98,sell
AAPL,1736944597587,151.85,45,sell
NVDA,1736944598686,501.93,77,buy
SPY,1736944598971,399.61,18,sell
SPY,1736944599313,399.38,81,sell
AAPL,1736944599709,151.16,56,sell
SPY,1736944599966,400.92,32,buy
TSLA,1736944600478,200.18,39,buy
MSFT,1736944601458,297.86,77,sell
NVDA,1736944601621,502.28,71,sell
TSLA,1736944601749,195.12,77,sell
NVDA,1736944602538,502.64,92,buy
SPY,1736944602611,399.08,26,sell
AAPL,1736944603228,149.41,63,sell
MSFT,1736944603688,297.13,89,buy
AAPL,1736944604822,150.49,53,buy
SPY,1736944606004,401.43,68,sell
SPY,1736944606622,399.64,22,sell
TSLA,1736944606768,195.01,79,buy
AAPL,1736944608038,152.98,57,buy
MSFT,1736944608567,300.14,52,buy
MSFT,1736944609358,296.8,50,sell
TSLA,1736944609626,195.3,43,sell
MSFT,1736944611163,299.82,7,sell
SPY,1736944612445,399.25,71,buy
AAPL,1736944612688,152.13,78,sell
TSLA,1736944613229,195.08,46,buy
MSFT,1736944614481,299.72,93,buy
AAPL,1736944614741,152.78,57,buy
AAPL,1736944615152,149.97,55,sell
NVDA,1736944616004,499.47,79,sell
SPY,1736944616539,399.1,64,buy
SPY,1736944617347,401.27,62,sell
AAPL,1736944617602,152.11,97,buy
MSFT,1736944618646,298.78,90,sell
SPY,1736944618768,399.89,35,sell
NVDA,1736944619075,503.76,88,sell
AAPL,1736944619939,150.52,90,buy
TSLA,1736944620695,196.35,83,buy
AAPL,1736944620759,153.37,97,sell
MSFT,1736944622641,303.19,55,buy
TSLA,1736944623601,200.24,8,buy
SPY,1736944623873,401.73,60,buy
AAPL,1736944625040,152.02,32,buy
MSFT,1736944625529,297.19,9,sell
NVDA,1736944625654,503.69,50,buy
AAPL,1736944628948,151.68,36,buy
NVDA,1736944629549,499.1,99,buy
NVDA,1736944630877,502.78,47,buy
AAPL,1736944631388,152.18,4,buy
SPY,1736944632228,400.7,95,sell
AAPL,1736944632417,150.78,66,buy
TSLA,1736944633567,196.03,85,buy
TSLA,1736944634143,193.19,66,sell
AAPL,1736944635262,149.94,97,sell
NVDA,1736944635593,501.14,76,buy
TSLA,1736944635834,198.84,81,sell
MSFT,1736944637429,299.05,53,sell
NVDA,1736944637563,503.29,50,buy
SPY,1736944637932,400.45,44,sell
AAPL,1736944638055,152.35,12,buy
AAPL,1736944638453,151.51,33,buy
AAPL,1736944638599,150.91,74,sell
TSLA,1736944641583,198.45,93,sell
MSFT,1736944641711,301.61,36,sell
TSLA,1736944641925,196.02,52,buy
NVDA,1736944643413,499.92,73,buy
TSLA,1736944643414,195.48,76,buy
TSLA,1736944646987,199.06,24,sell
SPY,1736944647173,399.22,89,sell
AAPL,1736944648693,151.44,53,sell
TSLA,1736944648770,199.41,43,sell
SPY,1736944648827,400.27,51,buy
NVDA,1736944649070,501.46,26,sell
AAPL,1736944650540,152.75,2,buy
NVDA,1736944651209,500.46,19,sell
AAPL,1736944651540,151.72,96,buy
TSLA,1736944651650,195.12,29,sell
SPY,1736944651663,398.78,12,buy
TSLA,1736944651889,198.7,68,buy
AAPL,1736944651930,152.53,52,sell
SPY,1736944653266,399.33,31,sell
TSLA,1736944653911,198.43,97,sell
NVDA,1736944654462,499.92,88,buy
TSLA,1736944654585,194.58,50,sell
AAPL,1736944655539,150.04,58,sell
TSLA,1736944655959,197.76,28,buy
TSLA,1736944656270,200.2,51,sell
SPY,1736944657064,401.35,39,buy
NVDA,1736944657475,500.8,80,buy
SPY,1736944657790,400.43,69,sell
MSFT,1736944657833,297.53,17,buy
NVDA,1736944659494,503.79,63,buy
NVDA,1736944659997,498.73,35,sell
NVDA,1736944660555,501.61,99,buy
MSFT,1736944661082,299.72,65,buy
NVDA,1736944661325,503.79,89,buy
NVDA,1736944665052,503.23,72,sell
TSLA,1736944665660,197.12,83,sell
MSFT,1736944665836,297.04,32,buy
MSFT,1736944666324,298.15,98,sell
SPY,1736944666924,400.33,33,buy
SPY,1736944668460,399.76,71,sell
MSFT,1736944668523,303.23,81,buy
SPY,1736944668980,399.64,59,buy
TSLA,1736944670717,198.54,74,sell
TSLA,1736944670991,193.11,51,buy
AAPL,1736944671155,149.45,63,buy
NVDA,1736944671688,502.17,68,buy
AAPL,1736944671776,152.27,86,buy
NVDA,1736944673289,500.04,26,buy
NVDA,1736944673677,500.05,96,buy
SPY,1736944673980,398.71,94,buy
MSFT,1736944674256,297.34,4,sell
AAPL,1736944674657,149.74,52,sell
MSFT,1736944676068,303.09,89,buy
MSFT,1736944676304,298.65,86,sell
SPY,1736944677045,399.61,3,buy
MSFT,1736944677553,297.83,12,sell
AAPL,1736944677847,151.7,14,buy
TSLA,1736944678318,195.32,45,sell
SPY,1736944679995,401.02,72,sell
SPY,1736944680612,400.72,15,buy
MSFT,1736944680617,299.09,63,sell
MSFT,1736944681175,301.54,84,sell
SPY,1736944681501,400.24,90,buy
MSFT,1736944681861,297.62,31,sell
TSLA,1736944683839,199.39,72,sell
TSLA,1736944685239,196.02,55,buy
SPY,1736944688728,400.65,86,sell
MSFT,1736944690880,298.48,6,sell
TSLA,1736944691247,198.43,81,buy
TSLA,1736944694296,195.56,95,buy
SPY,1736944694443,401.5,32,sell
MSFT,1736944694850,298.57,63,sell
TSLA,1736944695560,197.27,13,sell
AAPL,1736944695620,152.94,50,buy
MSFT,1736944695652,299.57,32,buy
TSLA,1736944695804,195.0,65,sell
NVDA,1736944696186,500.55,15,sell
MSFT,1736944696432,299.33,86,buy
TSLA,1736944698191,199.73,67,buy
SPY,1736944698402,399.38,41,buy
SPY,1736944698512,400.98,66,buy
NVDA,1736944698738,501.79,70,sell
AAPL,1736944698767,152.78,55,buy
NVDA,1736944698781,499.45,26,buy
AAPL,1736944700033,152.59,51,buy
TSLA,1736944700034,196.92,34,sell
TSLA,1736944701030,197.74,5,buy
MSFT,1736944702768,303.35,43,sell
TSLA,1736944703847,195.24,52,sell
NVDA,1736944704758,499.53,35,buy
NVDA,1736944707075,499.5,99,buy
MSFT,1736944708053,301.58,81,sell
NVDA,1736944708464,499.22,31,sell
AAPL,1736944710182,151.37,87,sell
AAPL,1736944710835,149.48,48,sell
SPY,1736944711467,399.0,47,sell
NVDA,1736944713243,500.63,22,sell
TSLA,1736944713270,199.99,26,sell
SPY,1736944713306,398.79,12,sell
AAPL,1736944713620,153.21,50,sell
MSFT,1736944714559,298.74,19,sell
AAPL,1736944715080,153.36,6,buy
MSFT,1736944715507,299.84,2,sell
MSFT,1736944715781,302.34,26,sell
MSFT,1736944715958,298.19,87,buy
MSFT,1736944715995,296.65,25,sell
SPY,1736944716385,399.86,66,sell
TSLA,1736944716494,195.6,38,sell
MSFT,1736944716579,298.22,28,sell
NVDA,1736944716743,502.8,55,buy
MSFT,1736944716927,300.35,92,sell
MSFT,1736944717273,297.02,90,sell
AAPL,1736944717796,152.77,28,sell
AAPL,1736944718169,152.29,69,sell
TSLA,1736944718909,195.2,97,buy
MSFT,1736944718958,298.53,27,buy
AAPL,1736944719388,150.29,24,sell
MSFT,1736944719819,303.07,13,buy
NVDA,1736944720055,499.53,96,sell
NVDA,1736944720431,503.04,66,sell
AAPL,1736944722000,149.45,54,sell
AAPL,1736944722081,149.37,49,buy
NVDA,1736944722617,502.12,49,buy
NVDA,1736944725185,501.74,18,sell
MSFT,1736944725555,297.78,46,sell
AAPL,1736944727112,151.59,86,buy
SPY,1736944727568,400.72,99,sell
SPY,1736944727590,399.91,94,buy
TSLA,1736944727660,200.08,8,buy
MSFT,1736944728042,298.3,33,sell
SPY,1736944728441,399.41,42,buy
AAPL,1736944728444,150.34,17,buy
TSLA,1736944728450,195.4,17,buy
AAPL,1736944729205,151.74,81,buy
TSLA,1736944729569,197.74,4,sell
AAPL,1736944731920,150.32,43,buy
AAPL,1736944732185,152.1,36,buy
MSFT,1736944733836,298.96,59,buy
TSLA,1736944734539,196.14,28,buy
NVDA,1736944734592,500.3,64,sell
AAPL,1736944734816,150.59,67,sell
NVDA,1736944736257,501.92,45,buy
TSLA,1736944736759,198.9,5,buy
MSFT,1736944736965,301.51,98,sell
TSLA,1736944737042,198.29,48,sell
MSFT,1736944737534,299.88,25,sell
AAPL,1736944738384,152.93,9,sell
TSLA,1736944738577,199.03,97,sell
TSLA,1736944738791,199.56,59,buy
MSFT,1736944739982,300.38,35,sell
AAPL,1736944740139,151.7,84,buy
AAPL,1736944740380,149.52,25,buy
TSLA,1736944741718,199.91,80,sell
SPY,1736944742759,399.49,45,sell
AAPL,1736944743219,152.17,18,buy
NVDA,1736944743663,500.3,21,sell
NVDA,1736944744025,501.65,42,sell
AAPL,1736944745444,150.24,34,sell
SPY,1736944745470,400.69,45,buy
NVDA,1736944746115,504.19,58,buy
AAPL,1736944746402,152.75,21,sell
MSFT,1736944746732,298.69,39,sell
SPY,1736944747310,399.63,56,buy
MSFT,1736944747611,299.45,82,buy
SPY,1736944747833,399.83,58,sell
NVDA,1736944748221,499.08,38,sell
NVDA,1736944750482,502.82,45,buy
NVDA,1736944753887,499.72,74,buy
TSLA,1736944754124,197.17,87,sell
NVDA,1736944755361,503.26,24,buy
SPY,1736944756141,400.89,8,sell
TSLA,1736944756662,198.9,49,sell
SPY,1736944757393,399.94,60,sell
SPY,1736944758149,399.92,50,sell
MSFT,1736944758919,301.62,51,sell
TSLA,1736944758928,195.15,77,buy
SPY,1736944759130,401.2,79,sell
MSFT,1736944759986,297.81,100,buy
TSLA,1736944760756,200.03,73,sell
NVDA,1736944760923,499.55,76,buy
SPY,1736944761155,400.5,29,buy
SPY,1736944761469,399.52,41,buy
AAPL,1736944762341,152.64,4,sell
TSLA,1736944762904,197.17,53,buy
TSLA,1736944764358,200.05,24,sell
SPY,1736944764724,401.38,80,buy
MSFT,1736944765391,298.71,74,sell
MSFT,1736944766512,299.91,52,sell
MSFT,1736944766516,299.98,23,buy
AAPL,1736944766564,149.25,2,sell
NVDA,1736944766637,500.31,21,buy
TSLA,1736944767497,196.24,40,buy
MSFT,1736944768038,301.5,84,buy
NVDA,1736944769160,502.42,48,sell
MSFT,1736944769346,299.79,5,buy
MSFT,1736944770121,297.27,70,sell
TSLA,1736944771269,199.14,24,buy
SPY,1736944771942,400.63,33,buy
SPY,1736944772048,399.96,62,buy
TSLA,1736944772094,196.14,18,buy
MSFT,1736944772548,297.58,14,buy
NVDA,1736944773456,499.18,56,sell
AAPL,1736944773838,152.0,23,buy
MSFT,1736944774166,299.33,62,sell
NVDA,1736944774733,499.09,73,buy
SPY,1736944774950,400.76,91,buy
NVDA,1736944775011,499.6,42,sell
NVDA,1736944775442,500.67,17,sell
TSLA,1736944775821,198.19,8,buy
MSFT,1736944776563,298.9,47,buy
AAPL,1736944776886,149.62,82,buy
TSLA,1736944777083,194.03,80,sell
MSFT,1736944778186,300.1,80,sell
TSLA,1736944780204,199.87,81,sell
TSLA,1736944780586,198.86,62,sell
MSFT,1736944781116,298.22,1,buy
MSFT,1736944781479,297.38,67,sell
SPY,1736944781828,400.31,9,buy
SPY,1736944782342,400.19,29,sell
SPY,1736944783249,400.73,10,sell
MSFT,1736944784214,297.94,33,sell
TSLA,1736944784757,198.61,9,buy
NVDA,1736944784857,503.53,4,buy
NVDA,1736944785850,499.89,24,buy
NVDA,1736944786073,500.15,83,buy
SPY,1736944786319,401.54,25,buy
MSFT,1736944786430,297.46,45,buy
SPY,1736944788588,399.55,31,buy
TSLA,1736944789121,194.09,10,sell
NVDA,1736944789121,498.87,97,sell
SPY,1736944789498,399.29,7,sell
AAPL,1736944790276,151.54,24,sell
SPY,1736944790289,401.27,85,sell
TSLA,1736944790322,199.09,14,sell
MSFT,1736944790889,297.54,72,buy
AAPL,1736944792327,152.04,13,sell
NVDA,1736944792876,500.07,57,buy
MSFT,1736944792900,297.46,76,sell
NVDA,1736944793587,502.69,94,sell
MSFT,1736944793849,298.95,39,buy
TSLA,1736944796554,199.3,18,buy
SPY,1736944797177,399.54,86,sell
AAPL,1736944797461,151.99,16,buy
NVDA,1736944797528,500.16,71,buy
AAPL,1736944797768,152.26,78,sell
NVDA,1736944798252,503.39,86,buy
MSFT,1736944800040,298.04,82,buy
SPY,1736944801108,400.22,42,buy
MSFT,1736944802915,297.64,29,sell
NVDA,1736944803211,500.48,92,buy
SPY,1736944803235,398.97,29,buy
MSFT,1736944803527,299.31,10,buy
SPY,1736944804017,401.64,16,buy
AAPL,1736944804780,150.71,45,buy
TSLA,1736944805840,197.9,51,sell
NVDA,1736944806480,499.65,81,buy
AAPL,1736944808070,151.97,32,sell
MSFT,1736944808495,300.28,23,buy
AAPL,1736944808500,151.1,25,buy
AAPL,1736944808712,151.69,75,sell
TSLA,1736944808859,199.04,93,buy
TSLA,1736944809898,196.39,11,buy
MSFT,1736944810153,299.36,69,sell
TSLA,1736944810501,196.41,29,sell
TSLA,1736944811192,195.03,22,sell
AAPL,1736944811304,149.32,58,sell
SPY,1736944812792,398.61,88,buy
NVDA,1736944813578,502.09,6,buy
AAPL,1736944813791,153.26,74,buy
AAPL,1736944814169,150.37,7,sell
TSLA,1736944815541,198.44,30,buy
MSFT,1736944817431,301.71,79,sell
SPY,1736944817528,401.5,52,sell
NVDA,1736944817660,500.58,70,sell
MSFT,1736944817986,299.41,72,buy
NVDA,1736944819043,499.99,4,sell
MSFT,1736944820455,298.67,92,sell
MSFT,1736944821341,300.12,40,buy
NVDA,1736944822332,502.83,4,buy
SPY,1736944822473,400.97,63,sell
SPY,1736944822657,399.99,22,sell
SPY,1736944824165,398.97,49,buy
MSFT,1736944825583,300.42,13,sell
MSFT,1736944826001,297.21,20,sell
TSLA,1736944826162,194.45,98,sell
NVDA,1736944827997,501.93,37,sell
SPY,1736944828159,400.6,42,sell
SPY,1736944828389,400.59,84,sell
AAPL,1736944830390,151.77,87,buy
MSFT,1736944831323,298.87,34,sell
SPY,1736944831760,399.66,71,sell
MSFT,1736944832247,297.26,16,sell
SPY,1736944833275,399.76,7,sell
SPY,1736944838096,399.82,1,sell
SPY,1736944838302,399.96,13,sell
TSLA,1736944839542,199.34,70,sell
SPY,1736944840151,400.83,59,sell
SPY,1736944843950,400.83,90,buy
AAPL,1736944844134,151.88,49,buy
NVDA,1736944846027,501.15,88,buy
AAPL,1736944846204,150.13,98,sell
TSLA,1736944848208,199.58,88,sell
AAPL,1736944848546,150.7,53,sell
SPY,1736944848615,398.9,95,buy
TSLA,1736944848709,196.99,17,sell
NVDA,1736944849695,501.66,32,sell
MSFT,1736944849898,299.09,83,sell
NVDA,1736944850378,501.91,10,buy
MSFT,1736944850635,299.45,4,sell
MSFT,1736944850973,301.31,56,buy
NVDA,1736944851283,499.22,9,sell
SPY,1736944851409,399.99,2,buy
NVDA,1736944851922,500.84,41,buy
AAPL,1736944855411,151.92,4,sell
MSFT,1736944856064,299.82,7,buy
NVDA,1736944856738,500.81,22,buy
NVDA,1736944857165,499.43,3,buy
TSLA,1736944858222,196.89,55,buy
MSFT,1736944858765,299.03,48,buy
MSFT,1736944859196,300.13,49,sell
TSLA,1736944860152,194.76,83,buy
SPY,1736944860211,399.7,68,buy
SPY,1736944862098,401.67,91,buy
MSFT,1736944862135,296.95,27,buy
SPY,1736944863674,400.62,55,sell
SPY,1736944863881,399.46,64,sell
AAPL,1736944864205,149.09,48,buy
AAPL,1736944865791,151.7,3,buy
SPY,1736944867768,399.35,62,sell
NVDA,1736944868605,499.94,20,buy
SPY,1736944869074,400.67,8,sell
AAPL,1736944869079,152.74,63,sell
MSFT,1736944869998,298.89,24,sell
AAPL,1736944870129,150.22,67,sell
AAPL,1736944871241,150.93,25,buy
NVDA,1736944871422,502.02,76,sell
MSFT,1736944871831,298.39,47,sell
SPY,1736944872098,399.67,11,buy
TSLA,1736944872383,195.12,93,sell
MSFT,1736944872478,301.9,78,buy
SPY,1736944872782,399.3,65,sell
NVDA,1736944873406,500.57,20,sell
MSFT,1736944873884,299.29,2,sell
MSFT,1736944874165,301.54,72,sell
AAPL,1736944874253,151.87,3,sell
NVDA,1736944877903,501.89,78,buy
AAPL,1736944878062,152.48,30,buy
NVDA,1736944878795,499.64,84,sell
SPY,1736944879317,399.54,10,sell
TSLA,1736944879807,195.03,36,sell
TSLA,1736944880191,197.29,59,sell
MSFT,1736944880547,300.0,98,buy
MSFT,1736944881321,297.62,48,sell
AAPL,1736944881492,149.81,53,buy
SPY,1736944881500,399.75,35,sell
TSLA,1736944882070,194.07,48,buy
TSLA,1736944882184,195.4,72,sell
AAPL,1736944882281,151.8,7,sell
TSLA,1736944882316,193.79,23,buy
NVDA,1736944883192,502.37,32,buy
AAPL,1736944883239,151.2,20,sell
TSLA,1736944883562,200.07,5,sell
TSLA,1736944885420,195.26,46,sell
AAPL,1736944885837,150.6,75,buy
AAPL,1736944885933,151.92,67,sell
NVDA,1736944887189,499.41,55,buy
AAPL,1736944887203,151.79,84,buy
MSFT,1736944888948,299.95,76,sell
AAPL,1736944890283,151.03,6,sell
TSLA,1736944890349,198.56,30,buy
TSLA,1736944890462,199.69,54,sell
SPY,1736944892508,400.0,79,buy
SPY,1736944893415,401.09,16,sell
SPY,1736944895255,399.17,68,sell
NVDA,1736944897972,502.06,60,buy
SPY,1736944900027,400.28,61,buy
NVDA,1736944901276,501.97,48,sell
NVDA,1736944901601,499.69,63,sell
SPY,1736944901729,401.65,46,sell
TSLA,1736944901777,198.46,7,buy
NVDA,1736944901990,499.4,6,buy
NVDA,1736944902620,502.91,17,sell
NVDA,1736944903056,499.75,88,sell
MSFT,1736944903650,296.77,5,buy
NVDA,1736944903752,499.98,72,sell
SPY,1736944903874,400.41,75,buy
AAPL,1736944904173,150.48,91,buy
SPY,1736944904991,401.51,77,sell
AAPL,1736944906480,150.23,47,buy
NVDA,1736944908468,499.61,4,buy
NVDA,1736944908897,503.32,16,buy
NVDA,1736944910491,500.55,14,sell
SPY,1736944910786,400.5,48,buy
SPY,1736944911103,399.88,8,buy
NVDA,1736944911193,501.57,12,sell
TSLA,1736944911311,195.46,16,sell
NVDA,1736944911515,501.32,52,buy
NVDA,1736944912120,500.38,5,buy
AAPL,1736944912825,149.41,3,buy
NVDA,1736944912947,501.35,53,buy
MSFT,1736944912991,303.08,35,sell
SPY,1736944913540,399.5,97,sell
AAPL,1736944913640,152.48,56,sell
AAPL,1736944914397,151.59,41,sell
MSFT,1736944915067,299.17,81,buy
MSFT,1736944915093,296.91,6,buy
TSLA,1736944915157,198.17,26,buy
NVDA,1736944915183,499.47,66,sell
NVDA,1736944915448,502.66,89,sell
MSFT,1736944915634,302.87,35,sell
NVDA,1736944915680,502.16,25,sell
MSFT,1736944916059,297.69,63,sell
NVDA,1736944917391,501.75,36,sell
MSFT,1736944917433,297.7,52,sell
TSLA,1736944917932,197.66,45,buy
MSFT,1736944918579,302.46,89,sell
SPY,1736944918640,400.45,42,buy
MSFT,1736944920353,297.82,73,sell
MSFT,1736944920414,299.36,47,sell
MSFT,1736944920673,300.77,19,buy
TSLA,1736944921148,198.32,5,sell
MSFT,1736944921997,298.96,29,buy
TSLA,1736944922019,196.04,50,sell
SPY,1736944926139,400.92,14,buy
TSLA,1736944927978,199.27,12,buy
TSLA,1736944928458,195.35,60,sell
NVDA,1736944929060,498.69,85,buy
SPY,1736944929143,399.93,64,buy
MSFT,1736944929419,301.43,23,sell
NVDA,1736944930091,502.39,17,buy
TSLA,1736944930302,194.91,23,buy
SPY,1736944930534,399.5,55,sell
AAPL,1736944930933,149.42,61,sell
SPY,1736944931099,401.63,77,buy
TSLA,1736944931115,198.55,6,buy
SPY,1736944931193,400.69,8,sell
SPY,1736944931395,400.21,55,buy
NVDA,1736944931504,502.65,9,sell
AAPL,1736944932036,152.05,70,sell
TSLA,1736944932310,198.24,28,sell
SPY,1736944933295,399.66,54,buy
NVDA,1736944933948,502.05,11,sell
TSLA,1736944934707,199.27,9,sell
NVDA,1736944935114,500.51,52,buy
MSFT,1736944935351,302.81,57,sell
TSLA,1736944935762,194.02,8,sell
TSLA,1736944935935,199.47,44,sell
SPY,1736944936401,400.37,94,sell
SPY,1736944939328,399.51,77,buy
NVDA,1736944939485,502.59,1,sell
AAPL,1736944940064,152.61,98,sell
AAPL,1736944940153,150.98,56,buy
NVDA,1736944942486,502.55,83,sell
SPY,1736944942841,399.72,68,buy
TSLA,1736944943322,195.07,33,buy
MSFT,1736944944150,299.89,100,sell
NVDA,1736944944349,501.66,88,buy
TSLA,1736944945876,197.36,78,sell
MSFT,1736944946735,302.03,58,sell
SPY,1736944948438,400.58,97,buy
SPY,1736944949654,399.36,20,sell
AAPL,1736944949706,152.26,15,buy
MSFT,1736944951012,299.39,4,sell
AAPL,1736944952509,150.15,68,buy
AAPL,1736944952736,149.17,81,buy
AAPL,1736944953166,149.66,8,buy
AAPL,1736944953557,152.43,71,sell
NVDA,1736944954417,499.29,90,sell
AAPL,1736944956592,152.57,52,buy
SPY,1736944958717,400.72,45,buy
MSFT,1736944959096,301.69,62,sell
AAPL,1736944959466,153.03,58,sell
SPY,1736944960158,399.62,47,buy
AAPL,1736944960266,149.65,18,sell
MSFT,1736944960361,297.44,58,sell
MSFT,1736944961081,298.25,76,sell
MSFT,1736944961322,301.71,36,buy
MSFT,1736944962176,299.3,75,sell
TSLA,1736944962272,195.54,49,sell
MSFT,1736944962366,297.1,9,sell
MSFT,1736944962884,298.31,81,buy
SPY,1736944963115,399.37,89,sell
MSFT,1736944963295,299.2,11,sell
TSLA,1736944963752,197.08,6,sell
NVDA,1736944963916,501.73,74,sell
NVDA,1736944965519,501.11,45,buy
SPY,1736944967343,398.96,74,sell
AAPL,1736944968328,152.1,27,buy
TSLA,1736944970272,194.47,40,buy
TSLA,1736944973806,195.44,69,sell
TSLA,1736944974056,199.78,46,buy
TSLA,1736944974758,198.74,99,buy
AAPL,1736944975556,151.93,84,buy
MSFT,1736944975988,298.86,40,buy
NVDA,1736944977533,500.1,52,buy
NVDA,1736944978274,498.84,59,sell
AAPL,1736944979100,152.83,43,sell
TSLA,1736944979160,195.24,9,buy
TSLA,1736944980117,197.07,23,buy
MSFT,1736944980328,299.01,38,buy
NVDA,1736944980908,501.81,48,sell
SPY,1736944981581,401.3,82,buy
MSFT,1736944981769,297.53,54,buy
AAPL,1736944981883,153.53,60,sell
AAPL,1736944981896,152.47,48,sell
AAPL,1736944982648,150.0,3,sell
MSFT,1736944982649,297.36,2,buy
AAPL,1736944983145,152.45,19,buy
MSFT,1736944985288,301.24,22,sell
NVDA,1736944985409,501.76,17,buy
AAPL,1736944987731,152.73,48,buy
TSLA,1736944988230,193.53,64,sell
NVDA,1736944990298,498.78,39,sell
AAPL,1736944990316,151.93,83,buy
MSFT,1736944991034,301.73,95,buy
MSFT,1736944991159,297.61,40,buy
SPY,1736944992319,401.43,44,buy
SPY,1736944993488,400.36,96,buy
MSFT,1736944993581,301.98,29,buy
MSFT,1736944994741,298.34,65,buy
NVDA,1736944994977,500.59,58,buy
MSFT,1736944996905,297.22,74,buy
MSFT,1736944997218,297.64,52,buy
NVDA,1736944998588,501.78,51,sell
AAPL,1736945001942,149.42,67,buy
SPY,1736945002834,400.65,43,buy
AAPL,1736945003954,153.19,97,buy
NVDA,1736945004043,501.74,64,sell
TSLA,1736945004701,198.72,29,buy
MSFT,1736945004747,296.9,89,sell
TSLA,1736945004817,198.51,59,buy
MSFT,1736945005310,301.15,88,sell
TSLA,1736945006538,197.86,6,buy
MSFT,1736945007387,300.22,95,sell
SPY,1736945007685,399.36,86,buy
AAPL,1736945007730,150.44,70,buy
NVDA,1736945007997,500.42,91,buy
TSLA,1736945009101,199.19,50,sell
MSFT,1736945009539,297.58,79,sell
MSFT,1736945009798,299.31,49,buy
AAPL,1736945013104,149.68,97,sell
SPY,1736945013200,401.79,87,sell
TSLA,1736945013392,198.26,20,sell
AAPL,1736945013821,152.22,38,sell
MSFT,1736945014818,302.12,58,buy
SPY,1736945014906,400.71,59,sell
SPY,1736945015367,399.07,22,buy
NVDA,1736945017469,499.36,83,buy
TSLA,1736945018021,198.06,8,buy
MSFT,1736945018418,299.09,93,sell
NVDA,1736945020211,502.76,42,sell
SPY,1736945020700,399.38,66,buy
NVDA,1736945023009,502.51,53,buy
AAPL,1736945023150,149.74,80,sell
TSLA,1736945023603,195.22,80,buy
TSLA,1736945024440,194.96,60,sell
SPY,1736945024484,399.85,51,buy
TSLA,1736945024534,197.83,38,sell
MSFT,1736945025561,296.95,42,sell
MSFT,1736945025573,302.14,37,sell
AAPL,1736945025577,151.83,71,sell
TSLA,1736945026694,200.33,64,sell
SPY,1736945026865,400.19,17,buy
NVDA,1736945028215,500.66,64,sell
SPY,1736945028241,399.93,94,buy
AAPL,1736945028305,152.77,11,sell
NVDA,1736945028599,499.79,43,sell
AAPL,1736945029060,152.8,87,buy
TSLA,1736945029423,198.52,73,buy
AAPL,1736945029440,151.24,64,sell
SPY,1736945029591,399.69,66,sell
TSLA,1736945029910,198.57,98,buy
AAPL,1736945030432,152.53,40,sell
SPY,1736945030531,398.94,22,sell
SPY,1736945032797,399.69,94,sell
AAPL,1736945034659,151.74,33,sell
NVDA,1736945034702,502.42,45,sell
TSLA,1736945036322,199.15,34,sell
AAPL,1736945036367,151.2,96,buy
TSLA,1736945037451,197.73,70,buy
SPY,1736945038692,401.49,72,buy
MSFT,1736945038999,299.65,74,sell
NVDA,1736945039301,500.37,33,buy
MSFT,1736945040086,296.92,81,buy
NVDA,1736945041862,501.3,32,buy
MSFT,1736945041881,299.08,96,buy
TSLA,1736945042664,199.1,21,buy
SPY,1736945042999,399.9,54,buy
SPY,1736945044160,399.9,79,sell
SPY,1736945044361,399.65,3,sell
MSFT,1736945044367,296.68,55,sell
MSFT,1736945045308,296.77,41,sell
MSFT,1736945046119,301.86,64,sell
NVDA,1736945046203,501.23,57,sell
SPY,1736945046853,399.95,96,sell
TSLA,1736945046945,199.69,94,sell
AAPL,1736945047260,150.43,44,buy
MSFT,1736945048394,298.66,49,buy
MSFT,1736945050168,299.08,39,sell
AAPL,1736945050323,152.0,93,sell
SPY,1736945050477,399.35,83,sell
AAPL,1736945050529,149.38,43,sell
AAPL,1736945050903,152.77,89,sell
NVDA,1736945051600,503.36,62,sell
AAPL,1736945052549,149.76,30,sell
NVDA,1736945053845,500.55,93,sell
TSLA,1736945053899,199.94,92,buy
SPY,1736945055663,399.52,85,sell
NVDA,1736945055938,502.2,95,sell
TSLA,1736945056140,193.17,41,sell
TSLA,1736945056169,196.52,35,sell
NVDA,1736945056411,500.34,79,sell
TSLA,1736945057007,194.99,72,buy
NVDA,1736945057089,503.69,40,buy
SPY,1736945057318,400.15,32,buy
NVDA,1736945059064,502.33,35,sell
MSFT,1736945059179,298.67,70,sell
NVDA,1736945061769,501.68,4,sell
MSFT,1736945061808,300.06,65,sell
MSFT,1736945063223,300.89,64,sell
AAPL,1736945063263,151.92,18,sell
MSFT,1736945063520,296.85,40,sell
AAPL,1736945063609,152.6,52,buy
TSLA,1736945064319,194.48,1,buy
TSLA,1736945064414,199.13,99,buy
AAPL,1736945065297,152.79,49,sell
NVDA,1736945065307,502.77,66,buy
AAPL,1736945065461,150.7,55,sell
TSLA,1736945067862,198.42,94,buy
TSLA,1736945068175,195.08,9,buy
SPY,1736945068303,401.12,19,sell
NVDA,1736945068550,503.51,2,sell
MSFT,1736945069620,299.78,88,buy
NVDA,1736945071017,499.65,91,buy
AAPL,1736945072623,151.33,78,sell
AAPL,1736945072789,151.74,76,buy
MSFT,1736945072942,299.04,21,sell
NVDA,1736945074070,502.48,92,sell
TSLA,1736945074548,195.23,79,buy
AAPL,1736945074962,151.56,97,buy
NVDA,1736945075988,503.62,32,buy
SPY,1736945076620,400.14,36,sell
SPY,1736945077780,401.08,4,sell
SPY,1736945079272,399.0,41,sell
NVDA,1736945079571,499.24,30,buy
AAPL,1736945079625,150.86,47,sell
TSLA,1736945079834,194.9,95,sell
AAPL,1736945081184,150.43,2,buy
NVDA,1736945081309,499.75,38,sell
MSFT,1736945081322,296.88,100,sell
AAPL,1736945082062,151.02,73,sell
NVDA,1736945082762,499.45,2,sell
SPY,1736945083598,399.05,94,buy
MSFT,1736945083636,298.89,98,buy
TSLA,1736945083777,199.22,81,sell
AAPL,1736945083969,152.52,30,sell
MSFT,1736945085924,297.43,22,buy
NVDA,1736945086043,503.7,43,buy
TSLA,1736945087441,198.01,46,sell
SPY,1736945087448,400.83,51,sell
AAPL,1736945088204,150.13,95,sell
NVDA,1736945089561,500.64,37,buy
MSFT,1736945090157,297.41,2,sell
MSFT,1736945090420,296.71,93,buy
SPY,1736945090872,400.38,84,sell
SPY,1736945091383,399.07,1,sell
NVDA,1736945091906,500.36,67,sell
NVDA,1736945093579,500.87,82,sell
SPY,1736945094003,400.76,88,buy
SPY,1736945094963,399.86,62,sell
MSFT,1736945095573,300.64,36,sell
MSFT,1736945095862,303.23,52,sell
NVDA,1736945095958,500.34,26,buy
MSFT,1736945096899,298.29,72,sell
MSFT,1736945097075,297.54,54,sell
AAPL,1736945097857,150.73,46,sell
SPY,1736945097900,399.78,47,buy
AAPL,1736945098192,150.85,78,sell
AAPL,1736945099848,152.56,17,buy
SPY,1736945101896,399.72,97,buy
MSFT,1736945102331,299.36,60,sell
NVDA,1736945102626,503.75,72,buy
TSLA,1736945104528,197.81,99,sell
NVDA,1736945104829,499.88,12,sell
NVDA,1736945105256,499.37,97,buy
MSFT,1736945105406,301.4,75,buy
NVDA,1736945105521,502.47,76,buy
NVDA,1736945106060,503.25,7,buy
AAPL,1736945108118,152.62,93,sell
AAPL,1736945108941,151.94,60,buy
MSFT,1736945109059,297.67,16,sell
MSFT,1736945109444,300.8,98,buy
NVDA,1736945109568,502.2,31,buy
MSFT,1736945111499,299.68,49,buy
TSLA,1736945111847,195.23,41,buy
AAPL,1736945112086,150.83,29,sell
MSFT,1736945112760,297.39,14,sell
MSFT,1736945112873,300.25,58,sell
SPY,1736945113822,400.22,57,sell
NVDA,1736945113868,499.5,53,sell
NVDA,1736945114261,501.71,5,buy
MSFT,1736945114836,299.24,12,buy
AAPL,1736945114884,152.82,75,buy
MSFT,1736945114903,297.48,87,sell
MSFT,1736945116325,299.99,89,sell
AAPL,1736945118984,149.78,95,sell
MSFT,1736945119000,301.5,73,sell
NVDA,1736945119396,499.84,84,sell
TSLA,1736945119734,198.01,61,buy
TSLA,1736945123256,200.38,17,buy
AAPL,1736945123355,150.59,86,sell
TSLA,1736945123678,196.08,81,buy
MSFT,1736945123689,299.34,87,buy
SPY,1736945123703,401.3,90,sell
MSFT,1736945124543,303.15,73,sell
TSLA,1736945127384,198.52,62,buy
NVDA,1736945128100,499.6,63,buy
MSFT,1736945129078,298.46,3,sell
MSFT,1736945129151,296.78,2,buy
TSLA,1736945129160,193.35,44,sell
NVDA,1736945131289,501.09,25,sell
NVDA,1736945131768,502.15,8,sell
AAPL,1736945132484,149.3,79,buy
MSFT,1736945133144,297.12,11,sell
AAPL,1736945134522,149.97,74,buy
TSLA,1736945135082,198.81,34,sell
SPY,1736945135173,399.84,30,sell
TSLA,1736945135318,198.6,43,buy
NVDA,1736945135411,502.38,32,buy
SPY,1736945136200,399.64,72,sell
SPY,1736945136292,401.19,37,sell
NVDA,1736945138025,498.88,10,buy
NVDA,1736945139515,503.27,28,sell
AAPL,1736945139625,152.36,27,sell
TSLA,1736945139959,198.7,34,sell
MSFT,1736945141105,302.94,9,buy
NVDA,1736945141242,501.75,16,buy
AAPL,1736945143383,151.85,53,sell
SPY,1736945145549,400.22,67,buy
TSLA,1736945146961,199.85,7,buy
NVDA,1736945147206,498.85,88,sell
NVDA,1736945147879,499.41,56,sell
TSLA,1736945148178,198.93,19,buy
AAPL,1736945148615,151.89,74,buy
AAPL,1736945149163,149.24,91,buy
MSFT,1736945149263,298.95,1,buy
MSFT,1736945149522,298.77,9,buy
MSFT,1736945151295,299.8,63,buy
SPY,1736945151590,400.58,21,sell
AAPL,1736945152406,149.73,52,buy
TSLA,1736945152961,198.93,43,sell
AAPL,1736945153402,152.03,76,sell
MSFT,1736945153503,300.1,79,sell
AAPL,1736945154321,151.25,64,sell
NVDA,1736945154481,502.35,94,sell
MSFT,1736945155088,301.21,54,buy
AAPL,1736945155403,150.84,50,buy
MSFT,1736945155426,299.14,33,buy
SPY,1736945157216,399.75,75,buy
MSFT,1736945157221,301.17,18,sell
AAPL,1736945157404,150.46,79,buy
AAPL,1736945157909,152.08,63,buy
NVDA,1736945158263,501.62,59,sell
MSFT,1736945158828,303.27,32,buy
NVDA,1736945159076,503.93,81,buy
NVDA,1736945159158,500.74,60,buy
SPY,1736945159491,399.46,25,buy
SPY,1736945159815,400.44,100,buy
MSFT,1736945160451,302.74,1,sell
AAPL,1736945161107,150.15,84,buy
NVDA,1736945161376,501.76,76,sell
SPY,1736945161677,399.6,69,sell
SPY,1736945162953,398.78,4,sell
NVDA,1736945163160,500.11,14,buy
TSLA,1736945163244,199.31,81,sell
SPY,1736945163883,400.96,80,sell
TSLA,1736945163890,195.21,54,sell
NVDA,1736945164296,500.3,6,sell
TSLA,1736945166318,193.08,48,sell
MSFT,1736945168654,301.24,85,buy
MSFT,1736945169282,298.49,20,buy
NVDA,1736945169933,502.92,67,buy
SPY,1736945170899,400.55,57,sell
SPY,1736945171456,399.66,93,buy
MSFT,1736945172443,296.93,8,sell
SPY,1736945172505,399.88,67,sell
SPY,1736945173166,399.95,70,sell
AAPL,1736945175412,149.68,18,buy
NVDA,1736945175538,500.73,66,sell
AAPL,1736945176087,152.03,55,sell
TSLA,1736945176110,198.27,81,buy
TSLA,1736945176715,199.89,72,buy
MSFT,1736945176726,301.39,22,sell
AAPL,1736945177431,152.82,71,sell
NVDA,1736945178401,502.15,97,sell
MSFT,1736945178661,299.28,100,sell
TSLA,1736945179066,195.34,52,buy
NVDA,1736945182895,501.08,99,buy
SPY,1736945183698,399.91,41,sell
SPY,1736945184827,399.02,83,sell
AAPL,1736945187233,152.95,90,buy
AAPL,1736945188053,149.54,71,sell
SPY,1736945188727,399.24,62,sell
TSLA,1736945188921,197.66,84,buy
AAPL,1736945190653,151.01,22,sell
MSFT,1736945191298,301.63,37,sell
TSLA,1736945191539,193.13,14,buy
AAPL,1736945191595,149.77,57,buy
MSFT,1736945191618,296.84,61,buy
AAPL,1736945191739,151.84,42,sell
AAPL,1736945192709,150.76,65,buy
AAPL,1736945194658,150.04,40,sell
MSFT,1736945195390,297.58,58,sell
AAPL,1736945195414,152.1,87,buy
AAPL,1736945195476,149.37,53,sell
TSLA,1736945196518,195.64,58,sell
AAPL,1736945196920,151.0,43,buy
AAPL,1736945197694,151.67,59,sell
MSFT,1736945197899,299.19,75,sell
TSLA,1736945199985,199.14,89,buy
NVDA,1736945203425,499.2,73,sell
NVDA,1736945204467,499.48,70,buy
MSFT,1736945204557,299.14,60,buy
TSLA,1736945205125,200.27,5,sell
NVDA,1736945205197,502.36,65,buy
MSFT,1736945206123,299.22,79,sell
TSLA,1736945206147,196.28,15,buy
TSLA,1736945207067,199.62,65,buy
NVDA,1736945207846,503.83,85,sell
AAPL,1736945208320,150.38,9,sell
MSFT,1736945208712,302.13,42,sell
SPY,1736945209491,401.53,34,sell
TSLA,1736945210715,195.41,46,sell
SPY,1736945211030,399.6,14,sell
NVDA,1736945212737,502.5,62,buy
NVDA,1736945213277,502.17,72,sell
NVDA,1736945213289,499.62,12,sell
TSLA,1736945213357,195.23,37,sell
SPY,1736945213361,399.65,29,buy
MSFT,1736945213480,300.65,7,sell
TSLA,1736945213935,198.41,81,sell
TSLA,1736945214150,200.29,22,sell
NVDA,1736945214235,499.56,60,buy
NVDA,1736945214357,501.75,67,buy
MSFT,1736945214459,299.43,7,buy
SPY,1736945215622,400.18,20,sell
TSLA,1736945216002,195.3,67,sell
SPY,1736945216103,399.78,53,buy
AAPL,1736945216488,152.43,27,buy
MSFT,1736945216953,300.51,88,buy
NVDA,1736945217326,502.24,4,sell
SPY,1736945219355,399.82,89,sell
AAPL,1736945220950,151.4,40,sell
NVDA,1736945224285,501.25,70,sell
SPY,1736945224452,399.23,75,sell
TSLA,1736945224466,196.41,53,sell
NVDA,1736945225487,501.27,92,buy
MSFT,1736945225793,301.66,40,buy
TSLA,1736945226553,198.42,33,sell
AAPL,1736945227214,150.38,37,buy
TSLA,1736945229038,193.68,71,buy
TSLA,1736945229139,194.96,58,sell
SPY,1736945229317,401.26,82,buy
MSFT,1736945229344,296.81,44,sell
AAPL,1736945229492,151.4,18,sell
NVDA,1736945230480,500.15,26,buy
AAPL,1736945231652,151.68,1,sell
SPY,1736945232911,399.21,50,sell
NVDA,1736945233269,503.37,62,buy
MSFT,1736945234192,299.16,82,sell
AAPL,1736945234732,149.51,23,buy
NVDA,1736945235150,499.49,26,sell
SPY,1736945235930,400.33,66,buy
AAPL,1736945236286,151.88,98,sell
SPY,1736945236433,400.81,58,sell
AAPL,1736945238043,151.91,34,sell
AAPL,1736945238690,150.77,27,buy
AAPL,1736945239897,152.26,87,buy
MSFT,1736945241206,297.59,86,sell
SPY,1736945241652,401.03,100,buy
AAPL,1736945241677,151.93,77,buy
MSFT,1736945244152,301.81,22,sell
MSFT,1736945244221,301.51,55,sell
MSFT,1736945244533,297.48,47,buy
TSLA,1736945246126,194.03,20,buy
NVDA,1736945246553,499.82,23,buy
SPY,1736945246728,400.42,43,sell
TSLA,1736945247098,194.89,38,buy
SPY,1736945248661,399.07,34,sell
TSLA,1736945249382,193.67,90,sell
NVDA,1736945250541,499.71,51,buy
TSLA,1736945250879,196.76,81,buy
NVDA,1736945251375,500.94,44,sell
SPY,1736945251702,400.44,86,sell
NVDA,1736945252347,502.27,77,buy
SPY,1736945253252,400.2,47,buy
SPY,1736945253457,400.32,75,sell
AAPL,1736945253535,152.54,57,sell
SPY,1736945253723,400.81,51,buy
MSFT,1736945254138,300.71,81,buy
AAPL,1736945255233,150.83,37,sell
MSFT,1736945256412,297.68,18,sell
SPY,1736945256581,400.58,62,sell
SPY,1736945256615,401.01,67,sell
MSFT,1736945257434,298.85,70,sell
NVDA,1736945258337,504.12,21,buy
AAPL,1736945258546,150.38,86,sell
SPY,1736945259016,401.6,91,sell
TSLA,1736945259063,195.47,10,buy
SPY,1736945259134,400.98,38,sell
TSLA,1736945261196,198.49,62,sell
NVDA,1736945261311,500.52,33,buy
AAPL,1736945262420,152.34,51,buy
AAPL,1736945264068,152.16,97,sell
SPY,1736945264464,399.71,28,buy
AAPL,1736945264732,149.53,57,buy
AAPL,1736945265710,152.45,11,buy
TSLA,1736945265859,194.44,65,sell
NVDA,1736945266021,501.57,35,buy
SPY,1736945266046,401.2,54,buy
MSFT,1736945266340,302.65,90,sell
AAPL,1736945266535,152.94,36,buy
SPY,1736945269252,398.98,73,sell
TSLA,1736945269844,198.16,59,sell
NVDA,1736945270087,502.85,30,sell
SPY,1736945270996,399.93,36,buy
NVDA,1736945273654,500.92,34,buy
AAPL,1736945274554,151.98,5,buy
MSFT,1736945274661,299.59,90,sell
NVDA,1736945275371,501.38,3,buy
TSLA,1736945275770,195.5,73,buy
AAPL,1736945277599,153.24,79,sell
NVDA,1736945277748,501.56,17,buy
MSFT,1736945278862,296.7,75,buy
AAPL,1736945279077,149.55,83,sell
AAPL,1736945279942,152.03,63,sell
TSLA,1736945281443,196.25,66,sell
AAPL,1736945281716,150.74,71,sell
AAPL,1736945282128,152.78,2,sell
MSFT,1736945282387,299.28,55,buy
SPY,1736945282430,399.49,40,buy
TSLA,1736945282849,198.42,65,sell
SPY,1736945283934,399.19,82,sell
AAPL,1736945284607,152.9,41,sell
TSLA,1736945285006,195.09,16,buy
SPY,1736945285396,400.12,4,buy
MSFT,1736945285404,298.09,91,sell
NVDA,1736945287463,502.52,80,sell
SPY,1736945289574,399.46,84,sell
NVDA,1736945290443,501.73,54,buy
NVDA,1736945291386,498.73,85,buy
NVDA,1736945291644,500.63,95,sell
MSFT,1736945293453,297.28,68,buy
TSLA,1736945293791,195.09,79,buy
TSLA,1736945293826,198.2,80,sell
SPY,1736945295315,400.75,35,buy
SPY,1736945297165,399.9,15,buy
SPY,1736945298186,399.21,47,sell
MSFT,1736945298375,299.84,94,sell
SPY,1736945299027,399.62,22,sell
NVDA,1736945299238,501.96,91,buy
NVDA,1736945300024,498.66,18,sell
SPY,1736945300220,400.01,18,sell
TSLA,1736945301099,195.04,41,buy
SPY,1736945301104,399.43,60,buy
MSFT,1736945301358,298.09,81,buy
TSLA,1736945302341,199.95,19,buy
NVDA,1736945302370,500.25,49,sell
SPY,1736945303646,399.41,19,buy
AAPL,1736945303876,149.7,53,buy
AAPL,1736945305624,151.8,41,buy
SPY,1736945305818,399.5,88,buy
TSLA,1736945306004,200.07,12,sell
TSLA,1736945308066,195.05,26,sell
MSFT,1736945308604,299.22,52,buy
NVDA,1736945310506,503.59,15,buy
TSLA,1736945311200,193.68,56,sell
TSLA,1736945311277,195.56,33,buy
NVDA,1736945311498,500.5,71,sell
TSLA,1736945311816,197.1,9,sell
AAPL,1736945312417,152.47,84,sell
MSFT,1736945313254,302.07,76,buy
SPY,1736945313437,400.37,90,sell
AAPL,1736945314763,150.86,84,buy
MSFT,1736945315490,297.87,47,sell
MSFT,1736945315520,301.99,56,sell
SPY,1736945315944,399.69,22,buy
TSLA,1736945317382,195.36,98,buy
NVDA,1736945317997,502.26,50,buy
TSLA,1736945318116,194.48,98,buy
AAPL,1736945319610,151.74,30,buy
TSLA,1736945321094,195.1,5,sell
MSFT,1736945322185,297.17,15,buy
TSLA,1736945322486,195.42,26,buy
TSLA,1736945322657,195.04,33,sell
MSFT,1736945323156,299.57,99,sell
TSLA,1736945323508,195.52,92,sell
AAPL,1736945324579,152.32,54,sell
AAPL,1736945325004,150.28,37,buy
TSLA,1736945325403,194.98,16,sell
AAPL,1736945327264,149.71,32,buy
TSLA,1736945328074,194.53,48,buy
SPY,1736945328132,399.44,60,buy
NVDA,1736945331813,502.8,84,sell
TSLA,1736945332724,194.92,60,sell
NVDA,1736945332922,503.12,12,buy
AAPL,1736945333995,152.04,17,buy
SPY,1736945334512,399.92,82,sell
TSLA,1736945334883,194.41,72,sell
MSFT,1736945335013,297.59,36,buy
NVDA,1736945335540,502.6,54,buy
MSFT,1736945335971,298.41,60,sell
AAPL,1736945339126,149.92,86,sell
SPY,1736945339368,399.98,97,buy
AAPL,1736945341092,153.03,20,sell
TSLA,1736945341520,199.92,15,sell
MSFT,1736945342032,299.01,95,buy
NVDA,1736945342400,502.79,82,sell
SPY,1736945347714,400.26,67,sell
SPY,1736945348413,399.51,75,buy
SPY,1736945348547,400.8,11,buy
NVDA,1736945348551,501.68,88,sell
MSFT,1736945349293,298.6,71,buy
AAPL,1736945349428,151.76,21,buy
AAPL,1736945352250,152.52,22,sell
SPY,1736945352322,401.09,42,buy
AAPL,1736945354055,152.05,11,sell
AAPL,1736945356938,152.07,34,sell
AAPL,1736945357911,149.45,43,sell
AAPL,1736945358102,149.44,5,buy
AAPL,1736945358449,152.07,16,sell
TSLA,1736945358571,198.41,79,sell
TSLA,1736945359165,195.45,51,sell
SPY,1736945359483,399.55,52,sell
TSLA,1736945360022,199.97,20,sell
TSLA,1736945360288,194.52,86,sell
AAPL,1736945360532,149.88,10,buy
MSFT,1736945360613,299.32,13,sell
NVDA,1736945360828,502.0,63,sell
SPY,1736945361057,400.74,83,buy
SPY,1736945362232,401.58,42,sell
AAPL,1736945362606,152.86,93,sell
AAPL,1736945364576,150.44,6,buy
NVDA,1736945364635,502.0,66,sell
NVDA,1736945365084,503.93,49,buy
SPY,1736945365595,399.29,35,sell
SPY,1736945366180,399.67,32,sell
TSLA,1736945366503,195.35,22,sell
MSFT,1736945366882,301.56,55,buy
TSLA,1736945366993,198.49,53,sell
AAPL,1736945367002,149.53,46,buy
NVDA,1736945368128,499.35,17,buy
MSFT,1736945368258,298.88,9,sell
TSLA,1736945368836,197.94,60,buy
TSLA,1736945369187,197.24,16,buy
NVDA,1736945369476,502.67,93,sell
TSLA,1736945371308,195.57,60,sell
TSLA,1736945371694,198.67,44,buy
SPY,1736945371886,401.81,29,buy
MSFT,1736945373015,302.14,53,sell
TSLA,1736945373078,198.25,57,buy
NVDA,1736945373254,503.34,55,buy
MSFT,1736945375401,299.7,7,buy
TSLA,1736945377270,197.85,3,sell
SPY,1736945377277,400.74,31,sell
SPY,1736945378478,400.69,56,buy
AAPL,1736945379011,151.92,64,buy
TSLA,1736945379359,195.56,74,buy
TSLA,1736945379517,198.75,96,buy
MSFT,1736945379908,301.06,4,buy
NVDA,1736945380387,501.63,78,buy
SPY,1736945380874,399.26,65,buy
SPY,1736945383062,401.18,49,buy
NVDA,1736945383090,503.58,27,sell
SPY,1736945384290,400.76,58,sell
AAPL,1736945384841,151.57,21,buy
TSLA,1736945387983,196.92,28,sell
SPY,1736945388123,399.79,9,sell
SPY,1736945388147,399.55,36,buy
NVDA,1736945388870,501.78,59,buy
AAPL,1736945389051,152.2,79,sell
TSLA,1736945390180,198.22,94,buy
MSFT,1736945390233,301.68,84,buy
TSLA,1736945390498,198.28,12,sell
NVDA,1736945390712,502.26,24,buy
SPY,1736945390868,399.66,91,buy
MSFT,1736945391276,301.04,94,sell
SPY,1736945391642,399.21,62,buy
SPY,1736945392128,399.58,49,sell
AAPL,1736945392509,150.92,28,buy
TSLA,1736945393049,197.5,18,sell
TSLA,1736945394139,199.45,37,sell
SPY,1736945394698,400.76,63,sell
AAPL,1736945395692,149.76,31,sell
NVDA,1736945396228,504.15,8,sell
AAPL,1736945399064,151.45,85,sell
NVDA,1736945400204,499.56,43,buy
MSFT,1736945400813,300.15,100,sell
TSLA,1736945402277,200.07,90,sell
NVDA,1736945403051,499.68,89,sell
SPY,1736945403126,400.93,26,buy
MSFT,1736945403547,302.62,95,buy
TSLA,1736945404775,197.91,27,buy
AAPL,1736945409513,149.98,60,sell
SPY,1736945412515,399.41,83,sell
TSLA,1736945413858,199.06,80,sell
MSFT,1736945414910,296.95,24,buy
NVDA,1736945415180,501.98,29,buy
MSFT,1736945415475,299.11,46,buy
MSFT,1736945415482,300.79,61,buy
SPY,1736945416112,401.03,44,buy
AAPL,1736945416285,149.8,41,buy
TSLA,1736945416819,195.45,7,buy
SPY,1736945417409,401.16,62,sell
SPY,1736945419802,399.58,79,buy
NVDA,1736945419931,503.68,64,buy
AAPL,1736945420209,151.69,4,sell
TSLA,1736945420334,199.21,39,sell
TSLA,1736945420844,199.14,37,buy
AAPL,1736945421153,151.58,62,buy
MSFT,1736945421520,296.86,71,buy
TSLA,1736945421528,195.56,88,buy
NVDA,1736945424223,503.17,99,sell
SPY,1736945425012,399.4,11,buy
MSFT,1736945425106,301.31,19,buy
AAPL,1736945425519,153.02,7,sell
MSFT,1736945427438,299.19,14,sell
SPY,1736945427476,400.8,82,sell
TSLA,1736945427539,198.73,56,sell
NVDA,1736945428057,499.26,16,sell
AAPL,1736945433478,150.62,29,buy
NVDA,1736945433780,500.42,8,buy
NVDA,1736945434179,502.33,81,sell
AAPL,1736945434676,150.24,75,buy
AAPL,1736945435110,152.34,80,buy
SPY,1736945435752,400.12,14,buy
NVDA,1736945435919,500.69,71,buy
AAPL,1736945438423,150.12,78,buy
MSFT,1736945438465,301.13,72,buy
TSLA,1736945438868,197.7,13,sell
TSLA,1736945440083,198.58,16,buy
SPY,1736945440133,400.11,76,buy
AAPL,1736945440521,152.8,87,buy
SPY,1736945440685,399.75,79,buy
AAPL,1736945441923,150.18,40,buy
MSFT,1736945443764,300.18,42,buy
SPY,1736945443846,400.37,57,sell
AAPL,1736945444863,149.84,76,sell
TSLA,1736945448805,198.82,84,sell
AAPL,1736945449010,150.61,7,buy
TSLA,1736945450326,196.45,80,buy
TSLA,1736945451268,194.85,64,buy
MSFT,1736945451577,300.4,38,sell
MSFT,1736945452089,298.84,5,sell
TSLA,1736945452116,196.95,75,sell
TSLA,1736945452183,195.42,14,sell
AAPL,1736945453274,150.48,66,buy
MSFT,1736945453525,297.01,29,sell
SPY,1736945453655,399.19,73,buy
AAPL,1736945453818,151.92,88,sell
NVDA,1736945454463,503.51,71,buy
SPY,1736945454513,401.64,8,buy
SPY,1736945455701,399.14,50,buy
AAPL,1736945455722,151.25,61,sell
AAPL,1736945455883,151.85,42,sell
AAPL,1736945455906,152.1,81,sell
TSLA,1736945455944,195.63,93,buy
MSFT,1736945457644,298.09,51,sell
AAPL,1736945458208,152.35,100,sell
SPY,1736945458756,400.83,69,sell
TSLA,1736945459423,199.88,2,buy
AAPL,1736945459719,150.1,10,buy
TSLA,1736945460303,198.5,17,buy
TSLA,1736945460544,195.75,67,sell
TSLA,1736945460804,195.38,85,sell
TSLA,1736945462252,199.39,9,buy
SPY,1736945462792,399.17,57,buy
SPY,1736945463892,398.97,66,buy
TSLA,1736945464006,198.4,12,buy
AAPL,1736945464244,149.74,94,buy
AAPL,1736945464419,150.75,1,buy
NVDA,1736945464451,499.96,37,buy
AAPL,1736945464665,149.59,9,sell
MSFT,1736945466110,300.25,76,sell
NVDA,1736945467095,499.05,35,buy
NVDA,1736945467606,501.58,88,sell
AAPL,1736945467824,152.05,91,buy
AAPL,1736945468519,149.32,50,buy
NVDA,1736945468524,503.63,64,sell
MSFT,1736945468588,297.82,76,sell
SPY,1736945469417,400.35,69,sell
TSLA,1736945469460,198.34,16,buy
SPY,1736945470047,399.49,23,sell
NVDA,1736945470149,500.32,30,buy
AAPL,1736945470646,149.35,83,buy
NVDA,1736945471427,500.53,16,buy
NVDA,1736945471630,502.52,88,buy
TSLA,1736945471802,198.62,74,buy
AAPL,1736945472772,151.89,68,sell
AAPL,1736945473015,151.64,12,buy
MSFT,1736945473368,299.88,52,sell
AAPL,1736945473843,152.55,25,sell
AAPL,1736945475190,149.68,64,buy
SPY,1736945475487,398.83,97,buy
SPY,1736945479151,399.46,42,sell
NVDA,1736945480220,501.64,64,sell
SPY,1736945483289,400.56,63,sell
MSFT,1736945484019,296.88,10,sell
AAPL,1736945487676,152.43,66,buy
SPY,1736945488137,399.85,59,sell
TSLA,1736945491156,194.5,83,sell
AAPL,1736945491304,151.5,60,buy
NVDA,1736945491705,500.53,61,sell
AAPL,1736945492218,151.82,4,buy
MSFT,1736945493022,299.02,39,buy
SPY,1736945493642,399.08,3,buy
AAPL,1736945494183,151.68,10,sell
SPY,1736945494363,400.6,53,buy
AAPL,1736945494908,150.34,75,buy
TSLA,1736945495195,200.26,17,sell
NVDA,1736945496176,501.8,63,buy
TSLA,1736945496401,195.31,58,buy
NVDA,1736945496639,503.3,90,sell
AAPL,1736945496977,153.3,75,buy
AAPL,1736945497107,149.29,94,sell
TSLA,1736945500904,195.03,16,sell
SPY,1736945501507,398.81,28,buy
NVDA,1736945501619,501.88,23,buy
TSLA,1736945501648,195.28,65,buy
AAPL,1736945502685,149.26,21,sell
NVDA,1736945504571,499.49,59,buy
TSLA,1736945504934,193.33,62,sell
NVDA,1736945505301,500.23,84,sell
MSFT,1736945506106,300.82,31,sell
AAPL,1736945506347,151.93,88,sell
AAPL,1736945506904,152.53,82,sell
AAPL,1736945507760,152.39,48,sell
AAPL,1736945508038,149.95,67,buy
NVDA,1736945509423,499.52,60,buy
NVDA,1736945509477,501.87,74,sell
AAPL,1736945510274,151.49,73,sell
NVDA,1736945511150,499.53,65,buy
MSFT,1736945511881,297.03,48,buy
NVDA,1736945511936,501.99,78,sell
NVDA,1736945512151,500.7,12,buy
TSLA,1736945513393,195.06,15,buy
TSLA,1736945513738,194.4,13,buy
TSLA,1736945513894,193.59,35,buy
MSFT,1736945515152,296.66,53,sell
AAPL,1736945515719,151.39,14,sell
MSFT,1736945516092,301.28,22,sell
MSFT,1736945517645,297.43,82,buy
TSLA,1736945518258,198.67,99,sell
AAPL,1736945519555,151.98,55,sell
NVDA,1736945520564,500.44,26,buy
TSLA,1736945521012,195.04,97,buy
TSLA,1736945522035,195.62,13,buy
NVDA,1736945522719,499.26,68,sell
NVDA,1736945523449,501.55,49,buy
SPY,1736945523815,399.73,21,buy
MSFT,1736945525135,300.88,20,buy
NVDA,1736945525418,501.01,62,buy
NVDA,1736945525651,501.78,9,sell
NVDA,1736945527957,503.27,12,sell
AAPL,1736945528833,150.81,34,sell
SPY,1736945530407,399.76,18,buy
SPY,1736945531658,399.83,34,buy
NVDA,1736945532142,500.31,94,sell
SPY,1736945532769,399.18,94,buy
TSLA,1736945532859,196.14,3,sell
AAPL,1736945533327,152.87,19,sell
AAPL,1736945533878,152.17,84,buy
AAPL,1736945534077,150.19,32,buy
TSLA,1736945534224,195.52,33,buy
NVDA,1736945534561,502.56,71,buy
AAPL,1736945534774,153.18,78,buy
NVDA,1736945534984,499.6,28,buy
MSFT,1736945535036,298.97,99,buy
NVDA,1736945535324,501.68,42,buy
MSFT,1736945538660,298.61,11,sell
AAPL,1736945540271,152.26,37,sell
TSLA,1736945540913,196.44,38,buy
MSFT,1736945540992,298.15,2,buy
AAPL,1736945541717,150.16,94,sell
NVDA,1736945541840,499.31,71,buy
MSFT,1736945541894,299.95,26,sell
TSLA,1736945542341,197.9,51,sell
SPY,1736945542442,399.73,63,sell
NVDA,1736945542603,501.74,51,buy
SPY,1736945542912,399.72,31,buy
NVDA,1736945543143,502.83,93,buy
TSLA,1736945543356,197.6,95,sell
MSFT,1736945544312,303.09,61,sell
SPY,1736945544582,399.6,15,sell
TSLA,1736945546115,193.66,54,buy
MSFT,1736945547288,297.95,16,buy
NVDA,1736945547534,503.77,6,sell
SPY,1736945547601,399.2,79,sell
NVDA,1736945548719,498.64,90,sell
AAPL,1736945549345,152.88,1,buy
SPY,1736945551342,400.19,85,sell
TSLA,1736945551784,197.94,65,buy
NVDA,1736945553061,502.8,5,sell
TSLA,1736945553267,195.57,20,buy
MSFT,1736945553656,298.33,93,buy
MSFT,1736945554028,298.24,51,sell
SPY,1736945554654,401.52,7,sell
NVDA,1736945554714,500.14,84,buy
AAPL,1736945555149,149.9,25,buy
TSLA,1736945556161,195.16,31,sell
NVDA,1736945556462,503.28,53,buy
NVDA,1736945556566,502.69,43,buy
MSFT,1736945559034,297.27,68,sell
TSLA,1736945559773,199.17,48,buy
MSFT,1736945559963,299.33,16,sell
AAPL,1736945560048,151.91,96,sell
NVDA,1736945560977,498.7,12,sell
NVDA,1736945561389,500.55,19,buy
NVDA,1736945561531,501.65,72,buy
NVDA,1736945561722,503.44,49,buy
AAPL,1736945563214,152.78,71,buy
NVDA,1736945567003,502.51,85,sell
AAPL,1736945567221,151.86,66,sell
TSLA,1736945568332,199.95,72,buy
AAPL,1736945569686,148.96,89,buy
MSFT,1736945569713,299.75,42,buy
NVDA,1736945570793,499.12,7,sell
SPY,1736945571437,400.97,87,sell
TSLA,1736945573078,195.54,54,sell
MSFT,1736945574789,301.79,35,buy
SPY,1736945575715,399.35,50,buy
AAPL,1736945576817,151.34,80,buy
TSLA,1736945577632,198.4,62,buy
TSLA,1736945577647,194.64,33,buy
NVDA,1736945578088,501.05,24,sell
TSLA,1736945579635,196.36,86,sell
TSLA,1736945580663,200.0,98,buy
NVDA,1736945581762,502.7,98,buy
SPY,1736945583387,398.63,35,buy
AAPL,1736945584262,150.41,57,sell
SPY,1736945584574,401.1,91,sell
NVDA,1736945585087,503.56,34,buy
TSLA,1736945585299,195.11,89,sell
SPY,1736945585335,399.28,47,sell
MSFT,1736945586064,302.53,23,sell
NVDA,1736945586400,501.93,5,sell
SPY,1736945586887,400.68,14,sell
NVDA,1736945588328,499.45,84,sell
TSLA,1736945590387,199.85,48,sell
MSFT,1736945590794,299.14,40,sell
MSFT,1736945591152,299.39,4,sell
TSLA,1736945591479,194.45,31,sell
TSLA,1736945592378,198.54,80,buy
SPY,1736945592819,401.03,31,sell
TSLA,1736945592827,198.34,4,buy
SPY,1736945593047,399.82,76,sell
TSLA,1736945595743,198.38,88,sell
TSLA,1736945595970,194.81,50,buy
MSFT,1736945596019,301.13,3,buy
SPY,1736945597054,398.91,67,buy
NVDA,1736945598301,502.22,79,buy
SPY,1736945598966,399.34,4,sell
NVDA,1736945600109,501.56,96,sell
AAPL,1736945600423,152.71,84,sell
AAPL,1736945600665,152.0,12,buy
NVDA,1736945600909,498.94,63,sell
MSFT,1736945601392,298.65,49,buy
SPY,1736945602735,401.45,27,sell
AAPL,1736945602890,150.92,46,sell
SPY,1736945603974,400.69,49,buy
TSLA,1736945605172,196.94,82,buy
MSFT,1736945606521,301.28,79,buy
NVDA,1736945608371,503.9,85,sell
MSFT,1736945608513,301.25,81,sell
AAPL,1736945608797,150.44,40,buy
AAPL,1736945609092,151.75,38,sell
MSFT,1736945609334,301.23,34,sell
NVDA,1736945609700,499.09,22,buy
AAPL,1736945610785,152.91,40,sell
TSLA,1736945611733,199.46,85,buy
NVDA,1736945611847,499.85,9,sell
TSLA,1736945613231,198.5,83,sell
MSFT,1736945614029,297.56,35,sell
SPY,1736945614596,400.97,81,sell
SPY,1736945614646,399.85,97,buy
TSLA,1736945615070,195.67,28,sell
MSFT,1736945615484,301.28,19,buy
NVDA,1736945616369,501.74,1,sell
MSFT,1736945616430,300.29,85,sell
NVDA,1736945617515,501.08,94,sell
SPY,1736945618070,399.91,2,sell
TSLA,1736945619250,199.15,62,buy
NVDA,1736945620280,502.76,81,buy
AAPL,1736945620484,152.08,57,buy
TSLA,1736945621656,197.69,37,buy
MSFT,1736945621711,299.06,59,sell
MSFT,1736945621898,299.18,15,sell
AAPL,1736945622875,150.57,83,buy
SPY,1736945623150,401.69,55,sell
AAPL,1736945623246,151.9,25,sell
NVDA,1736945623342,498.6,28,buy
SPY,1736945623696,399.43,4,sell
MSFT,1736945623773,296.9,85,sell
NVDA,1736945623788,501.86,59,buy
AAPL,1736945623838,151.32,16,sell
SPY,1736945624018,400.27,79,sell
MSFT,1736945624440,298.93,57,sell
TSLA,1736945624674,199.94,47,buy
NVDA,1736945626238,500.82,25,buy
NVDA,1736945626835,499.19,4,buy
TSLA,1736945627853,199.5,76,sell
SPY,1736945628953,398.85,10,buy
TSLA,1736945629049,194.57,22,buy
MSFT,1736945629064,299.32,8,sell
NVDA,1736945629069,499.15,72,buy
TSLA,1736945629376,195.15,23,buy
TSLA,1736945629728,197.07,16,buy
MSFT,1736945632612,300.3,98,buy
NVDA,1736945635533,500.61,12,sell
SPY,1736945637074,400.25,70,sell
AAPL,1736945638162,151.2,5,sell
MSFT,1736945638369,299.58,34,sell
AAPL,1736945638894,149.95,98,sell
MSFT,1736945640044,298.15,83,sell
AAPL,1736945640281,150.23,79,buy
TSLA,1736945640787,194.25,90,sell
SPY,1736945640859,401.24,28,buy
AAPL,1736945641235,151.9,93,sell
SPY,1736945641844,398.9,77,buy
MSFT,1736945641997,298.85,20,sell
SPY,1736945642302,399.87,20,sell
NVDA,1736945642369,502.69,85,sell
AAPL,1736945642420,152.98,47,sell
MSFT,1736945643563,300.51,34,buy
SPY,1736945644640,399.05,6,sell
MSFT,1736945644872,299.79,56,sell
SPY,1736945644931,399.76,39,buy
AAPL,1736945646631,152.61,24,buy
SPY,1736945647540,399.91,10,buy
AAPL,1736945647838,152.1,5,buy
MSFT,1736945648149,303.19,6,sell
AAPL,1736945648178,150.23,58,sell
TSLA,1736945649093,198.88,61,buy
MSFT,1736945649467,297.76,87,sell
TSLA,1736945652362,199.07,23,buy
NVDA,1736945652439,502.5,50,buy
AAPL,1736945652757,151.32,78,buy
AAPL,1736945653536,150.84,95,sell
SPY,1736945654022,399.63,28,buy
NVDA,1736945655061,499.72,80,sell
AAPL,1736945655137,152.55,39,sell
MSFT,1736945655839,301.97,61,buy
SPY,1736945657524,400.31,14,buy
SPY,1736945658176,399.34,59,sell
NVDA,1736945658706,500.79,83,sell
TSLA,1736945660401,198.44,89,buy
SPY,1736945662539,399.75,29,buy
AAPL,1736945662754,150.64,55,sell
MSFT,1736945663071,298.79,8,sell
AAPL,1736945663967,150.24,50,sell
AAPL,1736945666487,151.79,95,sell
SPY,1736945667007,400.64,46,buy
TSLA,1736945669384,193.21,20,sell
TSLA,1736945671042,198.94,64,buy
AAPL,1736945671189,150.16,75,buy
SPY,1736945672034,399.23,91,sell
AAPL,1736945672165,150.71,65,buy
MSFT,1736945672747,301.48,9,sell
NVDA,1736945672957,501.86,12,sell
AAPL,1736945673788,150.7,3,sell
MSFT,1736945674672,299.09,13,sell
MSFT,1736945674805,296.99,52,sell
SPY,1736945675570,401.34,39,sell
SPY,1736945675995,399.38,8,buy
SPY,1736945676422,400.1,72,sell
NVDA,1736945676991,501.73,51,sell
SPY,1736945677050,401.08,72,buy
MSFT,1736945677834,299.32,26,sell
AAPL,1736945678817,152.15,74,sell
SPY,1736945680153,399.88,12,sell
MSFT,1736945681178,299.17,62,buy
MSFT,1736945681385,298.14,75,sell
MSFT,1736945682615,302.88,29,buy
NVDA,1736945682966,499.33,32,sell
MSFT,1736945682997,298.81,92,buy
MSFT,1736945683618,300.12,78,sell
AAPL,1736945684117,151.93,6,sell
MSFT,1736945685444,299.17,35,buy
SPY,1736945685458,400.8,25,sell
SPY,1736945687075,399.84,99,buy
AAPL,1736945688586,152.08,19,buy
MSFT,1736945689261,297.51,26,sell
AAPL,1736945690008,150.21,84,sell
MSFT,1736945690772,299.2,46,buy
AAPL,1736945691046,153.01,71,buy
SPY,1736945694162,399.09,5,sell
SPY,1736945694529,401.02,63,buy
SPY,1736945696341,399.34,53,buy
SPY,1736945697515,399.6,63,buy
MSFT,1736945697589,303.05,19,sell
TSLA,1736945698166,198.67,69,sell
SPY,1736945698473,399.54,14,buy
NVDA,1736945701620,498.79,62,sell
AAPL,1736945702175,152.46,59,buy
AAPL,1736945703040,149.55,40,buy
AAPL,1736945704199,150.69,85,sell
SPY,1736945704460,400.0,22,buy
TSLA,1736945705128,194.21,28,sell
MSFT,1736945705458,298.68,11,buy
SPY,1736945706611,400.28,31,sell
NVDA,1736945706731,501.61,33,buy
NVDA,1736945706930,500.85,20,sell
NVDA,1736945707139,502.07,74,buy
MSFT,1736945707286,298.22,46,sell
TSLA,1736945710139,198.33,70,buy
TSLA,1736945710223,196.05,52,sell
AAPL,1736945710284,152.02,91,buy
SPY,1736945710685,399.67,72,sell
SPY,1736945710801,399.2,94,sell
NVDA,1736945711120,503.26,99,sell
NVDA,1736945711762,499.65,24,sell
TSLA,1736945714160,196.86,66,sell
NVDA,1736945715358,499.5,73,buy
NVDA,1736945717008,502.11,85,buy
NVDA,1736945717871,500.85,84,buy
SPY,1736945718404,400.94,100,buy
NVDA,1736945719021,503.8,2,buy
NVDA,1736945719551,503.58,25,buy
NVDA,1736945719974,503.5,54,buy
NVDA,1736945720414,502.11,76,buy
TSLA,1736945721104,199.57,69,sell
MSFT,1736945721793,297.03,24,sell
AAPL,1736945722112,150.45,99,buy
NVDA,1736945722484,502.72,72,sell
NVDA,1736945722557,499.79,42,buy
NVDA,1736945723197,502.21,98,sell
NVDA,1736945724437,502.32,69,buy
AAPL,1736945725445,149.14,96,buy
SPY,1736945726175,399.17,88,buy
MSFT,1736945726220,297.55,12,buy
TSLA,1736945729076,196.14,66,sell
SPY,1736945729672,401.75,28,sell
AAPL,1736945730784,149.31,22,buy
NVDA,1736945731084,502.12,99,sell
NVDA,1736945732391,502.62,59,sell
AAPL,1736945732514,152.03,25,buy
TSLA,1736945733657,194.89,34,sell
AAPL,1736945733815,152.23,40,sell
AAPL,1736945734547,150.1,16,buy
NVDA,1736945736701,503.6,55,sell
AAPL,1736945737332,152.57,30,sell
SPY,1736945738038,399.32,5,buy
SPY,1736945739707,399.9,55,buy
MSFT,1736945739788,299.02,29,sell
SPY,1736945740133,401.61,80,buy
AAPL,1736945740157,152.23,26,buy
MSFT,1736945740320,298.63,50,buy
MSFT,1736945740505,299.79,23,sell
TSLA,1736945741100,198.54,81,sell
MSFT,1736945741653,302.78,50,buy
SPY,1736945742597,399.58,27,buy
SPY,1736945743384,400.04,30,buy
AAPL,1736945743445,152.6,29,sell
AAPL,1736945743663,151.75,60,buy
AAPL,1736945743789,150.37,41,buy
AAPL,1736945743902,150.46,12,buy
TSLA,1736945744238,197.25,90,buy
TSLA,1736945744511,197.08,33,sell
MSFT,1736945744929,299.3,84,sell
NVDA,1736945746476,499.24,18,sell
MSFT,1736945748007,300.08,45,buy
NVDA,1736945748669,501.97,77,buy
MSFT,1736945749590,300.63,96,sell
SPY,1736945750612,401.52,12,buy
SPY,1736945751590,400.2,97,sell
SPY,1736945751608,400.69,23,sell
NVDA,1736945751863,502.83,95,sell
MSFT,1736945752151,298.53,11,buy
TSLA,1736945752585,199.43,81,sell
TSLA,1736945753116,196.96,84,buy
NVDA,1736945756413,502.03,17,sell
MSFT,1736945756416,299.39,43,buy
AAPL,1736945756437,151.94,49,sell
TSLA,1736945757040,194.13,20,sell
TSLA,1736945757195,199.39,75,sell
NVDA,1736945757579,499.64,76,buy
MSFT,1736945758347,299.08,89,buy
AAPL,1736945758403,152.77,56,buy
AAPL,1736945758516,151.31,57,sell
SPY,1736945758873,400.62,84,sell
AAPL,1736945758937,150.94,72,sell
AAPL,1736945759362,152.01,47,sell
NVDA,1736945759966,499.89,40,sell
SPY,1736945760776,400.26,38,sell
MSFT,1736945761954,299.16,95,sell
AAPL,1736945762096,152.96,68,sell
AAPL,1736945762203,151.18,26,sell
AAPL,1736945762342,153.13,46,buy
TSLA,1736945762558,194.98,65,buy
NVDA,1736945764359,503.43,99,buy
TSLA,1736945765081,197.07,23,sell
SPY,1736945765154,400.08,74,buy
SPY,1736945768585,400.69,68,sell
SPY,1736945770727,400.91,38,sell
TSLA,1736945770954,199.93,13,sell
SPY,1736945771346,401.07,99,buy
TSLA,1736945771549,197.83,73,buy
NVDA,1736945771602,500.86,51,sell
AAPL,1736945772046,150.33,13,sell
NVDA,1736945772249,500.42,98,buy
SPY,1736945773979,400.75,32,sell
TSLA,1736945774002,198.89,11,sell
AAPL,1736945774985,150.22,78,sell
AAPL,1736945775173,150.17,51,buy
NVDA,1736945776056,500.36,70,buy
MSFT,1736945776871,303.0,98,buy
TSLA,1736945777254,198.53,57,buy
NVDA,1736945778559,501.97,51,buy
TSLA,1736945779826,195.87,91,buy
TSLA,1736945779971,198.03,88,buy
SPY,1736945780783,399.92,98,sell
NVDA,1736945781378,501.75,7,sell
AAPL,1736945782466,151.01,39,buy
AAPL,1736945782509,150.55,96,buy
TSLA,1736945782575,199.16,10,buy
AAPL,1736945782659,151.91,41,buy
TSLA,1736945783407,195.48,15,sell
SPY,1736945783921,400.22,38,sell
NVDA,1736945784719,498.63,47,buy
MSFT,1736945784907,298.6,72,sell
AAPL,1736945785863,151.62,22,sell
TSLA,1736945786017,195.43,53,sell
MSFT,1736945786681,300.94,20,sell
MSFT,1736945787588,296.94,1,sell
TSLA,1736945788074,198.56,29,buy
TSLA,1736945788810,195.25,37,sell
NVDA,1736945791128,499.31,38,sell
NVDA,1736945793891,502.15,24,sell
AAPL,1736945795043,152.05,11,buy
SPY,1736945795845,401.63,100,sell
SPY,1736945797031,399.59,66,buy
AAPL,1736945797235,150.72,91,sell
MSFT,1736945799136,297.58,79,sell
MSFT,1736945799842,297.62,52,sell
TSLA,1736945800325,197.07,78,sell
NVDA,1736945800772,499.35,38,buy
AAPL,1736945801549,151.94,3,sell
AAPL,1736945802411,152.08,41,buy
TSLA,1736945803105,193.71,39,buy
MSFT,1736945803759,300.52,3,sell
TSLA,1736945803872,198.47,20,sell
AAPL,1736945803954,151.86,92,sell
TSLA,1736945804226,197.83,14,sell
MSFT,1736945804449,297.4,82,sell
NVDA,1736945804934,500.32,38,buy
MSFT,1736945805153,299.63,78,sell
NVDA,1736945805510,500.44,72,sell
MSFT,1736945806074,301.24,16,buy
SPY,1736945806288,399.56,35,sell
MSFT,1736945806378,300.15,48,buy
TSLA,1736945806432,197.83,65,sell
TSLA,1736945807077,199.69,61,buy
AAPL,1736945807145,152.17,33,buy
NVDA,1736945807200,501.8,95,sell
SPY,1736945807420,399.6,72,sell
NVDA,1736945807438,498.86,24,buy
SPY,1736945808569,400.68,17,sell
MSFT,1736945809679,298.81,53,sell
AAPL,1736945809986,150.1,2,sell
TSLA,1736945814648,198.1,16,sell
TSLA,1736945815133,200.26,98,sell
MSFT,1736945815690,300.09,47,sell
NVDA,1736945817294,499.64,7,sell
TSLA,1736945817744,199.92,96,sell
SPY,1736945818063,399.49,34,sell
SPY,1736945820531,399.77,17,buy
SPY,1736945820819,399.05,23,sell
AAPL,1736945821593,151.89,37,sell
MSFT,1736945821736,302.11,34,buy
MSFT,1736945822041,298.56,98,buy
MSFT,1736945822354,297.82,95,sell
MSFT,1736945823918,296.7,1,buy
MSFT,1736945824271,299.07,32,buy
SPY,1736945825126,400.84,74,sell
SPY,1736945825641,400.66,35,buy
AAPL,1736945827553,150.2,40,sell
NVDA,1736945827590,499.7,4,buy
NVDA,1736945827640,501.16,74,sell
AAPL,1736945827851,150.25,7,sell
SPY,1736945829110,399.49,50,buy
TSLA,1736945829547,200.01,93,buy
AAPL,1736945830294,151.63,60,buy
SPY,1736945830461,401.51,55,buy
SPY,1736945830720,400.79,58,sell
MSFT,1736945831647,299.33,8,buy
SPY,1736945833290,399.2,62,sell
MSFT,1736945833712,296.8,79,buy
MSFT,1736945836242,297.1,46,buy
AAPL,1736945836511,149.32,57,sell
TSLA,1736945837536,196.92,14,buy
NVDA,1736945837726,503.37,93,buy
MSFT,1736945838375,302.82,5,sell
AAPL,1736945842501,149.23,25,sell
MSFT,1736945842712,299.25,43,buy
NVDA,1736945842749,504.01,15,buy
SPY,1736945843595,398.63,65,sell
SPY,1736945844533,399.92,84,buy
SPY,1736945845017,400.65,84,buy
NVDA,1736945845731,499.7,63,sell
SPY,1736945845783,400.19,10,sell
SPY,1736945845907,399.93,40,sell
SPY,1736945846259,398.94,26,buy
AAPL,1736945846766,152.04,52,sell
MSFT,1736945847131,301.38,98,sell
AAPL,1736945847586,151.48,7,buy
NVDA,1736945847772,498.66,79,buy
AAPL,1736945848728,151.85,56,sell
MSFT,1736945850317,299.79,78,sell
TSLA,1736945851453,198.93,3,buy
MSFT,1736945852239,300.1,21,sell
AAPL,1736945852686,150.72,92,sell
TSLA,1736945855092,195.52,42,buy
AAPL,1736945857388,149.43,85,sell
MSFT,1736945858627,299.35,33,buy
MSFT,1736945859509,299.39,16,buy
MSFT,1736945861705,296.81,6,sell
MSFT,1736945862608,297.96,5,buy
AAPL,1736945864339,152.39,20,sell
NVDA,1736945864934,500.1,4,buy
MSFT,1736945865156,301.45,93,buy
NVDA,1736945865284,498.8,51,buy
NVDA,1736945866303,499.31,76,buy
MSFT,1736945866321,299.93,49,buy
AAPL,1736945866557,152.79,73,sell
TSLA,1736945866741,193.65,66,sell
MSFT,1736945868500,297.02,64,buy
AAPL,1736945869826,152.22,54,buy
NVDA,1736945869841,499.56,60,buy
AAPL,1736945869850,150.29,18,buy
AAPL,1736945871164,149.23,78,sell
SPY,1736945871748,398.93,11,buy
SPY,1736945873288,401.71,67,sell
AAPL,1736945873519,152.53,6,sell
TSLA,1736945874041,199.78,73,sell
AAPL,1736945874160,152.55,17,buy
AAPL,1736945875163,151.99,5,buy
NVDA,1736945875799,499.77,10,buy
TSLA,1736945876512,195.53,18,sell
TSLA,1736945876545,195.17,82,sell
NVDA,1736945876897,501.03,40,sell
AAPL,1736945877632,152.38,94,sell
AAPL,1736945878444,152.69,52,buy
MSFT,1736945878787,299.49,78,buy
NVDA,1736945878900,500.72,20,buy
TSLA,1736945878984,198.76,12,sell
AAPL,1736945880231,151.65,44,buy
MSFT,1736945881494,300.14,32,sell
AAPL,1736945882894,150.76,95,sell
SPY,1736945883894,399.65,38,buy
TSLA,1736945884151,197.8,83,buy
MSFT,1736945884817,302.88,5,sell
NVDA,1736945885968,500.32,54,sell
MSFT,1736945886248,301.72,62,buy
NVDA,1736945887019,502.03,31,sell
TSLA,1736945887588,193.06,47,sell
NVDA,1736945889470,500.11,57,buy
TSLA,1736945889616,194.04,89,sell
MSFT,1736945891582,297.84,12,sell
MSFT,1736945892252,299.03,1,buy
TSLA,1736945892764,200.33,93,sell
TSLA,1736945893040,198.56,51,sell
MSFT,1736945893135,296.99,7,sell
TSLA,1736945893388,195.5,48,buy
AAPL,1736945893883,150.2,12,buy
SPY,1736945894262,400.18,86,sell
AAPL,1736945894290,152.0,35,sell
AAPL,1736945895318,150.95,40,sell
AAPL,1736945895420,150.28,58,sell
TSLA,1736945897681,196.9,64,buy
MSFT,1736945898118,300.02,20,buy
TSLA,1736945898631,195.42,30,sell
MSFT,1736945899331,297.52,86,buy
SPY,1736945900063,400.22,42,sell
AAPL,1736945900358,152.61,52,sell
TSLA,1736945901318,194.17,25,buy
AAPL,1736945901485,152.31,15,sell
TSLA,1736945901889,199.1,56,buy
MSFT,1736945904172,297.04,39,buy
SPY,1736945904503,400.68,25,sell
MSFT,1736945905359,299.44,81,buy
AAPL,1736945905890,149.38,62,buy
SPY,1736945907009,400.61,8,buy
TSLA,1736945907242,198.52,57,buy
SPY,1736945907328,399.24,91,sell
SPY,1736945908535,400.72,19,sell
SPY,1736945909590,399.98,41,sell
AAPL,1736945910364,152.74,27,buy
SPY,1736945910763,399.49,10,sell
TSLA,1736945912048,198.55,37,buy
AAPL,1736945912270,150.08,41,buy
NVDA,1736945912376,500.6,27,sell
SPY,1736945912824,399.8,81,sell
NVDA,1736945914281,499.52,12,buy
SPY,1736945915556,400.7,46,sell
SPY,1736945916689,399.44,20,buy
TSLA,1736945917499,195.34,99,buy
AAPL,1736945917655,152.2,7,buy
AAPL,1736945917943,152.6,57,sell
AAPL,1736945920220,151.79,97,sell
SPY,1736945921706,400.28,48,buy
TSLA,1736945923198,198.68,15,sell
AAPL,1736945925182,151.76,69,sell
SPY,1736945925591,399.54,86,buy
TSLA,1736945926695,198.11,84,sell
TSLA,1736945927626,193.77,91,sell
AAPL,1736945928558,151.54,33,sell
MSFT,1736945928750,298.54,36,sell
TSLA,1736945929049,200.01,12,sell
SPY,1736945929126,399.6,41,sell
AAPL,1736945929142,151.24,18,buy
NVDA,1736945930793,501.48,48,buy
MSFT,1736945930973,298.55,88,buy
NVDA,1736945931641,499.13,53,sell
AAPL,1736945931785,149.78,60,buy
NVDA,1736945932706,499.59,37,sell
MSFT,1736945935085,299.05,66,sell
MSFT,1736945935244,301.78,55,sell
AAPL,1736945936257,151.68,19,buy
SPY,1736945937083,400.24,20,sell
MSFT,1736945937549,301.57,85,sell
TSLA,1736945937972,198.24,28,sell
MSFT,1736945938659,296.77,79,buy
TSLA,1736945939151,196.94,5,buy
MSFT,1736945939742,297.4,88,buy
NVDA,1736945940229,502.63,39,sell
SPY,1736945940277,401.17,97,buy
AAPL,1736945940335,152.44,70,sell
NVDA,1736945940836,499.57,74,buy
AAPL,1736945941324,152.06,50,buy
SPY,1736945941804,400.27,2,buy
AAPL,1736945942760,152.1,18,sell
NVDA,1736945943229,499.54,15,buy
MSFT,1736945943849,300.32,11,buy
AAPL,1736945944798,151.84,66,sell
TSLA,1736945945788,200.14,29,buy
NVDA,1736945946761,499.43,88,sell
SPY,1736945947648,399.67,28,buy
TSLA,1736945947666,198.14,47,buy
TSLA,1736945947957,197.86,70,buy
TSLA,1736945948089,199.89,58,buy
SPY,1736945949267,399.44,8,buy
AAPL,1736945949329,151.95,25,buy
SPY,1736945949664,398.82,99,buy
AAPL,1736945949674,149.72,10,buy
AAPL,1736945949760,150.37,93,sell
AAPL,1736945952693,149.64,92,buy
NVDA,1736945953009,500.43,9,sell
TSLA,1736945953610,198.39,71,buy
MSFT,1736945953724,299.16,32,sell
SPY,1736945954047,399.71,84,sell
TSLA,1736945954165,194.89,60,sell
TSLA,1736945954276,198.8,73,sell
TSLA,1736945954547,195.36,39,buy
TSLA,1736945955187,198.49,98,sell
SPY,1736945955414,399.71,23,sell
AAPL,1736945956422,152.36,52,sell
NVDA,1736945956651,500.38,41,buy
TSLA,1736945957180,195.54,60,sell
SPY,1736945957342,399.59,71,buy
TSLA,1736945958489,196.07,61,buy
NVDA,1736945958763,500.32,20,buy
AAPL,1736945959893,149.15,74,sell
SPY,1736945960806,399.91,65,sell
SPY,1736945962518,399.97,5,buy
SPY,1736945964531,399.16,22,sell
SPY,1736945964566,400.76,45,buy
MSFT,1736945966497,301.37,34,buy
MSFT,1736945966979,297.39,57,buy
MSFT,1736945967491,298.95,75,sell
AAPL,1736945967498,150.88,12,sell
MSFT,1736945967646,299.45,45,buy
NVDA,1736945967872,501.17,79,buy
MSFT,1736945967961,299.05,44,sell
AAPL,1736945968548,150.61,67,buy
SPY,1736945970209,400.4,91,sell
NVDA,1736945970474,502.73,98,buy
SPY,1736945970617,400.39,22,buy
SPY,1736945971313,399.62,15,sell
AAPL,1736945971508,151.8,25,buy
MSFT,1736945971576,299.33,59,buy
SPY,1736945971619,400.35,33,sell
SPY,1736945972023,399.64,20,buy
AAPL,1736945973286,152.1,40,sell
AAPL,1736945973556,149.46,49,buy
TSLA,1736945973588,198.64,13,buy
TSLA,1736945974094,198.96,26,sell
TSLA,1736945978265,198.4,89,buy
NVDA,1736945978437,502.14,16,buy
TSLA,1736945978552,195.12,78,sell
AAPL,1736945979483,151.76,69,buy
MSFT,1736945979677,298.5,16,buy
AAPL,1736945980568,151.31,16,buy
TSLA,1736945981518,197.96,35,buy
MSFT,1736945981676,299.05,66,buy
MSFT,1736945981728,296.71,19,sell
NVDA,1736945982971,503.32,6,sell
TSLA,1736945983166,195.21,83,buy
NVDA,1736945983283,500.08,49,buy
NVDA,1736945984253,500.29,2,buy
AAPL,1736945984559,151.7,52,sell
MSFT,1736945984653,300.39,38,sell
NVDA,1736945984922,501.35,100,sell
AAPL,1736945986035,151.77,51,sell
NVDA,1736945987026,502.74,73,sell
NVDA,1736945988985,501.27,29,buy
AAPL,1736945989045,151.95,53,buy
AAPL,1736945990911,152.32,62,sell
MSFT,1736945991353,302.94,30,buy
AAPL,1736945991486,151.09,33,buy
AAPL,1736945991966,152.63,48,sell
MSFT,1736945992656,298.61,68,sell
MSFT,1736945993597,297.44,56,buy
NVDA,1736945994228,501.53,52,sell
MSFT,1736945995137,299.4,31,buy
MSFT,1736945995808,299.46,69,buy
NVDA,1736945995924,502.17,13,buy
SPY,1736945996883,399.65,11,buy
MSFT,1736945997328,297.46,16,sell
NVDA,1736945997625,501.45,66,buy
SPY,1736945997655,401.01,26,buy
TSLA,1736945998841,193.93,14,sell
TSLA,1736945999413,198.0,98,sell
TSLA,1736945999731,194.97,16,sell
